ISO-10303-21;
HEADER;
FILE_DESCRIPTION(('Open CASCADE Model'),'2;1');
FILE_NAME('Open CASCADE Shape Model','2026-09-04T22:54:16',('Author'),(
    'Open CASCADE'),'Open CASCADE STEP processor 7.9','Open CASCADE 7.9'
  ,'Unknown');
FILE_SCHEMA(('AUTOMOTIVE_DESIGN { 1 0 10303 214 1 1 1 1 }'));
ENDSEC;
DATA;
#1 = APPLICATION_PROTOCOL_DEFINITION('international standard',
  'automotive_design',2000,#2);
#2 = APPLICATION_CONTEXT(
  'core data for automotive mechanical design processes');
#3 = SHAPE_DEFINITION_REPRESENTATION(#4,#10);
#4 = PRODUCT_DEFINITION_SHAPE('','',#5);
#5 = PRODUCT_DEFINITION('design','',#6,#9);
#6 = PRODUCT_DEFINITION_FORMATION('','',#7);
#7 = PRODUCT('d435_tool_bracket_ur20','d435_tool_bracket_ur20','',(#8));
#8 = PRODUCT_CONTEXT('',#2,'mechanical');
#9 = PRODUCT_DEFINITION_CONTEXT('part definition',#2,'design');
#10 = SHAPE_REPRESENTATION('',(#11,#15,#19,#23,#27,#31,#35,#39,#43,#47,
    #51,#55,#59,#63),#67);
#11 = AXIS2_PLACEMENT_3D('',#12,#13,#14);
#12 = CARTESIAN_POINT('',(0.,0.,0.));
#13 = DIRECTION('',(0.,0.,1.));
#14 = DIRECTION('',(1.,0.,-0.));
#15 = AXIS2_PLACEMENT_3D('',#16,#17,#18);
#16 = CARTESIAN_POINT('',(0.,0.,0.));
#17 = DIRECTION('',(0.,0.,1.));
#18 = DIRECTION('',(1.,0.,-0.));
#19 = AXIS2_PLACEMENT_3D('',#20,#21,#22);
#20 = CARTESIAN_POINT('',(0.,0.,0.));
#21 = DIRECTION('',(0.,0.,1.));
#22 = DIRECTION('',(1.,0.,-0.));
#23 = AXIS2_PLACEMENT_3D('',#24,#25,#26);
#24 = CARTESIAN_POINT('',(0.,0.,0.));
#25 = DIRECTION('',(0.,0.,1.));
#26 = DIRECTION('',(1.,0.,-0.));
#27 = AXIS2_PLACEMENT_3D('',#28,#29,#30);
#28 = CARTESIAN_POINT('',(0.,0.,0.));
#29 = DIRECTION('',(0.,0.,1.));
#30 = DIRECTION('',(1.,0.,-0.));
#31 = AXIS2_PLACEMENT_3D('',#32,#33,#34);
#32 = CARTESIAN_POINT('',(0.,0.,0.));
#33 = DIRECTION('',(0.,0.,1.));
#34 = DIRECTION('',(1.,0.,-0.));
#35 = AXIS2_PLACEMENT_3D('',#36,#37,#38);
#36 = CARTESIAN_POINT('',(0.,0.,0.));
#37 = DIRECTION('',(0.,0.,1.));
#38 = DIRECTION('',(1.,0.,-0.));
#39 = AXIS2_PLACEMENT_3D('',#40,#41,#42);
#40 = CARTESIAN_POINT('',(0.,0.,0.));
#41 = DIRECTION('',(0.,0.,1.));
#42 = DIRECTION('',(1.,0.,-0.));
#43 = AXIS2_PLACEMENT_3D('',#44,#45,#46);
#44 = CARTESIAN_POINT('',(0.,0.,0.));
#45 = DIRECTION('',(0.,0.,1.));
#46 = DIRECTION('',(1.,0.,-0.));
#47 = AXIS2_PLACEMENT_3D('',#48,#49,#50);
#48 = CARTESIAN_POINT('',(0.,0.,0.));
#49 = DIRECTION('',(0.,0.,1.));
#50 = DIRECTION('',(1.,0.,-0.));
#51 = AXIS2_PLACEMENT_3D('',#52,#53,#54);
#52 = CARTESIAN_POINT('',(0.,0.,0.));
#53 = DIRECTION('',(0.,0.,1.));
#54 = DIRECTION('',(1.,0.,-0.));
#55 = AXIS2_PLACEMENT_3D('',#56,#57,#58);
#56 = CARTESIAN_POINT('',(0.,0.,0.));
#57 = DIRECTION('',(0.,0.,1.));
#58 = DIRECTION('',(1.,0.,-0.));
#59 = AXIS2_PLACEMENT_3D('',#60,#61,#62);
#60 = CARTESIAN_POINT('',(0.,0.,0.));
#61 = DIRECTION('',(0.,0.,1.));
#62 = DIRECTION('',(1.,0.,-0.));
#63 = AXIS2_PLACEMENT_3D('',#64,#65,#66);
#64 = CARTESIAN_POINT('',(0.,0.,0.));
#65 = DIRECTION('',(0.,0.,1.));
#66 = DIRECTION('',(1.,0.,-0.));
#67 = ( GEOMETRIC_REPRESENTATION_CONTEXT(3) 
GLOBAL_UNCERTAINTY_ASSIGNED_CONTEXT((#71)) GLOBAL_UNIT_ASSIGNED_CONTEXT(
(#68,#69,#70)) REPRESENTATION_CONTEXT('Context #1',
  '3D Context with UNIT and UNCERTAINTY') );
#68 = ( LENGTH_UNIT() NAMED_UNIT(*) SI_UNIT(.MILLI.,.METRE.) );
#69 = ( NAMED_UNIT(*) PLANE_ANGLE_UNIT() SI_UNIT($,.RADIAN.) );
#70 = ( NAMED_UNIT(*) SI_UNIT($,.STERADIAN.) SOLID_ANGLE_UNIT() );
#71 = UNCERTAINTY_MEASURE_WITH_UNIT(LENGTH_MEASURE(1.E-07),#68,
  'distance_accuracy_value','confusion accuracy');
#72 = PRODUCT_RELATED_PRODUCT_CATEGORY('part',$,(#7));
#73 = SHAPE_DEFINITION_REPRESENTATION(#74,#80);
#74 = PRODUCT_DEFINITION_SHAPE('','',#75);
#75 = PRODUCT_DEFINITION('design','',#76,#79);
#76 = PRODUCT_DEFINITION_FORMATION('','',#77);
#77 = PRODUCT('ur_flange_ur20','ur_flange_ur20','',(#78));
#78 = PRODUCT_CONTEXT('',#2,'mechanical');
#79 = PRODUCT_DEFINITION_CONTEXT('part definition',#2,'design');
#80 = ADVANCED_BREP_SHAPE_REPRESENTATION('',(#11,#81),#1129);
#81 = MANIFOLD_SOLID_BREP('',#82);
#82 = CLOSED_SHELL('',(#83,#342,#346,#598,#653,#708,#763,#818,#873,#928,
    #983,#1038,#1093,#1097,#1101,#1105,#1109,#1113,#1117,#1121,#1125));
#83 = ADVANCED_FACE('',(#84,#171),#97,.T.);
#84 = FACE_BOUND('',#85,.F.);
#85 = EDGE_LOOP('',(#86,#120,#143,#170));
#86 = ORIENTED_EDGE('',*,*,#87,.F.);
#87 = EDGE_CURVE('',#88,#88,#90,.T.);
#88 = VERTEX_POINT('',#89);
#89 = CARTESIAN_POINT('',(50.,0.,-56.5));
#90 = SURFACE_CURVE('',#91,(#96,#108),.PCURVE_S1.);
#91 = CIRCLE('',#92,50.);
#92 = AXIS2_PLACEMENT_3D('',#93,#94,#95);
#93 = CARTESIAN_POINT('',(0.,0.,-56.5));
#94 = DIRECTION('',(0.,0.,1.));
#95 = DIRECTION('',(1.,0.,0.));
#96 = PCURVE('',#97,#102);
#97 = CYLINDRICAL_SURFACE('',#98,50.);
#98 = AXIS2_PLACEMENT_3D('',#99,#100,#101);
#99 = CARTESIAN_POINT('',(0.,0.,-56.5));
#100 = DIRECTION('',(-0.,-0.,-1.));
#101 = DIRECTION('',(1.,0.,0.));
#102 = DEFINITIONAL_REPRESENTATION('',(#103),#107);
#103 = LINE('',#104,#105);
#104 = CARTESIAN_POINT('',(-0.,0.));
#105 = VECTOR('',#106,1.);
#106 = DIRECTION('',(-1.,0.));
#107 = ( GEOMETRIC_REPRESENTATION_CONTEXT(2) 
PARAMETRIC_REPRESENTATION_CONTEXT() REPRESENTATION_CONTEXT('2D SPACE',''
  ) );
#108 = PCURVE('',#109,#114);
#109 = PLANE('',#110);
#110 = AXIS2_PLACEMENT_3D('',#111,#112,#113);
#111 = CARTESIAN_POINT('',(-1.75032336965E-15,3.209892110372E-15,-56.5)
  );
#112 = DIRECTION('',(0.,0.,1.));
#113 = DIRECTION('',(1.,0.,-0.));
#114 = DEFINITIONAL_REPRESENTATION('',(#115),#119);
#115 = CIRCLE('',#116,50.);
#116 = AXIS2_PLACEMENT_2D('',#117,#118);
#117 = CARTESIAN_POINT('',(1.75032336965E-15,-3.209892110372E-15));
#118 = DIRECTION('',(1.,0.));
#119 = ( GEOMETRIC_REPRESENTATION_CONTEXT(2) 
PARAMETRIC_REPRESENTATION_CONTEXT() REPRESENTATION_CONTEXT('2D SPACE',''
  ) );
#120 = ORIENTED_EDGE('',*,*,#121,.T.);
#121 = EDGE_CURVE('',#88,#122,#124,.T.);
#122 = VERTEX_POINT('',#123);
#123 = CARTESIAN_POINT('',(50.,0.,0.));
#124 = SEAM_CURVE('',#125,(#129,#136),.PCURVE_S1.);
#125 = LINE('',#126,#127);
#126 = CARTESIAN_POINT('',(50.,0.,-56.5));
#127 = VECTOR('',#128,1.);
#128 = DIRECTION('',(0.,0.,1.));
#129 = PCURVE('',#97,#130);
#130 = DEFINITIONAL_REPRESENTATION('',(#131),#135);
#131 = LINE('',#132,#133);
#132 = CARTESIAN_POINT('',(-6.28318530718,0.));
#133 = VECTOR('',#134,1.);
#134 = DIRECTION('',(-0.,-1.));
#135 = ( GEOMETRIC_REPRESENTATION_CONTEXT(2) 
PARAMETRIC_REPRESENTATION_CONTEXT() REPRESENTATION_CONTEXT('2D SPACE',''
  ) );
#136 = PCURVE('',#97,#137);
#137 = DEFINITIONAL_REPRESENTATION('',(#138),#142);
#138 = LINE('',#139,#140);
#139 = CARTESIAN_POINT('',(-0.,0.));
#140 = VECTOR('',#141,1.);
#141 = DIRECTION('',(-0.,-1.));
#142 = ( GEOMETRIC_REPRESENTATION_CONTEXT(2) 
PARAMETRIC_REPRESENTATION_CONTEXT() REPRESENTATION_CONTEXT('2D SPACE',''
  ) );
#143 = ORIENTED_EDGE('',*,*,#144,.T.);
#144 = EDGE_CURVE('',#122,#122,#145,.T.);
#145 = SURFACE_CURVE('',#146,(#151,#158),.PCURVE_S1.);
#146 = CIRCLE('',#147,50.);
#147 = AXIS2_PLACEMENT_3D('',#148,#149,#150);
#148 = CARTESIAN_POINT('',(0.,0.,0.));
#149 = DIRECTION('',(0.,0.,1.));
#150 = DIRECTION('',(1.,0.,0.));
#151 = PCURVE('',#97,#152);
#152 = DEFINITIONAL_REPRESENTATION('',(#153),#157);
#153 = LINE('',#154,#155);
#154 = CARTESIAN_POINT('',(-0.,-56.5));
#155 = VECTOR('',#156,1.);
#156 = DIRECTION('',(-1.,0.));
#157 = ( GEOMETRIC_REPRESENTATION_CONTEXT(2) 
PARAMETRIC_REPRESENTATION_CONTEXT() REPRESENTATION_CONTEXT('2D SPACE',''
  ) );
#158 = PCURVE('',#159,#164);
#159 = PLANE('',#160);
#160 = AXIS2_PLACEMENT_3D('',#161,#162,#163);
#161 = CARTESIAN_POINT('',(-1.75032336965E-15,3.209892110372E-15,
    7.105427357601E-15));
#162 = DIRECTION('',(0.,0.,1.));
#163 = DIRECTION('',(1.,0.,-0.));
#164 = DEFINITIONAL_REPRESENTATION('',(#165),#169);
#165 = CIRCLE('',#166,50.);
#166 = AXIS2_PLACEMENT_2D('',#167,#168);
#167 = CARTESIAN_POINT('',(1.75032336965E-15,-3.209892110372E-15));
#168 = DIRECTION('',(1.,0.));
#169 = ( GEOMETRIC_REPRESENTATION_CONTEXT(2) 
PARAMETRIC_REPRESENTATION_CONTEXT() REPRESENTATION_CONTEXT('2D SPACE',''
  ) );
#170 = ORIENTED_EDGE('',*,*,#121,.F.);
#171 = FACE_BOUND('',#172,.F.);
#172 = EDGE_LOOP('',(#173));
#173 = ORIENTED_EDGE('',*,*,#174,.T.);
#174 = EDGE_CURVE('',#175,#175,#177,.T.);
#175 = VERTEX_POINT('',#176);
#176 = CARTESIAN_POINT('',(5.,49.749371855331,-17.6));
#177 = SURFACE_CURVE('',#178,(#229,#283),.PCURVE_S1.);
#178 = B_SPLINE_CURVE_WITH_KNOTS('',7,(#179,#180,#181,#182,#183,#184,
    #185,#186,#187,#188,#189,#190,#191,#192,#193,#194,#195,#196,#197,
    #198,#199,#200,#201,#202,#203,#204,#205,#206,#207,#208,#209,#210,
    #211,#212,#213,#214,#215,#216,#217,#218,#219,#220,#221,#222,#223,
    #224,#225,#226,#227,#228),.UNSPECIFIED.,.T.,.F.,(8,6,6,6,6,6,6,6,8),
  (0.,0.134003464697,0.250117810622,0.366232155869,0.500235619085,
    0.634239083702,0.750353428875,0.861266199069,1.),.UNSPECIFIED.);
#179 = CARTESIAN_POINT('',(5.,49.749371855331,-17.6));
#180 = CARTESIAN_POINT('',(5.,49.749371855331,-18.1160990884));
#181 = CARTESIAN_POINT('',(4.937849511696,49.755618095493,
    -18.63141775728));
#182 = CARTESIAN_POINT('',(4.813888809815,49.768077199496,
    -19.14212221318));
#183 = CARTESIAN_POINT('',(4.626349914535,49.786430130569,
    -19.64402507935));
#184 = CARTESIAN_POINT('',(4.371956294908,49.810038008387,
    -20.13121885417));
#185 = CARTESIAN_POINT('',(4.04628053028,49.83763263619,-20.59524812525)
  );
#186 = CARTESIAN_POINT('',(3.296996606096,49.892398789765,-21.3931544622
    ));
#187 = CARTESIAN_POINT('',(2.882524135373,49.91984711492,-21.74651136016
    ));
#188 = CARTESIAN_POINT('',(2.402090921081,49.947314877049,
    -22.06140899539));
#189 = CARTESIAN_POINT('',(1.861533782608,49.971896202584,
    -22.31895493278));
#190 = CARTESIAN_POINT('',(1.271249923309,49.990290683408,
    -22.50290835784));
#191 = CARTESIAN_POINT('',(0.64506291822,50.,-22.6));
#192 = CARTESIAN_POINT('',(-0.645062914456,50.,-22.6));
#193 = CARTESIAN_POINT('',(-1.271249937504,49.990290683224,
    -22.50290835551));
#194 = CARTESIAN_POINT('',(-1.861533758609,49.971896203155,
    -22.31895494015));
#195 = CARTESIAN_POINT('',(-2.402090942712,49.947314876301,
    -22.06140898544));
#196 = CARTESIAN_POINT('',(-2.882524125211,49.919847115409,
    -21.74651136693));
#197 = CARTESIAN_POINT('',(-3.296996608028,49.892398789624,
    -21.39315446014));
#198 = CARTESIAN_POINT('',(-4.046280525957,49.837632636506,
    -20.59524812985));
#199 = CARTESIAN_POINT('',(-4.371956308009,49.810038007403,
    -20.13121883513));
#200 = CARTESIAN_POINT('',(-4.626349896515,49.786430131952,
    -19.64402511494));
#201 = CARTESIAN_POINT('',(-4.813888822536,49.768077198504,
    -19.14212217666));
#202 = CARTESIAN_POINT('',(-4.937849507786,49.755618095802,
    -18.63141777795));
#203 = CARTESIAN_POINT('',(-5.,49.749371855331,-18.116099083));
#204 = CARTESIAN_POINT('',(-5.,49.749371855331,-17.08390091159));
#205 = CARTESIAN_POINT('',(-4.937849511695,49.755618095493,
    -16.56858224272));
#206 = CARTESIAN_POINT('',(-4.813888809817,49.768077199496,
    -16.05787778681));
#207 = CARTESIAN_POINT('',(-4.626349914533,49.786430130569,
    -15.55597492064));
#208 = CARTESIAN_POINT('',(-4.371956294909,49.810038008387,
    -15.06878114583));
#209 = CARTESIAN_POINT('',(-4.04628053028,49.83763263619,-14.60475187474
    ));
#210 = CARTESIAN_POINT('',(-3.296996608145,49.892398789615,
    -13.80684553997));
#211 = CARTESIAN_POINT('',(-2.882524125104,49.919847115419,
    -13.45348863289));
#212 = CARTESIAN_POINT('',(-2.402090942561,49.947314876307,
    -13.13859101455));
#213 = CARTESIAN_POINT('',(-1.86153375875,49.971896203141,
    -12.88104505996));
#214 = CARTESIAN_POINT('',(-1.271249937666,49.990290683229,
    -12.69709164443));
#215 = CARTESIAN_POINT('',(-0.645062914285,50.,-12.6));
#216 = CARTESIAN_POINT('',(0.616166027257,50.,-12.6));
#217 = CARTESIAN_POINT('',(1.216208428589,49.991141096702,
    -12.68858767093));
#218 = CARTESIAN_POINT('',(1.784721075068,49.974259043959,
    -12.85741582141));
#219 = CARTESIAN_POINT('',(2.308817231584,49.951469796896,
    -13.09507475058));
#220 = CARTESIAN_POINT('',(2.778543149939,49.925664214845,
    -13.38722022859));
#221 = CARTESIAN_POINT('',(3.187924156389,49.899484759963,
    -13.71685634452));
#222 = CARTESIAN_POINT('',(3.970337055385,49.844020980097,
    -14.49926924352));
#223 = CARTESIAN_POINT('',(4.322600201162,49.814604898402,
    -14.97630097096));
#224 = CARTESIAN_POINT('',(4.597270247418,49.78927234976,-15.47969229235
    ));
#225 = CARTESIAN_POINT('',(4.799467210907,49.769526893711,
    -15.99962274693));
#226 = CARTESIAN_POINT('',(4.933014328132,49.75610398192,-16.52933924698
    ));
#227 = CARTESIAN_POINT('',(5.,49.749371855331,-17.06420150496));
#228 = CARTESIAN_POINT('',(5.,49.749371855331,-17.6));
#229 = PCURVE('',#97,#230);
#230 = DEFINITIONAL_REPRESENTATION('',(#231),#282);
#231 = B_SPLINE_CURVE_WITH_KNOTS('',7,(#232,#233,#234,#235,#236,#237,
    #238,#239,#240,#241,#242,#243,#244,#245,#246,#247,#248,#249,#250,
    #251,#252,#253,#254,#255,#256,#257,#258,#259,#260,#261,#262,#263,
    #264,#265,#266,#267,#268,#269,#270,#271,#272,#273,#274,#275,#276,
    #277,#278,#279,#280,#281),.UNSPECIFIED.,.T.,.F.,(8,6,6,6,6,6,6,6,8),
  (0.,0.134003464697,0.250117810622,0.366232155869,0.500235619085,
    0.634239083702,0.750353428875,0.861266199069,1.),.UNSPECIFIED.);
#232 = CARTESIAN_POINT('',(-1.470628905633,-38.9));
#233 = CARTESIAN_POINT('',(-1.470628905633,-38.38390091159));
#234 = CARTESIAN_POINT('',(-1.471878176777,-37.86858224272));
#235 = CARTESIAN_POINT('',(-1.474369884293,-37.35787778681));
#236 = CARTESIAN_POINT('',(-1.478138559361,-36.85597492064));
#237 = CARTESIAN_POINT('',(-1.483248164379,-36.36878114583));
#238 = CARTESIAN_POINT('',(-1.489784581979,-35.90475187474));
#239 = CARTESIAN_POINT('',(-1.504810236449,-35.10684553779));
#240 = CARTESIAN_POINT('',(-1.513117646861,-34.75348863983));
#241 = CARTESIAN_POINT('',(-1.522741361803,-34.4385910046));
#242 = CARTESIAN_POINT('',(-1.53356215925,-34.18104506722));
#243 = CARTESIAN_POINT('',(-1.545371325007,-33.99709164215));
#244 = CARTESIAN_POINT('',(-1.55789506843,-33.9));
#245 = CARTESIAN_POINT('',(-1.583697585084,-33.9));
#246 = CARTESIAN_POINT('',(-1.596221328867,-33.99709164448));
#247 = CARTESIAN_POINT('',(-1.60803049386,-34.18104505984));
#248 = CARTESIAN_POINT('',(-1.61885129222,-34.43859101455));
#249 = CARTESIAN_POINT('',(-1.628475006525,-34.75348863306));
#250 = CARTESIAN_POINT('',(-1.63678241718,-35.10684553985));
#251 = CARTESIAN_POINT('',(-1.651808071524,-35.90475187014));
#252 = CARTESIAN_POINT('',(-1.658344489474,-36.36878116486));
#253 = CARTESIAN_POINT('',(-1.663454093867,-36.85597488505));
#254 = CARTESIAN_POINT('',(-1.667222769552,-37.35787782333));
#255 = CARTESIAN_POINT('',(-1.669714476734,-37.86858222204));
#256 = CARTESIAN_POINT('',(-1.670963747956,-38.38390091699));
#257 = CARTESIAN_POINT('',(-1.670963747956,-39.4160990884));
#258 = CARTESIAN_POINT('',(-1.669714476812,-39.93141775727));
#259 = CARTESIAN_POINT('',(-1.667222769296,-40.44212221318));
#260 = CARTESIAN_POINT('',(-1.663454094228,-40.94402507935));
#261 = CARTESIAN_POINT('',(-1.658344489211,-41.43121885416));
#262 = CARTESIAN_POINT('',(-1.651808071611,-41.89524812525));
#263 = CARTESIAN_POINT('',(-1.636782417182,-42.69315446002));
#264 = CARTESIAN_POINT('',(-1.628475006523,-43.0465113671));
#265 = CARTESIAN_POINT('',(-1.618851292217,-43.36140898544));
#266 = CARTESIAN_POINT('',(-1.608030493863,-43.61895494003));
#267 = CARTESIAN_POINT('',(-1.59622132887,-43.80290835556));
#268 = CARTESIAN_POINT('',(-1.583697585081,-43.9));
#269 = CARTESIAN_POINT('',(-1.55847300625,-43.9));
#270 = CARTESIAN_POINT('',(-1.546472155345,-43.81141232906));
#271 = CARTESIAN_POINT('',(-1.535098861777,-43.64258417858));
#272 = CARTESIAN_POINT('',(-1.524608440319,-43.40492524941));
#273 = CARTESIAN_POINT('',(-1.515200377376,-43.1127797714));
#274 = CARTESIAN_POINT('',(-1.506996231061,-42.78314365547));
#275 = CARTESIAN_POINT('',(-1.491308705119,-42.00073075648));
#276 = CARTESIAN_POINT('',(-1.484239476377,-41.52369902903));
#277 = CARTESIAN_POINT('',(-1.478722920432,-41.02030770764));
#278 = CARTESIAN_POINT('',(-1.474659770324,-40.50037725306));
#279 = CARTESIAN_POINT('',(-1.471975367403,-39.97066075301));
#280 = CARTESIAN_POINT('',(-1.470628905633,-39.43579849503));
#281 = CARTESIAN_POINT('',(-1.470628905633,-38.9));
#282 = ( GEOMETRIC_REPRESENTATION_CONTEXT(2) 
PARAMETRIC_REPRESENTATION_CONTEXT() REPRESENTATION_CONTEXT('2D SPACE',''
  ) );
#283 = PCURVE('',#284,#289);
#284 = CYLINDRICAL_SURFACE('',#285,5.);
#285 = AXIS2_PLACEMENT_3D('',#286,#287,#288);
#286 = CARTESIAN_POINT('',(3.000384657911E-15,49.,-17.6));
#287 = DIRECTION('',(6.123233995737E-17,1.,0.));
#288 = DIRECTION('',(1.,-6.123233995737E-17,0.));
#289 = DEFINITIONAL_REPRESENTATION('',(#290),#341);
#290 = B_SPLINE_CURVE_WITH_KNOTS('',7,(#291,#292,#293,#294,#295,#296,
    #297,#298,#299,#300,#301,#302,#303,#304,#305,#306,#307,#308,#309,
    #310,#311,#312,#313,#314,#315,#316,#317,#318,#319,#320,#321,#322,
    #323,#324,#325,#326,#327,#328,#329,#330,#331,#332,#333,#334,#335,
    #336,#337,#338,#339,#340),.UNSPECIFIED.,.F.,.F.,(8,6,6,6,6,6,6,6,8),
  (0.,0.134003464697,0.250117810622,0.366232155869,0.500235619085,
    0.634239083702,0.750353428875,0.861266199069,1.),.UNSPECIFIED.);
#291 = CARTESIAN_POINT('',(0.,0.749371855331));
#292 = CARTESIAN_POINT('',(0.103219817681,0.749371855331));
#293 = CARTESIAN_POINT('',(0.206283331142,0.755618095493));
#294 = CARTESIAN_POINT('',(0.310221534997,0.768077199496));
#295 = CARTESIAN_POINT('',(0.415963900552,0.786430130569));
#296 = CARTESIAN_POINT('',(0.52445571578,0.810038008387));
#297 = CARTESIAN_POINT('',(0.636696694436,0.83763263619));
#298 = CARTESIAN_POINT('',(0.855610460251,0.892398789765));
#299 = CARTESIAN_POINT('',(0.963873010463,0.91984711492));
#300 = CARTESIAN_POINT('',(1.077272467325,0.947314877049));
#301 = CARTESIAN_POINT('',(1.194982193422,0.971896202584));
#302 = CARTESIAN_POINT('',(1.3165463861,0.990290683408));
#303 = CARTESIAN_POINT('',(1.441783743151,1.));
#304 = CARTESIAN_POINT('',(1.699808909686,1.));
#305 = CARTESIAN_POINT('',(1.825046270481,0.990290683224));
#306 = CARTESIAN_POINT('',(1.946610454857,0.971896203155));
#307 = CARTESIAN_POINT('',(2.064320191329,0.947314876301));
#308 = CARTESIAN_POINT('',(2.177719640554,0.919847115409));
#309 = CARTESIAN_POINT('',(2.285982193903,0.892398789624));
#310 = CARTESIAN_POINT('',(2.504895957891,0.837632636506));
#311 = CARTESIAN_POINT('',(2.617136942602,0.810038007403));
#312 = CARTESIAN_POINT('',(2.725628744626,0.786430131952));
#313 = CARTESIAN_POINT('',(2.831371126775,0.768077198504));
#314 = CARTESIAN_POINT('',(2.935309318051,0.755618095802));
#315 = CARTESIAN_POINT('',(3.038372836989,0.749371855331));
#316 = CARTESIAN_POINT('',(3.244812471271,0.749371855331));
#317 = CARTESIAN_POINT('',(3.347875984731,0.755618095493));
#318 = CARTESIAN_POINT('',(3.451814188586,0.768077199496));
#319 = CARTESIAN_POINT('',(3.557556554143,0.786430130569));
#320 = CARTESIAN_POINT('',(3.666048369369,0.810038008387));
#321 = CARTESIAN_POINT('',(3.778289348026,0.83763263619));
#322 = CARTESIAN_POINT('',(3.997203113243,0.892398789615));
#323 = CARTESIAN_POINT('',(4.105465666666,0.919847115419));
#324 = CARTESIAN_POINT('',(4.21886511587,0.947314876307));
#325 = CARTESIAN_POINT('',(4.336574852296,0.971896203141));
#326 = CARTESIAN_POINT('',(4.458139036666,0.990290683229));
#327 = CARTESIAN_POINT('',(4.583376397528,1.));
#328 = CARTESIAN_POINT('',(4.835622185836,1.));
#329 = CARTESIAN_POINT('',(4.955630582954,0.991141096702));
#330 = CARTESIAN_POINT('',(5.072390232794,0.974259043959));
#331 = CARTESIAN_POINT('',(5.1856590054,0.951469796896));
#332 = CARTESIAN_POINT('',(5.294955298664,0.925664214845));
#333 = CARTESIAN_POINT('',(5.399468259339,0.899484759963));
#334 = CARTESIAN_POINT('',(5.620768045966,0.844020980097));
#335 = CARTESIAN_POINT('',(5.738048538967,0.814604898402));
#336 = CARTESIAN_POINT('',(5.851118131148,0.78927234976));
#337 = CARTESIAN_POINT('',(5.961098783628,0.769526893711));
#338 = CARTESIAN_POINT('',(6.069053466765,0.75610398192));
#339 = CARTESIAN_POINT('',(6.176025608172,0.749371855331));
#340 = CARTESIAN_POINT('',(6.28318530718,0.749371855331));
#341 = ( GEOMETRIC_REPRESENTATION_CONTEXT(2) 
PARAMETRIC_REPRESENTATION_CONTEXT() REPRESENTATION_CONTEXT('2D SPACE',''
  ) );
#342 = ADVANCED_FACE('',(#343),#109,.F.);
#343 = FACE_BOUND('',#344,.F.);
#344 = EDGE_LOOP('',(#345));
#345 = ORIENTED_EDGE('',*,*,#87,.T.);
#346 = ADVANCED_FACE('',(#347,#350,#381,#412,#443,#474,#505,#536,#567),
  #159,.T.);
#347 = FACE_BOUND('',#348,.T.);
#348 = EDGE_LOOP('',(#349));
#349 = ORIENTED_EDGE('',*,*,#144,.T.);
#350 = FACE_BOUND('',#351,.T.);
#351 = EDGE_LOOP('',(#352));
#352 = ORIENTED_EDGE('',*,*,#353,.F.);
#353 = EDGE_CURVE('',#354,#354,#356,.T.);
#354 = VERTEX_POINT('',#355);
#355 = CARTESIAN_POINT('',(-16.6,-34.64101615137,0.));
#356 = SURFACE_CURVE('',#357,(#362,#369),.PCURVE_S1.);
#357 = CIRCLE('',#358,3.4);
#358 = AXIS2_PLACEMENT_3D('',#359,#360,#361);
#359 = CARTESIAN_POINT('',(-20.,-34.64101615137,0.));
#360 = DIRECTION('',(0.,0.,1.));
#361 = DIRECTION('',(1.,0.,0.));
#362 = PCURVE('',#159,#363);
#363 = DEFINITIONAL_REPRESENTATION('',(#364),#368);
#364 = CIRCLE('',#365,3.4);
#365 = AXIS2_PLACEMENT_2D('',#366,#367);
#366 = CARTESIAN_POINT('',(-20.,-34.64101615137));
#367 = DIRECTION('',(1.,0.));
#368 = ( GEOMETRIC_REPRESENTATION_CONTEXT(2) 
PARAMETRIC_REPRESENTATION_CONTEXT() REPRESENTATION_CONTEXT('2D SPACE',''
  ) );
#369 = PCURVE('',#370,#375);
#370 = CYLINDRICAL_SURFACE('',#371,3.4);
#371 = AXIS2_PLACEMENT_3D('',#372,#373,#374);
#372 = CARTESIAN_POINT('',(-20.,-34.64101615137,-17.25));
#373 = DIRECTION('',(-0.,-0.,-1.));
#374 = DIRECTION('',(1.,0.,0.));
#375 = DEFINITIONAL_REPRESENTATION('',(#376),#380);
#376 = LINE('',#377,#378);
#377 = CARTESIAN_POINT('',(-0.,-17.25));
#378 = VECTOR('',#379,1.);
#379 = DIRECTION('',(-1.,0.));
#380 = ( GEOMETRIC_REPRESENTATION_CONTEXT(2) 
PARAMETRIC_REPRESENTATION_CONTEXT() REPRESENTATION_CONTEXT('2D SPACE',''
  ) );
#381 = FACE_BOUND('',#382,.T.);
#382 = EDGE_LOOP('',(#383));
#383 = ORIENTED_EDGE('',*,*,#384,.F.);
#384 = EDGE_CURVE('',#385,#385,#387,.T.);
#385 = VERTEX_POINT('',#386);
#386 = CARTESIAN_POINT('',(-36.6,4.898587196589E-15,0.));
#387 = SURFACE_CURVE('',#388,(#393,#400),.PCURVE_S1.);
#388 = CIRCLE('',#389,3.4);
#389 = AXIS2_PLACEMENT_3D('',#390,#391,#392);
#390 = CARTESIAN_POINT('',(-40.,4.898587196589E-15,0.));
#391 = DIRECTION('',(0.,0.,1.));
#392 = DIRECTION('',(1.,0.,0.));
#393 = PCURVE('',#159,#394);
#394 = DEFINITIONAL_REPRESENTATION('',(#395),#399);
#395 = CIRCLE('',#396,3.4);
#396 = AXIS2_PLACEMENT_2D('',#397,#398);
#397 = CARTESIAN_POINT('',(-40.,1.688695086217E-15));
#398 = DIRECTION('',(1.,0.));
#399 = ( GEOMETRIC_REPRESENTATION_CONTEXT(2) 
PARAMETRIC_REPRESENTATION_CONTEXT() REPRESENTATION_CONTEXT('2D SPACE',''
  ) );
#400 = PCURVE('',#401,#406);
#401 = CYLINDRICAL_SURFACE('',#402,3.4);
#402 = AXIS2_PLACEMENT_3D('',#403,#404,#405);
#403 = CARTESIAN_POINT('',(-40.,4.898587196589E-15,-17.25));
#404 = DIRECTION('',(-0.,-0.,-1.));
#405 = DIRECTION('',(1.,0.,0.));
#406 = DEFINITIONAL_REPRESENTATION('',(#407),#411);
#407 = LINE('',#408,#409);
#408 = CARTESIAN_POINT('',(-0.,-17.25));
#409 = VECTOR('',#410,1.);
#410 = DIRECTION('',(-1.,0.));
#411 = ( GEOMETRIC_REPRESENTATION_CONTEXT(2) 
PARAMETRIC_REPRESENTATION_CONTEXT() REPRESENTATION_CONTEXT('2D SPACE',''
  ) );
#412 = FACE_BOUND('',#413,.T.);
#413 = EDGE_LOOP('',(#414));
#414 = ORIENTED_EDGE('',*,*,#415,.F.);
#415 = EDGE_CURVE('',#416,#416,#418,.T.);
#416 = VERTEX_POINT('',#417);
#417 = CARTESIAN_POINT('',(23.4,-34.64101615137,0.));
#418 = SURFACE_CURVE('',#419,(#424,#431),.PCURVE_S1.);
#419 = CIRCLE('',#420,3.4);
#420 = AXIS2_PLACEMENT_3D('',#421,#422,#423);
#421 = CARTESIAN_POINT('',(20.,-34.64101615137,0.));
#422 = DIRECTION('',(0.,0.,1.));
#423 = DIRECTION('',(1.,0.,0.));
#424 = PCURVE('',#159,#425);
#425 = DEFINITIONAL_REPRESENTATION('',(#426),#430);
#426 = CIRCLE('',#427,3.4);
#427 = AXIS2_PLACEMENT_2D('',#428,#429);
#428 = CARTESIAN_POINT('',(20.,-34.64101615137));
#429 = DIRECTION('',(1.,0.));
#430 = ( GEOMETRIC_REPRESENTATION_CONTEXT(2) 
PARAMETRIC_REPRESENTATION_CONTEXT() REPRESENTATION_CONTEXT('2D SPACE',''
  ) );
#431 = PCURVE('',#432,#437);
#432 = CYLINDRICAL_SURFACE('',#433,3.4);
#433 = AXIS2_PLACEMENT_3D('',#434,#435,#436);
#434 = CARTESIAN_POINT('',(20.,-34.64101615137,-17.25));
#435 = DIRECTION('',(-0.,-0.,-1.));
#436 = DIRECTION('',(1.,0.,0.));
#437 = DEFINITIONAL_REPRESENTATION('',(#438),#442);
#438 = LINE('',#439,#440);
#439 = CARTESIAN_POINT('',(-0.,-17.25));
#440 = VECTOR('',#441,1.);
#441 = DIRECTION('',(-1.,0.));
#442 = ( GEOMETRIC_REPRESENTATION_CONTEXT(2) 
PARAMETRIC_REPRESENTATION_CONTEXT() REPRESENTATION_CONTEXT('2D SPACE',''
  ) );
#443 = FACE_BOUND('',#444,.T.);
#444 = EDGE_LOOP('',(#445));
#445 = ORIENTED_EDGE('',*,*,#446,.F.);
#446 = EDGE_CURVE('',#447,#447,#449,.T.);
#447 = VERTEX_POINT('',#448);
#448 = CARTESIAN_POINT('',(25.,0.,0.));
#449 = SURFACE_CURVE('',#450,(#455,#462),.PCURVE_S1.);
#450 = CIRCLE('',#451,25.);
#451 = AXIS2_PLACEMENT_3D('',#452,#453,#454);
#452 = CARTESIAN_POINT('',(0.,0.,0.));
#453 = DIRECTION('',(0.,0.,1.));
#454 = DIRECTION('',(1.,0.,0.));
#455 = PCURVE('',#159,#456);
#456 = DEFINITIONAL_REPRESENTATION('',(#457),#461);
#457 = CIRCLE('',#458,25.);
#458 = AXIS2_PLACEMENT_2D('',#459,#460);
#459 = CARTESIAN_POINT('',(1.75032336965E-15,-3.209892110372E-15));
#460 = DIRECTION('',(1.,0.));
#461 = ( GEOMETRIC_REPRESENTATION_CONTEXT(2) 
PARAMETRIC_REPRESENTATION_CONTEXT() REPRESENTATION_CONTEXT('2D SPACE',''
  ) );
#462 = PCURVE('',#463,#468);
#463 = CYLINDRICAL_SURFACE('',#464,25.);
#464 = AXIS2_PLACEMENT_3D('',#465,#466,#467);
#465 = CARTESIAN_POINT('',(0.,0.,-30.));
#466 = DIRECTION('',(-0.,-0.,-1.));
#467 = DIRECTION('',(1.,0.,0.));
#468 = DEFINITIONAL_REPRESENTATION('',(#469),#473);
#469 = LINE('',#470,#471);
#470 = CARTESIAN_POINT('',(-0.,-30.));
#471 = VECTOR('',#472,1.);
#472 = DIRECTION('',(-1.,0.));
#473 = ( GEOMETRIC_REPRESENTATION_CONTEXT(2) 
PARAMETRIC_REPRESENTATION_CONTEXT() REPRESENTATION_CONTEXT('2D SPACE',''
  ) );
#474 = FACE_BOUND('',#475,.T.);
#475 = EDGE_LOOP('',(#476));
#476 = ORIENTED_EDGE('',*,*,#477,.F.);
#477 = EDGE_CURVE('',#478,#478,#480,.T.);
#478 = VERTEX_POINT('',#479);
#479 = CARTESIAN_POINT('',(43.4,0.,0.));
#480 = SURFACE_CURVE('',#481,(#486,#493),.PCURVE_S1.);
#481 = CIRCLE('',#482,3.4);
#482 = AXIS2_PLACEMENT_3D('',#483,#484,#485);
#483 = CARTESIAN_POINT('',(40.,0.,0.));
#484 = DIRECTION('',(0.,0.,1.));
#485 = DIRECTION('',(1.,0.,0.));
#486 = PCURVE('',#159,#487);
#487 = DEFINITIONAL_REPRESENTATION('',(#488),#492);
#488 = CIRCLE('',#489,3.4);
#489 = AXIS2_PLACEMENT_2D('',#490,#491);
#490 = CARTESIAN_POINT('',(40.,-3.209892110372E-15));
#491 = DIRECTION('',(1.,0.));
#492 = ( GEOMETRIC_REPRESENTATION_CONTEXT(2) 
PARAMETRIC_REPRESENTATION_CONTEXT() REPRESENTATION_CONTEXT('2D SPACE',''
  ) );
#493 = PCURVE('',#494,#499);
#494 = CYLINDRICAL_SURFACE('',#495,3.4);
#495 = AXIS2_PLACEMENT_3D('',#496,#497,#498);
#496 = CARTESIAN_POINT('',(40.,0.,-17.25));
#497 = DIRECTION('',(-0.,-0.,-1.));
#498 = DIRECTION('',(1.,0.,0.));
#499 = DEFINITIONAL_REPRESENTATION('',(#500),#504);
#500 = LINE('',#501,#502);
#501 = CARTESIAN_POINT('',(-0.,-17.25));
#502 = VECTOR('',#503,1.);
#503 = DIRECTION('',(-1.,0.));
#504 = ( GEOMETRIC_REPRESENTATION_CONTEXT(2) 
PARAMETRIC_REPRESENTATION_CONTEXT() REPRESENTATION_CONTEXT('2D SPACE',''
  ) );
#505 = FACE_BOUND('',#506,.T.);
#506 = EDGE_LOOP('',(#507));
#507 = ORIENTED_EDGE('',*,*,#508,.F.);
#508 = EDGE_CURVE('',#509,#509,#511,.T.);
#509 = VERTEX_POINT('',#510);
#510 = CARTESIAN_POINT('',(-16.6,34.641016151378,0.));
#511 = SURFACE_CURVE('',#512,(#517,#524),.PCURVE_S1.);
#512 = CIRCLE('',#513,3.4);
#513 = AXIS2_PLACEMENT_3D('',#514,#515,#516);
#514 = CARTESIAN_POINT('',(-20.,34.641016151378,0.));
#515 = DIRECTION('',(0.,0.,1.));
#516 = DIRECTION('',(1.,0.,0.));
#517 = PCURVE('',#159,#518);
#518 = DEFINITIONAL_REPRESENTATION('',(#519),#523);
#519 = CIRCLE('',#520,3.4);
#520 = AXIS2_PLACEMENT_2D('',#521,#522);
#521 = CARTESIAN_POINT('',(-20.,34.641016151378));
#522 = DIRECTION('',(1.,0.));
#523 = ( GEOMETRIC_REPRESENTATION_CONTEXT(2) 
PARAMETRIC_REPRESENTATION_CONTEXT() REPRESENTATION_CONTEXT('2D SPACE',''
  ) );
#524 = PCURVE('',#525,#530);
#525 = CYLINDRICAL_SURFACE('',#526,3.4);
#526 = AXIS2_PLACEMENT_3D('',#527,#528,#529);
#527 = CARTESIAN_POINT('',(-20.,34.641016151378,-17.25));
#528 = DIRECTION('',(-0.,-0.,-1.));
#529 = DIRECTION('',(1.,0.,0.));
#530 = DEFINITIONAL_REPRESENTATION('',(#531),#535);
#531 = LINE('',#532,#533);
#532 = CARTESIAN_POINT('',(-0.,-17.25));
#533 = VECTOR('',#534,1.);
#534 = DIRECTION('',(-1.,0.));
#535 = ( GEOMETRIC_REPRESENTATION_CONTEXT(2) 
PARAMETRIC_REPRESENTATION_CONTEXT() REPRESENTATION_CONTEXT('2D SPACE',''
  ) );
#536 = FACE_BOUND('',#537,.T.);
#537 = EDGE_LOOP('',(#538));
#538 = ORIENTED_EDGE('',*,*,#539,.F.);
#539 = EDGE_CURVE('',#540,#540,#542,.T.);
#540 = VERTEX_POINT('',#541);
#541 = CARTESIAN_POINT('',(4.,40.,0.));
#542 = SURFACE_CURVE('',#543,(#548,#555),.PCURVE_S1.);
#543 = CIRCLE('',#544,4.);
#544 = AXIS2_PLACEMENT_3D('',#545,#546,#547);
#545 = CARTESIAN_POINT('',(2.449293598295E-15,40.,0.));
#546 = DIRECTION('',(0.,0.,1.));
#547 = DIRECTION('',(1.,0.,0.));
#548 = PCURVE('',#159,#549);
#549 = DEFINITIONAL_REPRESENTATION('',(#550),#554);
#550 = CIRCLE('',#551,4.);
#551 = AXIS2_PLACEMENT_2D('',#552,#553);
#552 = CARTESIAN_POINT('',(4.199616967945E-15,40.));
#553 = DIRECTION('',(1.,0.));
#554 = ( GEOMETRIC_REPRESENTATION_CONTEXT(2) 
PARAMETRIC_REPRESENTATION_CONTEXT() REPRESENTATION_CONTEXT('2D SPACE',''
  ) );
#555 = PCURVE('',#556,#561);
#556 = CYLINDRICAL_SURFACE('',#557,4.);
#557 = AXIS2_PLACEMENT_3D('',#558,#559,#560);
#558 = CARTESIAN_POINT('',(2.449293598295E-15,40.,-8.));
#559 = DIRECTION('',(-0.,-0.,-1.));
#560 = DIRECTION('',(1.,0.,0.));
#561 = DEFINITIONAL_REPRESENTATION('',(#562),#566);
#562 = LINE('',#563,#564);
#563 = CARTESIAN_POINT('',(-0.,-8.));
#564 = VECTOR('',#565,1.);
#565 = DIRECTION('',(-1.,0.));
#566 = ( GEOMETRIC_REPRESENTATION_CONTEXT(2) 
PARAMETRIC_REPRESENTATION_CONTEXT() REPRESENTATION_CONTEXT('2D SPACE',''
  ) );
#567 = FACE_BOUND('',#568,.T.);
#568 = EDGE_LOOP('',(#569));
#569 = ORIENTED_EDGE('',*,*,#570,.F.);
#570 = EDGE_CURVE('',#571,#571,#573,.T.);
#571 = VERTEX_POINT('',#572);
#572 = CARTESIAN_POINT('',(23.4,34.641016151378,0.));
#573 = SURFACE_CURVE('',#574,(#579,#586),.PCURVE_S1.);
#574 = CIRCLE('',#575,3.4);
#575 = AXIS2_PLACEMENT_3D('',#576,#577,#578);
#576 = CARTESIAN_POINT('',(20.,34.641016151378,0.));
#577 = DIRECTION('',(0.,0.,1.));
#578 = DIRECTION('',(1.,0.,0.));
#579 = PCURVE('',#159,#580);
#580 = DEFINITIONAL_REPRESENTATION('',(#581),#585);
#581 = CIRCLE('',#582,3.4);
#582 = AXIS2_PLACEMENT_2D('',#583,#584);
#583 = CARTESIAN_POINT('',(20.,34.641016151378));
#584 = DIRECTION('',(1.,0.));
#585 = ( GEOMETRIC_REPRESENTATION_CONTEXT(2) 
PARAMETRIC_REPRESENTATION_CONTEXT() REPRESENTATION_CONTEXT('2D SPACE',''
  ) );
#586 = PCURVE('',#587,#592);
#587 = CYLINDRICAL_SURFACE('',#588,3.4);
#588 = AXIS2_PLACEMENT_3D('',#589,#590,#591);
#589 = CARTESIAN_POINT('',(20.,34.641016151378,-17.25));
#590 = DIRECTION('',(-0.,-0.,-1.));
#591 = DIRECTION('',(1.,0.,0.));
#592 = DEFINITIONAL_REPRESENTATION('',(#593),#597);
#593 = LINE('',#594,#595);
#594 = CARTESIAN_POINT('',(-0.,-17.25));
#595 = VECTOR('',#596,1.);
#596 = DIRECTION('',(-1.,0.));
#597 = ( GEOMETRIC_REPRESENTATION_CONTEXT(2) 
PARAMETRIC_REPRESENTATION_CONTEXT() REPRESENTATION_CONTEXT('2D SPACE',''
  ) );
#598 = ADVANCED_FACE('',(#599),#284,.T.);
#599 = FACE_BOUND('',#600,.T.);
#600 = EDGE_LOOP('',(#601,#624,#651,#652));
#601 = ORIENTED_EDGE('',*,*,#602,.T.);
#602 = EDGE_CURVE('',#175,#603,#605,.T.);
#603 = VERTEX_POINT('',#604);
#604 = CARTESIAN_POINT('',(5.,52.,-17.6));
#605 = SEAM_CURVE('',#606,(#610,#617),.PCURVE_S1.);
#606 = LINE('',#607,#608);
#607 = CARTESIAN_POINT('',(5.,49.,-17.6));
#608 = VECTOR('',#609,1.);
#609 = DIRECTION('',(6.123233995737E-17,1.,6.016155777704E-49));
#610 = PCURVE('',#284,#611);
#611 = DEFINITIONAL_REPRESENTATION('',(#612),#616);
#612 = LINE('',#613,#614);
#613 = CARTESIAN_POINT('',(6.28318530718,-0.));
#614 = VECTOR('',#615,1.);
#615 = DIRECTION('',(0.,1.));
#616 = ( GEOMETRIC_REPRESENTATION_CONTEXT(2) 
PARAMETRIC_REPRESENTATION_CONTEXT() REPRESENTATION_CONTEXT('2D SPACE',''
  ) );
#617 = PCURVE('',#284,#618);
#618 = DEFINITIONAL_REPRESENTATION('',(#619),#623);
#619 = LINE('',#620,#621);
#620 = CARTESIAN_POINT('',(0.,-0.));
#621 = VECTOR('',#622,1.);
#622 = DIRECTION('',(0.,1.));
#623 = ( GEOMETRIC_REPRESENTATION_CONTEXT(2) 
PARAMETRIC_REPRESENTATION_CONTEXT() REPRESENTATION_CONTEXT('2D SPACE',''
  ) );
#624 = ORIENTED_EDGE('',*,*,#625,.F.);
#625 = EDGE_CURVE('',#603,#603,#626,.T.);
#626 = SURFACE_CURVE('',#627,(#632,#639),.PCURVE_S1.);
#627 = CIRCLE('',#628,5.);
#628 = AXIS2_PLACEMENT_3D('',#629,#630,#631);
#629 = CARTESIAN_POINT('',(3.184081677783E-15,52.,-17.6));
#630 = DIRECTION('',(6.123233995737E-17,1.,0.));
#631 = DIRECTION('',(1.,-6.123233995737E-17,0.));
#632 = PCURVE('',#284,#633);
#633 = DEFINITIONAL_REPRESENTATION('',(#634),#638);
#634 = LINE('',#635,#636);
#635 = CARTESIAN_POINT('',(0.,3.));
#636 = VECTOR('',#637,1.);
#637 = DIRECTION('',(1.,0.));
#638 = ( GEOMETRIC_REPRESENTATION_CONTEXT(2) 
PARAMETRIC_REPRESENTATION_CONTEXT() REPRESENTATION_CONTEXT('2D SPACE',''
  ) );
#639 = PCURVE('',#640,#645);
#640 = PLANE('',#641);
#641 = AXIS2_PLACEMENT_3D('',#642,#643,#644);
#642 = CARTESIAN_POINT('',(3.184081677783E-15,52.,-17.6));
#643 = DIRECTION('',(6.123233995737E-17,1.,0.));
#644 = DIRECTION('',(1.,-6.123233995737E-17,0.));
#645 = DEFINITIONAL_REPRESENTATION('',(#646),#650);
#646 = CIRCLE('',#647,5.);
#647 = AXIS2_PLACEMENT_2D('',#648,#649);
#648 = CARTESIAN_POINT('',(0.,0.));
#649 = DIRECTION('',(1.,0.));
#650 = ( GEOMETRIC_REPRESENTATION_CONTEXT(2) 
PARAMETRIC_REPRESENTATION_CONTEXT() REPRESENTATION_CONTEXT('2D SPACE',''
  ) );
#651 = ORIENTED_EDGE('',*,*,#602,.F.);
#652 = ORIENTED_EDGE('',*,*,#174,.T.);
#653 = ADVANCED_FACE('',(#654),#370,.F.);
#654 = FACE_BOUND('',#655,.T.);
#655 = EDGE_LOOP('',(#656,#679,#680,#681));
#656 = ORIENTED_EDGE('',*,*,#657,.T.);
#657 = EDGE_CURVE('',#658,#354,#660,.T.);
#658 = VERTEX_POINT('',#659);
#659 = CARTESIAN_POINT('',(-16.6,-34.64101615137,-17.25));
#660 = SEAM_CURVE('',#661,(#665,#672),.PCURVE_S1.);
#661 = LINE('',#662,#663);
#662 = CARTESIAN_POINT('',(-16.6,-34.64101615137,-17.25));
#663 = VECTOR('',#664,1.);
#664 = DIRECTION('',(0.,0.,1.));
#665 = PCURVE('',#370,#666);
#666 = DEFINITIONAL_REPRESENTATION('',(#667),#671);
#667 = LINE('',#668,#669);
#668 = CARTESIAN_POINT('',(-0.,0.));
#669 = VECTOR('',#670,1.);
#670 = DIRECTION('',(-0.,-1.));
#671 = ( GEOMETRIC_REPRESENTATION_CONTEXT(2) 
PARAMETRIC_REPRESENTATION_CONTEXT() REPRESENTATION_CONTEXT('2D SPACE',''
  ) );
#672 = PCURVE('',#370,#673);
#673 = DEFINITIONAL_REPRESENTATION('',(#674),#678);
#674 = LINE('',#675,#676);
#675 = CARTESIAN_POINT('',(-6.28318530718,0.));
#676 = VECTOR('',#677,1.);
#677 = DIRECTION('',(-0.,-1.));
#678 = ( GEOMETRIC_REPRESENTATION_CONTEXT(2) 
PARAMETRIC_REPRESENTATION_CONTEXT() REPRESENTATION_CONTEXT('2D SPACE',''
  ) );
#679 = ORIENTED_EDGE('',*,*,#353,.T.);
#680 = ORIENTED_EDGE('',*,*,#657,.F.);
#681 = ORIENTED_EDGE('',*,*,#682,.F.);
#682 = EDGE_CURVE('',#658,#658,#683,.T.);
#683 = SURFACE_CURVE('',#684,(#689,#696),.PCURVE_S1.);
#684 = CIRCLE('',#685,3.4);
#685 = AXIS2_PLACEMENT_3D('',#686,#687,#688);
#686 = CARTESIAN_POINT('',(-20.,-34.64101615137,-17.25));
#687 = DIRECTION('',(0.,0.,1.));
#688 = DIRECTION('',(1.,0.,0.));
#689 = PCURVE('',#370,#690);
#690 = DEFINITIONAL_REPRESENTATION('',(#691),#695);
#691 = LINE('',#692,#693);
#692 = CARTESIAN_POINT('',(-0.,0.));
#693 = VECTOR('',#694,1.);
#694 = DIRECTION('',(-1.,0.));
#695 = ( GEOMETRIC_REPRESENTATION_CONTEXT(2) 
PARAMETRIC_REPRESENTATION_CONTEXT() REPRESENTATION_CONTEXT('2D SPACE',''
  ) );
#696 = PCURVE('',#697,#702);
#697 = PLANE('',#698);
#698 = AXIS2_PLACEMENT_3D('',#699,#700,#701);
#699 = CARTESIAN_POINT('',(-20.,-34.64101615137,-17.25));
#700 = DIRECTION('',(0.,0.,1.));
#701 = DIRECTION('',(1.,0.,-0.));
#702 = DEFINITIONAL_REPRESENTATION('',(#703),#707);
#703 = CIRCLE('',#704,3.4);
#704 = AXIS2_PLACEMENT_2D('',#705,#706);
#705 = CARTESIAN_POINT('',(0.,0.));
#706 = DIRECTION('',(1.,0.));
#707 = ( GEOMETRIC_REPRESENTATION_CONTEXT(2) 
PARAMETRIC_REPRESENTATION_CONTEXT() REPRESENTATION_CONTEXT('2D SPACE',''
  ) );
#708 = ADVANCED_FACE('',(#709),#401,.F.);
#709 = FACE_BOUND('',#710,.T.);
#710 = EDGE_LOOP('',(#711,#734,#735,#736));
#711 = ORIENTED_EDGE('',*,*,#712,.T.);
#712 = EDGE_CURVE('',#713,#385,#715,.T.);
#713 = VERTEX_POINT('',#714);
#714 = CARTESIAN_POINT('',(-36.6,4.898587196589E-15,-17.25));
#715 = SEAM_CURVE('',#716,(#720,#727),.PCURVE_S1.);
#716 = LINE('',#717,#718);
#717 = CARTESIAN_POINT('',(-36.6,4.898587196589E-15,-17.25));
#718 = VECTOR('',#719,1.);
#719 = DIRECTION('',(0.,0.,1.));
#720 = PCURVE('',#401,#721);
#721 = DEFINITIONAL_REPRESENTATION('',(#722),#726);
#722 = LINE('',#723,#724);
#723 = CARTESIAN_POINT('',(-0.,0.));
#724 = VECTOR('',#725,1.);
#725 = DIRECTION('',(-0.,-1.));
#726 = ( GEOMETRIC_REPRESENTATION_CONTEXT(2) 
PARAMETRIC_REPRESENTATION_CONTEXT() REPRESENTATION_CONTEXT('2D SPACE',''
  ) );
#727 = PCURVE('',#401,#728);
#728 = DEFINITIONAL_REPRESENTATION('',(#729),#733);
#729 = LINE('',#730,#731);
#730 = CARTESIAN_POINT('',(-6.28318530718,0.));
#731 = VECTOR('',#732,1.);
#732 = DIRECTION('',(-0.,-1.));
#733 = ( GEOMETRIC_REPRESENTATION_CONTEXT(2) 
PARAMETRIC_REPRESENTATION_CONTEXT() REPRESENTATION_CONTEXT('2D SPACE',''
  ) );
#734 = ORIENTED_EDGE('',*,*,#384,.T.);
#735 = ORIENTED_EDGE('',*,*,#712,.F.);
#736 = ORIENTED_EDGE('',*,*,#737,.F.);
#737 = EDGE_CURVE('',#713,#713,#738,.T.);
#738 = SURFACE_CURVE('',#739,(#744,#751),.PCURVE_S1.);
#739 = CIRCLE('',#740,3.4);
#740 = AXIS2_PLACEMENT_3D('',#741,#742,#743);
#741 = CARTESIAN_POINT('',(-40.,4.898587196589E-15,-17.25));
#742 = DIRECTION('',(0.,0.,1.));
#743 = DIRECTION('',(1.,0.,0.));
#744 = PCURVE('',#401,#745);
#745 = DEFINITIONAL_REPRESENTATION('',(#746),#750);
#746 = LINE('',#747,#748);
#747 = CARTESIAN_POINT('',(-0.,0.));
#748 = VECTOR('',#749,1.);
#749 = DIRECTION('',(-1.,0.));
#750 = ( GEOMETRIC_REPRESENTATION_CONTEXT(2) 
PARAMETRIC_REPRESENTATION_CONTEXT() REPRESENTATION_CONTEXT('2D SPACE',''
  ) );
#751 = PCURVE('',#752,#757);
#752 = PLANE('',#753);
#753 = AXIS2_PLACEMENT_3D('',#754,#755,#756);
#754 = CARTESIAN_POINT('',(-40.,5.101708912568E-15,-17.25));
#755 = DIRECTION('',(0.,0.,1.));
#756 = DIRECTION('',(1.,0.,-0.));
#757 = DEFINITIONAL_REPRESENTATION('',(#758),#762);
#758 = CIRCLE('',#759,3.4);
#759 = AXIS2_PLACEMENT_2D('',#760,#761);
#760 = CARTESIAN_POINT('',(0.,-2.031217159781E-16));
#761 = DIRECTION('',(1.,0.));
#762 = ( GEOMETRIC_REPRESENTATION_CONTEXT(2) 
PARAMETRIC_REPRESENTATION_CONTEXT() REPRESENTATION_CONTEXT('2D SPACE',''
  ) );
#763 = ADVANCED_FACE('',(#764),#432,.F.);
#764 = FACE_BOUND('',#765,.T.);
#765 = EDGE_LOOP('',(#766,#789,#790,#791));
#766 = ORIENTED_EDGE('',*,*,#767,.T.);
#767 = EDGE_CURVE('',#768,#416,#770,.T.);
#768 = VERTEX_POINT('',#769);
#769 = CARTESIAN_POINT('',(23.4,-34.64101615137,-17.25));
#770 = SEAM_CURVE('',#771,(#775,#782),.PCURVE_S1.);
#771 = LINE('',#772,#773);
#772 = CARTESIAN_POINT('',(23.4,-34.64101615137,-17.25));
#773 = VECTOR('',#774,1.);
#774 = DIRECTION('',(0.,0.,1.));
#775 = PCURVE('',#432,#776);
#776 = DEFINITIONAL_REPRESENTATION('',(#777),#781);
#777 = LINE('',#778,#779);
#778 = CARTESIAN_POINT('',(-0.,0.));
#779 = VECTOR('',#780,1.);
#780 = DIRECTION('',(-0.,-1.));
#781 = ( GEOMETRIC_REPRESENTATION_CONTEXT(2) 
PARAMETRIC_REPRESENTATION_CONTEXT() REPRESENTATION_CONTEXT('2D SPACE',''
  ) );
#782 = PCURVE('',#432,#783);
#783 = DEFINITIONAL_REPRESENTATION('',(#784),#788);
#784 = LINE('',#785,#786);
#785 = CARTESIAN_POINT('',(-6.28318530718,0.));
#786 = VECTOR('',#787,1.);
#787 = DIRECTION('',(-0.,-1.));
#788 = ( GEOMETRIC_REPRESENTATION_CONTEXT(2) 
PARAMETRIC_REPRESENTATION_CONTEXT() REPRESENTATION_CONTEXT('2D SPACE',''
  ) );
#789 = ORIENTED_EDGE('',*,*,#415,.T.);
#790 = ORIENTED_EDGE('',*,*,#767,.F.);
#791 = ORIENTED_EDGE('',*,*,#792,.F.);
#792 = EDGE_CURVE('',#768,#768,#793,.T.);
#793 = SURFACE_CURVE('',#794,(#799,#806),.PCURVE_S1.);
#794 = CIRCLE('',#795,3.4);
#795 = AXIS2_PLACEMENT_3D('',#796,#797,#798);
#796 = CARTESIAN_POINT('',(20.,-34.64101615137,-17.25));
#797 = DIRECTION('',(0.,0.,1.));
#798 = DIRECTION('',(1.,0.,0.));
#799 = PCURVE('',#432,#800);
#800 = DEFINITIONAL_REPRESENTATION('',(#801),#805);
#801 = LINE('',#802,#803);
#802 = CARTESIAN_POINT('',(-0.,0.));
#803 = VECTOR('',#804,1.);
#804 = DIRECTION('',(-1.,0.));
#805 = ( GEOMETRIC_REPRESENTATION_CONTEXT(2) 
PARAMETRIC_REPRESENTATION_CONTEXT() REPRESENTATION_CONTEXT('2D SPACE',''
  ) );
#806 = PCURVE('',#807,#812);
#807 = PLANE('',#808);
#808 = AXIS2_PLACEMENT_3D('',#809,#810,#811);
#809 = CARTESIAN_POINT('',(20.,-34.64101615137,-17.25));
#810 = DIRECTION('',(0.,0.,1.));
#811 = DIRECTION('',(1.,0.,-0.));
#812 = DEFINITIONAL_REPRESENTATION('',(#813),#817);
#813 = CIRCLE('',#814,3.4);
#814 = AXIS2_PLACEMENT_2D('',#815,#816);
#815 = CARTESIAN_POINT('',(-3.552713678801E-15,7.105427357601E-15));
#816 = DIRECTION('',(1.,0.));
#817 = ( GEOMETRIC_REPRESENTATION_CONTEXT(2) 
PARAMETRIC_REPRESENTATION_CONTEXT() REPRESENTATION_CONTEXT('2D SPACE',''
  ) );
#818 = ADVANCED_FACE('',(#819),#463,.F.);
#819 = FACE_BOUND('',#820,.T.);
#820 = EDGE_LOOP('',(#821,#844,#845,#846));
#821 = ORIENTED_EDGE('',*,*,#822,.T.);
#822 = EDGE_CURVE('',#823,#447,#825,.T.);
#823 = VERTEX_POINT('',#824);
#824 = CARTESIAN_POINT('',(25.,0.,-30.));
#825 = SEAM_CURVE('',#826,(#830,#837),.PCURVE_S1.);
#826 = LINE('',#827,#828);
#827 = CARTESIAN_POINT('',(25.,0.,-30.));
#828 = VECTOR('',#829,1.);
#829 = DIRECTION('',(0.,0.,1.));
#830 = PCURVE('',#463,#831);
#831 = DEFINITIONAL_REPRESENTATION('',(#832),#836);
#832 = LINE('',#833,#834);
#833 = CARTESIAN_POINT('',(-0.,0.));
#834 = VECTOR('',#835,1.);
#835 = DIRECTION('',(-0.,-1.));
#836 = ( GEOMETRIC_REPRESENTATION_CONTEXT(2) 
PARAMETRIC_REPRESENTATION_CONTEXT() REPRESENTATION_CONTEXT('2D SPACE',''
  ) );
#837 = PCURVE('',#463,#838);
#838 = DEFINITIONAL_REPRESENTATION('',(#839),#843);
#839 = LINE('',#840,#841);
#840 = CARTESIAN_POINT('',(-6.28318530718,0.));
#841 = VECTOR('',#842,1.);
#842 = DIRECTION('',(-0.,-1.));
#843 = ( GEOMETRIC_REPRESENTATION_CONTEXT(2) 
PARAMETRIC_REPRESENTATION_CONTEXT() REPRESENTATION_CONTEXT('2D SPACE',''
  ) );
#844 = ORIENTED_EDGE('',*,*,#446,.T.);
#845 = ORIENTED_EDGE('',*,*,#822,.F.);
#846 = ORIENTED_EDGE('',*,*,#847,.F.);
#847 = EDGE_CURVE('',#823,#823,#848,.T.);
#848 = SURFACE_CURVE('',#849,(#854,#861),.PCURVE_S1.);
#849 = CIRCLE('',#850,25.);
#850 = AXIS2_PLACEMENT_3D('',#851,#852,#853);
#851 = CARTESIAN_POINT('',(0.,0.,-30.));
#852 = DIRECTION('',(0.,0.,1.));
#853 = DIRECTION('',(1.,0.,0.));
#854 = PCURVE('',#463,#855);
#855 = DEFINITIONAL_REPRESENTATION('',(#856),#860);
#856 = LINE('',#857,#858);
#857 = CARTESIAN_POINT('',(-0.,0.));
#858 = VECTOR('',#859,1.);
#859 = DIRECTION('',(-1.,0.));
#860 = ( GEOMETRIC_REPRESENTATION_CONTEXT(2) 
PARAMETRIC_REPRESENTATION_CONTEXT() REPRESENTATION_CONTEXT('2D SPACE',''
  ) );
#861 = PCURVE('',#862,#867);
#862 = PLANE('',#863);
#863 = AXIS2_PLACEMENT_3D('',#864,#865,#866);
#864 = CARTESIAN_POINT('',(-8.751616848252E-16,1.604946055186E-15,-30.)
  );
#865 = DIRECTION('',(0.,0.,1.));
#866 = DIRECTION('',(1.,0.,-0.));
#867 = DEFINITIONAL_REPRESENTATION('',(#868),#872);
#868 = CIRCLE('',#869,25.);
#869 = AXIS2_PLACEMENT_2D('',#870,#871);
#870 = CARTESIAN_POINT('',(8.751616848252E-16,-1.604946055186E-15));
#871 = DIRECTION('',(1.,0.));
#872 = ( GEOMETRIC_REPRESENTATION_CONTEXT(2) 
PARAMETRIC_REPRESENTATION_CONTEXT() REPRESENTATION_CONTEXT('2D SPACE',''
  ) );
#873 = ADVANCED_FACE('',(#874),#494,.F.);
#874 = FACE_BOUND('',#875,.T.);
#875 = EDGE_LOOP('',(#876,#899,#900,#901));
#876 = ORIENTED_EDGE('',*,*,#877,.T.);
#877 = EDGE_CURVE('',#878,#478,#880,.T.);
#878 = VERTEX_POINT('',#879);
#879 = CARTESIAN_POINT('',(43.4,0.,-17.25));
#880 = SEAM_CURVE('',#881,(#885,#892),.PCURVE_S1.);
#881 = LINE('',#882,#883);
#882 = CARTESIAN_POINT('',(43.4,0.,-17.25));
#883 = VECTOR('',#884,1.);
#884 = DIRECTION('',(0.,0.,1.));
#885 = PCURVE('',#494,#886);
#886 = DEFINITIONAL_REPRESENTATION('',(#887),#891);
#887 = LINE('',#888,#889);
#888 = CARTESIAN_POINT('',(-0.,0.));
#889 = VECTOR('',#890,1.);
#890 = DIRECTION('',(-0.,-1.));
#891 = ( GEOMETRIC_REPRESENTATION_CONTEXT(2) 
PARAMETRIC_REPRESENTATION_CONTEXT() REPRESENTATION_CONTEXT('2D SPACE',''
  ) );
#892 = PCURVE('',#494,#893);
#893 = DEFINITIONAL_REPRESENTATION('',(#894),#898);
#894 = LINE('',#895,#896);
#895 = CARTESIAN_POINT('',(-6.28318530718,0.));
#896 = VECTOR('',#897,1.);
#897 = DIRECTION('',(-0.,-1.));
#898 = ( GEOMETRIC_REPRESENTATION_CONTEXT(2) 
PARAMETRIC_REPRESENTATION_CONTEXT() REPRESENTATION_CONTEXT('2D SPACE',''
  ) );
#899 = ORIENTED_EDGE('',*,*,#477,.T.);
#900 = ORIENTED_EDGE('',*,*,#877,.F.);
#901 = ORIENTED_EDGE('',*,*,#902,.F.);
#902 = EDGE_CURVE('',#878,#878,#903,.T.);
#903 = SURFACE_CURVE('',#904,(#909,#916),.PCURVE_S1.);
#904 = CIRCLE('',#905,3.4);
#905 = AXIS2_PLACEMENT_3D('',#906,#907,#908);
#906 = CARTESIAN_POINT('',(40.,0.,-17.25));
#907 = DIRECTION('',(0.,0.,1.));
#908 = DIRECTION('',(1.,0.,0.));
#909 = PCURVE('',#494,#910);
#910 = DEFINITIONAL_REPRESENTATION('',(#911),#915);
#911 = LINE('',#912,#913);
#912 = CARTESIAN_POINT('',(-0.,0.));
#913 = VECTOR('',#914,1.);
#914 = DIRECTION('',(-1.,0.));
#915 = ( GEOMETRIC_REPRESENTATION_CONTEXT(2) 
PARAMETRIC_REPRESENTATION_CONTEXT() REPRESENTATION_CONTEXT('2D SPACE',''
  ) );
#916 = PCURVE('',#917,#922);
#917 = PLANE('',#918);
#918 = AXIS2_PLACEMENT_3D('',#919,#920,#921);
#919 = CARTESIAN_POINT('',(40.,2.633949703729E-16,-17.25));
#920 = DIRECTION('',(0.,0.,1.));
#921 = DIRECTION('',(1.,0.,-0.));
#922 = DEFINITIONAL_REPRESENTATION('',(#923),#927);
#923 = CIRCLE('',#924,3.4);
#924 = AXIS2_PLACEMENT_2D('',#925,#926);
#925 = CARTESIAN_POINT('',(0.,-2.633949703729E-16));
#926 = DIRECTION('',(1.,0.));
#927 = ( GEOMETRIC_REPRESENTATION_CONTEXT(2) 
PARAMETRIC_REPRESENTATION_CONTEXT() REPRESENTATION_CONTEXT('2D SPACE',''
  ) );
#928 = ADVANCED_FACE('',(#929),#525,.F.);
#929 = FACE_BOUND('',#930,.T.);
#930 = EDGE_LOOP('',(#931,#954,#955,#956));
#931 = ORIENTED_EDGE('',*,*,#932,.T.);
#932 = EDGE_CURVE('',#933,#509,#935,.T.);
#933 = VERTEX_POINT('',#934);
#934 = CARTESIAN_POINT('',(-16.6,34.641016151378,-17.25));
#935 = SEAM_CURVE('',#936,(#940,#947),.PCURVE_S1.);
#936 = LINE('',#937,#938);
#937 = CARTESIAN_POINT('',(-16.6,34.641016151378,-17.25));
#938 = VECTOR('',#939,1.);
#939 = DIRECTION('',(0.,0.,1.));
#940 = PCURVE('',#525,#941);
#941 = DEFINITIONAL_REPRESENTATION('',(#942),#946);
#942 = LINE('',#943,#944);
#943 = CARTESIAN_POINT('',(-0.,0.));
#944 = VECTOR('',#945,1.);
#945 = DIRECTION('',(-0.,-1.));
#946 = ( GEOMETRIC_REPRESENTATION_CONTEXT(2) 
PARAMETRIC_REPRESENTATION_CONTEXT() REPRESENTATION_CONTEXT('2D SPACE',''
  ) );
#947 = PCURVE('',#525,#948);
#948 = DEFINITIONAL_REPRESENTATION('',(#949),#953);
#949 = LINE('',#950,#951);
#950 = CARTESIAN_POINT('',(-6.28318530718,0.));
#951 = VECTOR('',#952,1.);
#952 = DIRECTION('',(-0.,-1.));
#953 = ( GEOMETRIC_REPRESENTATION_CONTEXT(2) 
PARAMETRIC_REPRESENTATION_CONTEXT() REPRESENTATION_CONTEXT('2D SPACE',''
  ) );
#954 = ORIENTED_EDGE('',*,*,#508,.T.);
#955 = ORIENTED_EDGE('',*,*,#932,.F.);
#956 = ORIENTED_EDGE('',*,*,#957,.F.);
#957 = EDGE_CURVE('',#933,#933,#958,.T.);
#958 = SURFACE_CURVE('',#959,(#964,#971),.PCURVE_S1.);
#959 = CIRCLE('',#960,3.4);
#960 = AXIS2_PLACEMENT_3D('',#961,#962,#963);
#961 = CARTESIAN_POINT('',(-20.,34.641016151378,-17.25));
#962 = DIRECTION('',(0.,0.,1.));
#963 = DIRECTION('',(1.,0.,0.));
#964 = PCURVE('',#525,#965);
#965 = DEFINITIONAL_REPRESENTATION('',(#966),#970);
#966 = LINE('',#967,#968);
#967 = CARTESIAN_POINT('',(-0.,0.));
#968 = VECTOR('',#969,1.);
#969 = DIRECTION('',(-1.,0.));
#970 = ( GEOMETRIC_REPRESENTATION_CONTEXT(2) 
PARAMETRIC_REPRESENTATION_CONTEXT() REPRESENTATION_CONTEXT('2D SPACE',''
  ) );
#971 = PCURVE('',#972,#977);
#972 = PLANE('',#973);
#973 = AXIS2_PLACEMENT_3D('',#974,#975,#976);
#974 = CARTESIAN_POINT('',(-20.,34.641016151378,-17.25));
#975 = DIRECTION('',(0.,0.,1.));
#976 = DIRECTION('',(1.,0.,-0.));
#977 = DEFINITIONAL_REPRESENTATION('',(#978),#982);
#978 = CIRCLE('',#979,3.4);
#979 = AXIS2_PLACEMENT_2D('',#980,#981);
#980 = CARTESIAN_POINT('',(3.552713678801E-15,0.));
#981 = DIRECTION('',(1.,0.));
#982 = ( GEOMETRIC_REPRESENTATION_CONTEXT(2) 
PARAMETRIC_REPRESENTATION_CONTEXT() REPRESENTATION_CONTEXT('2D SPACE',''
  ) );
#983 = ADVANCED_FACE('',(#984),#556,.F.);
#984 = FACE_BOUND('',#985,.T.);
#985 = EDGE_LOOP('',(#986,#1009,#1010,#1011));
#986 = ORIENTED_EDGE('',*,*,#987,.T.);
#987 = EDGE_CURVE('',#988,#540,#990,.T.);
#988 = VERTEX_POINT('',#989);
#989 = CARTESIAN_POINT('',(4.,40.,-8.));
#990 = SEAM_CURVE('',#991,(#995,#1002),.PCURVE_S1.);
#991 = LINE('',#992,#993);
#992 = CARTESIAN_POINT('',(4.,40.,-8.));
#993 = VECTOR('',#994,1.);
#994 = DIRECTION('',(0.,0.,1.));
#995 = PCURVE('',#556,#996);
#996 = DEFINITIONAL_REPRESENTATION('',(#997),#1001);
#997 = LINE('',#998,#999);
#998 = CARTESIAN_POINT('',(-0.,0.));
#999 = VECTOR('',#1000,1.);
#1000 = DIRECTION('',(-0.,-1.));
#1001 = ( GEOMETRIC_REPRESENTATION_CONTEXT(2) 
PARAMETRIC_REPRESENTATION_CONTEXT() REPRESENTATION_CONTEXT('2D SPACE',''
  ) );
#1002 = PCURVE('',#556,#1003);
#1003 = DEFINITIONAL_REPRESENTATION('',(#1004),#1008);
#1004 = LINE('',#1005,#1006);
#1005 = CARTESIAN_POINT('',(-6.28318530718,0.));
#1006 = VECTOR('',#1007,1.);
#1007 = DIRECTION('',(-0.,-1.));
#1008 = ( GEOMETRIC_REPRESENTATION_CONTEXT(2) 
PARAMETRIC_REPRESENTATION_CONTEXT() REPRESENTATION_CONTEXT('2D SPACE',''
  ) );
#1009 = ORIENTED_EDGE('',*,*,#539,.T.);
#1010 = ORIENTED_EDGE('',*,*,#987,.F.);
#1011 = ORIENTED_EDGE('',*,*,#1012,.F.);
#1012 = EDGE_CURVE('',#988,#988,#1013,.T.);
#1013 = SURFACE_CURVE('',#1014,(#1019,#1026),.PCURVE_S1.);
#1014 = CIRCLE('',#1015,4.);
#1015 = AXIS2_PLACEMENT_3D('',#1016,#1017,#1018);
#1016 = CARTESIAN_POINT('',(2.449293598295E-15,40.,-8.));
#1017 = DIRECTION('',(0.,0.,1.));
#1018 = DIRECTION('',(1.,0.,0.));
#1019 = PCURVE('',#556,#1020);
#1020 = DEFINITIONAL_REPRESENTATION('',(#1021),#1025);
#1021 = LINE('',#1022,#1023);
#1022 = CARTESIAN_POINT('',(-0.,0.));
#1023 = VECTOR('',#1024,1.);
#1024 = DIRECTION('',(-1.,0.));
#1025 = ( GEOMETRIC_REPRESENTATION_CONTEXT(2) 
PARAMETRIC_REPRESENTATION_CONTEXT() REPRESENTATION_CONTEXT('2D SPACE',''
  ) );
#1026 = PCURVE('',#1027,#1032);
#1027 = PLANE('',#1028);
#1028 = AXIS2_PLACEMENT_3D('',#1029,#1030,#1031);
#1029 = CARTESIAN_POINT('',(2.393020231944E-15,40.,-8.));
#1030 = DIRECTION('',(0.,0.,1.));
#1031 = DIRECTION('',(1.,0.,-0.));
#1032 = DEFINITIONAL_REPRESENTATION('',(#1033),#1037);
#1033 = CIRCLE('',#1034,4.);
#1034 = AXIS2_PLACEMENT_2D('',#1035,#1036);
#1035 = CARTESIAN_POINT('',(5.627336635072E-17,-7.105427357601E-15));
#1036 = DIRECTION('',(1.,0.));
#1037 = ( GEOMETRIC_REPRESENTATION_CONTEXT(2) 
PARAMETRIC_REPRESENTATION_CONTEXT() REPRESENTATION_CONTEXT('2D SPACE',''
  ) );
#1038 = ADVANCED_FACE('',(#1039),#587,.F.);
#1039 = FACE_BOUND('',#1040,.T.);
#1040 = EDGE_LOOP('',(#1041,#1064,#1065,#1066));
#1041 = ORIENTED_EDGE('',*,*,#1042,.T.);
#1042 = EDGE_CURVE('',#1043,#571,#1045,.T.);
#1043 = VERTEX_POINT('',#1044);
#1044 = CARTESIAN_POINT('',(23.4,34.641016151378,-17.25));
#1045 = SEAM_CURVE('',#1046,(#1050,#1057),.PCURVE_S1.);
#1046 = LINE('',#1047,#1048);
#1047 = CARTESIAN_POINT('',(23.4,34.641016151378,-17.25));
#1048 = VECTOR('',#1049,1.);
#1049 = DIRECTION('',(0.,0.,1.));
#1050 = PCURVE('',#587,#1051);
#1051 = DEFINITIONAL_REPRESENTATION('',(#1052),#1056);
#1052 = LINE('',#1053,#1054);
#1053 = CARTESIAN_POINT('',(-0.,0.));
#1054 = VECTOR('',#1055,1.);
#1055 = DIRECTION('',(-0.,-1.));
#1056 = ( GEOMETRIC_REPRESENTATION_CONTEXT(2) 
PARAMETRIC_REPRESENTATION_CONTEXT() REPRESENTATION_CONTEXT('2D SPACE',''
  ) );
#1057 = PCURVE('',#587,#1058);
#1058 = DEFINITIONAL_REPRESENTATION('',(#1059),#1063);
#1059 = LINE('',#1060,#1061);
#1060 = CARTESIAN_POINT('',(-6.28318530718,0.));
#1061 = VECTOR('',#1062,1.);
#1062 = DIRECTION('',(-0.,-1.));
#1063 = ( GEOMETRIC_REPRESENTATION_CONTEXT(2) 
PARAMETRIC_REPRESENTATION_CONTEXT() REPRESENTATION_CONTEXT('2D SPACE',''
  ) );
#1064 = ORIENTED_EDGE('',*,*,#570,.T.);
#1065 = ORIENTED_EDGE('',*,*,#1042,.F.);
#1066 = ORIENTED_EDGE('',*,*,#1067,.F.);
#1067 = EDGE_CURVE('',#1043,#1043,#1068,.T.);
#1068 = SURFACE_CURVE('',#1069,(#1074,#1081),.PCURVE_S1.);
#1069 = CIRCLE('',#1070,3.4);
#1070 = AXIS2_PLACEMENT_3D('',#1071,#1072,#1073);
#1071 = CARTESIAN_POINT('',(20.,34.641016151378,-17.25));
#1072 = DIRECTION('',(0.,0.,1.));
#1073 = DIRECTION('',(1.,0.,0.));
#1074 = PCURVE('',#587,#1075);
#1075 = DEFINITIONAL_REPRESENTATION('',(#1076),#1080);
#1076 = LINE('',#1077,#1078);
#1077 = CARTESIAN_POINT('',(-0.,0.));
#1078 = VECTOR('',#1079,1.);
#1079 = DIRECTION('',(-1.,0.));
#1080 = ( GEOMETRIC_REPRESENTATION_CONTEXT(2) 
PARAMETRIC_REPRESENTATION_CONTEXT() REPRESENTATION_CONTEXT('2D SPACE',''
  ) );
#1081 = PCURVE('',#1082,#1087);
#1082 = PLANE('',#1083);
#1083 = AXIS2_PLACEMENT_3D('',#1084,#1085,#1086);
#1084 = CARTESIAN_POINT('',(20.,34.641016151378,-17.25));
#1085 = DIRECTION('',(0.,0.,1.));
#1086 = DIRECTION('',(1.,0.,-0.));
#1087 = DEFINITIONAL_REPRESENTATION('',(#1088),#1092);
#1088 = CIRCLE('',#1089,3.4);
#1089 = AXIS2_PLACEMENT_2D('',#1090,#1091);
#1090 = CARTESIAN_POINT('',(-3.552713678801E-15,-7.105427357601E-15));
#1091 = DIRECTION('',(1.,0.));
#1092 = ( GEOMETRIC_REPRESENTATION_CONTEXT(2) 
PARAMETRIC_REPRESENTATION_CONTEXT() REPRESENTATION_CONTEXT('2D SPACE',''
  ) );
#1093 = ADVANCED_FACE('',(#1094),#640,.T.);
#1094 = FACE_BOUND('',#1095,.T.);
#1095 = EDGE_LOOP('',(#1096));
#1096 = ORIENTED_EDGE('',*,*,#625,.T.);
#1097 = ADVANCED_FACE('',(#1098),#697,.T.);
#1098 = FACE_BOUND('',#1099,.T.);
#1099 = EDGE_LOOP('',(#1100));
#1100 = ORIENTED_EDGE('',*,*,#682,.T.);
#1101 = ADVANCED_FACE('',(#1102),#752,.T.);
#1102 = FACE_BOUND('',#1103,.T.);
#1103 = EDGE_LOOP('',(#1104));
#1104 = ORIENTED_EDGE('',*,*,#737,.T.);
#1105 = ADVANCED_FACE('',(#1106),#807,.T.);
#1106 = FACE_BOUND('',#1107,.T.);
#1107 = EDGE_LOOP('',(#1108));
#1108 = ORIENTED_EDGE('',*,*,#792,.T.);
#1109 = ADVANCED_FACE('',(#1110),#862,.T.);
#1110 = FACE_BOUND('',#1111,.T.);
#1111 = EDGE_LOOP('',(#1112));
#1112 = ORIENTED_EDGE('',*,*,#847,.T.);
#1113 = ADVANCED_FACE('',(#1114),#917,.T.);
#1114 = FACE_BOUND('',#1115,.T.);
#1115 = EDGE_LOOP('',(#1116));
#1116 = ORIENTED_EDGE('',*,*,#902,.T.);
#1117 = ADVANCED_FACE('',(#1118),#972,.T.);
#1118 = FACE_BOUND('',#1119,.T.);
#1119 = EDGE_LOOP('',(#1120));
#1120 = ORIENTED_EDGE('',*,*,#957,.T.);
#1121 = ADVANCED_FACE('',(#1122),#1027,.T.);
#1122 = FACE_BOUND('',#1123,.T.);
#1123 = EDGE_LOOP('',(#1124));
#1124 = ORIENTED_EDGE('',*,*,#1012,.T.);
#1125 = ADVANCED_FACE('',(#1126),#1082,.T.);
#1126 = FACE_BOUND('',#1127,.T.);
#1127 = EDGE_LOOP('',(#1128));
#1128 = ORIENTED_EDGE('',*,*,#1067,.T.);
#1129 = ( GEOMETRIC_REPRESENTATION_CONTEXT(3) 
GLOBAL_UNCERTAINTY_ASSIGNED_CONTEXT((#1133)) 
GLOBAL_UNIT_ASSIGNED_CONTEXT((#1130,#1131,#1132)) REPRESENTATION_CONTEXT
('Context #1','3D Context with UNIT and UNCERTAINTY') );
#1130 = ( LENGTH_UNIT() NAMED_UNIT(*) SI_UNIT(.MILLI.,.METRE.) );
#1131 = ( NAMED_UNIT(*) PLANE_ANGLE_UNIT() SI_UNIT($,.RADIAN.) );
#1132 = ( NAMED_UNIT(*) SI_UNIT($,.STERADIAN.) SOLID_ANGLE_UNIT() );
#1133 = UNCERTAINTY_MEASURE_WITH_UNIT(LENGTH_MEASURE(1.E-07),#1130,
  'distance_accuracy_value','confusion accuracy');
#1134 = CONTEXT_DEPENDENT_SHAPE_REPRESENTATION(#1135,#1137);
#1135 = ( REPRESENTATION_RELATIONSHIP('','',#80,#10) 
REPRESENTATION_RELATIONSHIP_WITH_TRANSFORMATION(#1136) 
SHAPE_REPRESENTATION_RELATIONSHIP() );
#1136 = ITEM_DEFINED_TRANSFORMATION('','',#11,#15);
#1137 = PRODUCT_DEFINITION_SHAPE('Placement','Placement of an item',
  #1138);
#1138 = NEXT_ASSEMBLY_USAGE_OCCURRENCE('12','ur_flange_ur20','',#5,#75,$
  );
#1139 = PRODUCT_RELATED_PRODUCT_CATEGORY('part',$,(#77));
#1140 = SHAPE_DEFINITION_REPRESENTATION(#1141,#1147);
#1141 = PRODUCT_DEFINITION_SHAPE('','',#1142);
#1142 = PRODUCT_DEFINITION('design','',#1143,#1146);
#1143 = PRODUCT_DEFINITION_FORMATION('','',#1144);
#1144 = PRODUCT('bracket','bracket','',(#1145));
#1145 = PRODUCT_CONTEXT('',#2,'mechanical');
#1146 = PRODUCT_DEFINITION_CONTEXT('part definition',#2,'design');
#1147 = ADVANCED_BREP_SHAPE_REPRESENTATION('',(#11,#1148),#6006);
#1148 = MANIFOLD_SOLID_BREP('',#1149);
#1149 = CLOSED_SHELL('',(#1150,#1268,#1357,#1490,#2289,#2390,#3102,#3279
    ,#3333,#3478,#3505,#3532,#3559,#3632,#3782,#3898,#3925,#3973,#4084,
    #4229,#4277,#4476,#4524,#4572,#4751,#4778,#4805,#4832,#4879,#4906,
    #4933,#4940,#4967,#4999,#5031,#5063,#5095,#5127,#5134,#5208,#5282,
    #5356,#5384,#5412,#5440,#5568,#5645,#5726,#5776,#5804,#5859,#5896,
    #5931,#5981));
#1150 = ADVANCED_FACE('',(#1151),#1166,.T.);
#1151 = FACE_BOUND('',#1152,.F.);
#1152 = EDGE_LOOP('',(#1153,#1189,#1215,#1244));
#1153 = ORIENTED_EDGE('',*,*,#1154,.F.);
#1154 = EDGE_CURVE('',#1155,#1157,#1159,.T.);
#1155 = VERTEX_POINT('',#1156);
#1156 = CARTESIAN_POINT('',(47.367087377404,7.769107630957,5.));
#1157 = VERTEX_POINT('',#1158);
#1158 = CARTESIAN_POINT('',(7.769107630957,47.367087377404,5.));
#1159 = SURFACE_CURVE('',#1160,(#1165,#1177),.PCURVE_S1.);
#1160 = CIRCLE('',#1161,48.);
#1161 = AXIS2_PLACEMENT_3D('',#1162,#1163,#1164);
#1162 = CARTESIAN_POINT('',(0.,0.,5.));
#1163 = DIRECTION('',(0.,0.,-1.));
#1164 = DIRECTION('',(0.986814320363,0.161856408978,0.));
#1165 = PCURVE('',#1166,#1171);
#1166 = CYLINDRICAL_SURFACE('',#1167,48.);
#1167 = AXIS2_PLACEMENT_3D('',#1168,#1169,#1170);
#1168 = CARTESIAN_POINT('',(0.,0.,0.));
#1169 = DIRECTION('',(-0.,-0.,-1.));
#1170 = DIRECTION('',(1.,0.,0.));
#1171 = DEFINITIONAL_REPRESENTATION('',(#1172),#1176);
#1172 = LINE('',#1173,#1174);
#1173 = CARTESIAN_POINT('',(-6.445756885165,-5.));
#1174 = VECTOR('',#1175,1.);
#1175 = DIRECTION('',(1.,-0.));
#1176 = ( GEOMETRIC_REPRESENTATION_CONTEXT(2) 
PARAMETRIC_REPRESENTATION_CONTEXT() REPRESENTATION_CONTEXT('2D SPACE',''
  ) );
#1177 = PCURVE('',#1178,#1183);
#1178 = CONICAL_SURFACE('',#1179,48.,0.785398163397);
#1179 = AXIS2_PLACEMENT_3D('',#1180,#1181,#1182);
#1180 = CARTESIAN_POINT('',(0.,0.,5.));
#1181 = DIRECTION('',(-0.,-0.,-1.));
#1182 = DIRECTION('',(1.,0.,0.));
#1183 = DEFINITIONAL_REPRESENTATION('',(#1184),#1188);
#1184 = LINE('',#1185,#1186);
#1185 = CARTESIAN_POINT('',(-6.445756885165,-0.));
#1186 = VECTOR('',#1187,1.);
#1187 = DIRECTION('',(1.,-0.));
#1188 = ( GEOMETRIC_REPRESENTATION_CONTEXT(2) 
PARAMETRIC_REPRESENTATION_CONTEXT() REPRESENTATION_CONTEXT('2D SPACE',''
  ) );
#1189 = ORIENTED_EDGE('',*,*,#1190,.T.);
#1190 = EDGE_CURVE('',#1155,#1191,#1193,.T.);
#1191 = VERTEX_POINT('',#1192);
#1192 = CARTESIAN_POINT('',(47.367087377404,7.769107630956,0.));
#1193 = SURFACE_CURVE('',#1194,(#1198,#1204),.PCURVE_S1.);
#1194 = LINE('',#1195,#1196);
#1195 = CARTESIAN_POINT('',(47.367087377404,7.769107630957,0.));
#1196 = VECTOR('',#1197,1.);
#1197 = DIRECTION('',(-0.,-0.,-1.));
#1198 = PCURVE('',#1166,#1199);
#1199 = DEFINITIONAL_REPRESENTATION('',(#1200),#1203);
#1200 = B_SPLINE_CURVE_WITH_KNOTS('',1,(#1201,#1202),.UNSPECIFIED.,.F.,
  .F.,(2,2),(-5.,0.),.PIECEWISE_BEZIER_KNOTS.);
#1201 = CARTESIAN_POINT('',(-6.445756885165,-5.));
#1202 = CARTESIAN_POINT('',(-6.445756885165,0.));
#1203 = ( GEOMETRIC_REPRESENTATION_CONTEXT(2) 
PARAMETRIC_REPRESENTATION_CONTEXT() REPRESENTATION_CONTEXT('2D SPACE',''
  ) );
#1204 = PCURVE('',#1205,#1210);
#1205 = PLANE('',#1206);
#1206 = AXIS2_PLACEMENT_3D('',#1207,#1208,#1209);
#1207 = CARTESIAN_POINT('',(39.597979746447,-1.7763568394E-15,0.));
#1208 = DIRECTION('',(-0.707106781187,0.707106781187,0.));
#1209 = DIRECTION('',(0.707106781187,0.707106781187,0.));
#1210 = DEFINITIONAL_REPRESENTATION('',(#1211),#1214);
#1211 = B_SPLINE_CURVE_WITH_KNOTS('',1,(#1212,#1213),.UNSPECIFIED.,.F.,
  .F.,(2,2),(-5.0000006,6.E-07),.PIECEWISE_BEZIER_KNOTS.);
#1212 = CARTESIAN_POINT('',(10.987177379236,-5.0000006));
#1213 = CARTESIAN_POINT('',(10.987177379236,6.E-07));
#1214 = ( GEOMETRIC_REPRESENTATION_CONTEXT(2) 
PARAMETRIC_REPRESENTATION_CONTEXT() REPRESENTATION_CONTEXT('2D SPACE',''
  ) );
#1215 = ORIENTED_EDGE('',*,*,#1216,.F.);
#1216 = EDGE_CURVE('',#1217,#1191,#1219,.T.);
#1217 = VERTEX_POINT('',#1218);
#1218 = CARTESIAN_POINT('',(7.769107630956,47.367087377404,0.));
#1219 = SURFACE_CURVE('',#1220,(#1225,#1232),.PCURVE_S1.);
#1220 = CIRCLE('',#1221,48.);
#1221 = AXIS2_PLACEMENT_3D('',#1222,#1223,#1224);
#1222 = CARTESIAN_POINT('',(0.,0.,0.));
#1223 = DIRECTION('',(0.,-0.,1.));
#1224 = DIRECTION('',(0.161856408978,0.986814320363,0.));
#1225 = PCURVE('',#1166,#1226);
#1226 = DEFINITIONAL_REPRESENTATION('',(#1227),#1231);
#1227 = LINE('',#1228,#1229);
#1228 = CARTESIAN_POINT('',(-1.408224748809,0.));
#1229 = VECTOR('',#1230,1.);
#1230 = DIRECTION('',(-1.,0.));
#1231 = ( GEOMETRIC_REPRESENTATION_CONTEXT(2) 
PARAMETRIC_REPRESENTATION_CONTEXT() REPRESENTATION_CONTEXT('2D SPACE',''
  ) );
#1232 = PCURVE('',#1233,#1238);
#1233 = PLANE('',#1234);
#1234 = AXIS2_PLACEMENT_3D('',#1235,#1236,#1237);
#1235 = CARTESIAN_POINT('',(-2.734880265079E-15,1.687072141469E-15,0.));
#1236 = DIRECTION('',(0.,0.,1.));
#1237 = DIRECTION('',(1.,0.,-0.));
#1238 = DEFINITIONAL_REPRESENTATION('',(#1239),#1243);
#1239 = CIRCLE('',#1240,48.);
#1240 = AXIS2_PLACEMENT_2D('',#1241,#1242);
#1241 = CARTESIAN_POINT('',(2.734880265079E-15,-1.687072141469E-15));
#1242 = DIRECTION('',(0.161856408978,0.986814320363));
#1243 = ( GEOMETRIC_REPRESENTATION_CONTEXT(2) 
PARAMETRIC_REPRESENTATION_CONTEXT() REPRESENTATION_CONTEXT('2D SPACE',''
  ) );
#1244 = ORIENTED_EDGE('',*,*,#1245,.F.);
#1245 = EDGE_CURVE('',#1157,#1217,#1246,.T.);
#1246 = SURFACE_CURVE('',#1247,(#1251,#1257),.PCURVE_S1.);
#1247 = LINE('',#1248,#1249);
#1248 = CARTESIAN_POINT('',(7.769107630957,47.367087377404,0.));
#1249 = VECTOR('',#1250,1.);
#1250 = DIRECTION('',(-0.,-0.,-1.));
#1251 = PCURVE('',#1166,#1252);
#1252 = DEFINITIONAL_REPRESENTATION('',(#1253),#1256);
#1253 = B_SPLINE_CURVE_WITH_KNOTS('',1,(#1254,#1255),.UNSPECIFIED.,.F.,
  .F.,(2,2),(-5.,0.),.PIECEWISE_BEZIER_KNOTS.);
#1254 = CARTESIAN_POINT('',(-1.408224748809,-5.));
#1255 = CARTESIAN_POINT('',(-1.408224748809,0.));
#1256 = ( GEOMETRIC_REPRESENTATION_CONTEXT(2) 
PARAMETRIC_REPRESENTATION_CONTEXT() REPRESENTATION_CONTEXT('2D SPACE',''
  ) );
#1257 = PCURVE('',#1258,#1263);
#1258 = PLANE('',#1259);
#1259 = AXIS2_PLACEMENT_3D('',#1260,#1261,#1262);
#1260 = CARTESIAN_POINT('',(21.920310216783,61.51828996323,0.));
#1261 = DIRECTION('',(0.707106781187,-0.707106781187,0.));
#1262 = DIRECTION('',(-0.707106781187,-0.707106781187,0.));
#1263 = DEFINITIONAL_REPRESENTATION('',(#1264),#1267);
#1264 = B_SPLINE_CURVE_WITH_KNOTS('',1,(#1265,#1266),.UNSPECIFIED.,.F.,
  .F.,(2,2),(-5.0000006,6.E-07),.PIECEWISE_BEZIER_KNOTS.);
#1265 = CARTESIAN_POINT('',(20.012822620764,-5.0000006));
#1266 = CARTESIAN_POINT('',(20.012822620764,6.E-07));
#1267 = ( GEOMETRIC_REPRESENTATION_CONTEXT(2) 
PARAMETRIC_REPRESENTATION_CONTEXT() REPRESENTATION_CONTEXT('2D SPACE',''
  ) );
#1268 = ADVANCED_FACE('',(#1269),#1178,.T.);
#1269 = FACE_BOUND('',#1270,.T.);
#1270 = EDGE_LOOP('',(#1271,#1272,#1299,#1332));
#1271 = ORIENTED_EDGE('',*,*,#1154,.F.);
#1272 = ORIENTED_EDGE('',*,*,#1273,.T.);
#1273 = EDGE_CURVE('',#1155,#1274,#1276,.T.);
#1274 = VERTEX_POINT('',#1275);
#1275 = CARTESIAN_POINT('',(46.491685503301,6.893705756854,6.));
#1276 = SURFACE_CURVE('',#1277,(#1282,#1292),.PCURVE_S1.);
#1277 = HYPERBOLA('',#1278,28.,28.);
#1278 = AXIS2_PLACEMENT_3D('',#1279,#1280,#1281);
#1279 = CARTESIAN_POINT('',(19.798989873223,-19.79898987322,53.));
#1280 = DIRECTION('',(-0.707106781187,0.707106781187,0.));
#1281 = DIRECTION('',(-0.,0.,-1.));
#1282 = PCURVE('',#1178,#1283);
#1283 = DEFINITIONAL_REPRESENTATION('',(#1284),#1291);
#1284 = B_SPLINE_CURVE_WITH_KNOTS('',5,(#1285,#1286,#1287,#1288,#1289,
    #1290),.UNSPECIFIED.,.F.,.F.,(6,6),(-1.133556211171,-1.107491468207)
  ,.PIECEWISE_BEZIER_KNOTS.);
#1285 = CARTESIAN_POINT('',(-6.445756885165,3.552713678801E-15));
#1286 = CARTESIAN_POINT('',(-6.442715998486,-0.203238151459));
#1287 = CARTESIAN_POINT('',(-6.439659017427,-0.404845812937));
#1288 = CARTESIAN_POINT('',(-6.436585886993,-0.604834490602));
#1289 = CARTESIAN_POINT('',(-6.433496554088,-0.803215506021));
#1290 = CARTESIAN_POINT('',(-6.430390967692,-1.));
#1291 = ( GEOMETRIC_REPRESENTATION_CONTEXT(2) 
PARAMETRIC_REPRESENTATION_CONTEXT() REPRESENTATION_CONTEXT('2D SPACE',''
  ) );
#1292 = PCURVE('',#1205,#1293);
#1293 = DEFINITIONAL_REPRESENTATION('',(#1294),#1298);
#1294 = ( BOUNDED_CURVE() B_SPLINE_CURVE(2,(#1295,#1296,#1297),
.UNSPECIFIED.,.F.,.F.) B_SPLINE_CURVE_WITH_KNOTS((3,3),(-1.133556211171,
-1.107491468207),.PIECEWISE_BEZIER_KNOTS.) CURVE() 
GEOMETRIC_REPRESENTATION_ITEM() RATIONAL_B_SPLINE_CURVE((1.,
1.000084922555,1.)) REPRESENTATION_ITEM('') );
#1295 = CARTESIAN_POINT('',(10.987177379236,-5.));
#1296 = CARTESIAN_POINT('',(10.361658960938,-5.50806661517));
#1297 = CARTESIAN_POINT('',(9.749172176354,-6.));
#1298 = ( GEOMETRIC_REPRESENTATION_CONTEXT(2) 
PARAMETRIC_REPRESENTATION_CONTEXT() REPRESENTATION_CONTEXT('2D SPACE',''
  ) );
#1299 = ORIENTED_EDGE('',*,*,#1300,.T.);
#1300 = EDGE_CURVE('',#1274,#1301,#1303,.T.);
#1301 = VERTEX_POINT('',#1302);
#1302 = CARTESIAN_POINT('',(6.893705756854,46.491685503301,6.));
#1303 = SURFACE_CURVE('',#1304,(#1309,#1316),.PCURVE_S1.);
#1304 = CIRCLE('',#1305,47.);
#1305 = AXIS2_PLACEMENT_3D('',#1306,#1307,#1308);
#1306 = CARTESIAN_POINT('',(0.,0.,6.));
#1307 = DIRECTION('',(0.,0.,-1.));
#1308 = DIRECTION('',(0.989184797943,0.146674590571,0.));
#1309 = PCURVE('',#1178,#1310);
#1310 = DEFINITIONAL_REPRESENTATION('',(#1311),#1315);
#1311 = LINE('',#1312,#1313);
#1312 = CARTESIAN_POINT('',(-6.430390967692,-1.));
#1313 = VECTOR('',#1314,1.);
#1314 = DIRECTION('',(1.,-0.));
#1315 = ( GEOMETRIC_REPRESENTATION_CONTEXT(2) 
PARAMETRIC_REPRESENTATION_CONTEXT() REPRESENTATION_CONTEXT('2D SPACE',''
  ) );
#1316 = PCURVE('',#1317,#1322);
#1317 = PLANE('',#1318);
#1318 = AXIS2_PLACEMENT_3D('',#1319,#1320,#1321);
#1319 = CARTESIAN_POINT('',(-2.734880265079E-15,1.687072141469E-15,6.));
#1320 = DIRECTION('',(0.,0.,1.));
#1321 = DIRECTION('',(1.,0.,-0.));
#1322 = DEFINITIONAL_REPRESENTATION('',(#1323),#1331);
#1323 = ( BOUNDED_CURVE() B_SPLINE_CURVE(2,(#1324,#1325,#1326,#1327,
#1328,#1329,#1330),.UNSPECIFIED.,.T.,.F.) B_SPLINE_CURVE_WITH_KNOTS((1,2
    ,2,2,2,1),(-2.094395102393,0.,2.094395102393,4.188790204786,
6.28318530718,8.377580409573),.UNSPECIFIED.) CURVE() 
GEOMETRIC_REPRESENTATION_ITEM() RATIONAL_B_SPLINE_CURVE((1.,0.5,1.,0.5,
1.,0.5,1.)) REPRESENTATION_ITEM('') );
#1324 = CARTESIAN_POINT('',(46.491685503302,6.893705756854));
#1325 = CARTESIAN_POINT('',(58.431934126603,-73.63225566437));
#1326 = CARTESIAN_POINT('',(-17.27571844,-43.70983358904));
#1327 = CARTESIAN_POINT('',(-92.9833710066,-13.7874115137));
#1328 = CARTESIAN_POINT('',(-29.2159670633,36.816127832189));
#1329 = CARTESIAN_POINT('',(34.551436880001,87.419667178086));
#1330 = CARTESIAN_POINT('',(46.491685503302,6.893705756854));
#1331 = ( GEOMETRIC_REPRESENTATION_CONTEXT(2) 
PARAMETRIC_REPRESENTATION_CONTEXT() REPRESENTATION_CONTEXT('2D SPACE',''
  ) );
#1332 = ORIENTED_EDGE('',*,*,#1333,.T.);
#1333 = EDGE_CURVE('',#1301,#1157,#1334,.T.);
#1334 = SURFACE_CURVE('',#1335,(#1340,#1350),.PCURVE_S1.);
#1335 = HYPERBOLA('',#1336,28.,28.);
#1336 = AXIS2_PLACEMENT_3D('',#1337,#1338,#1339);
#1337 = CARTESIAN_POINT('',(-19.79898987322,19.798989873223,53.));
#1338 = DIRECTION('',(0.707106781187,-0.707106781187,0.));
#1339 = DIRECTION('',(0.,-0.,-1.));
#1340 = PCURVE('',#1178,#1341);
#1341 = DEFINITIONAL_REPRESENTATION('',(#1342),#1349);
#1342 = B_SPLINE_CURVE_WITH_KNOTS('',5,(#1343,#1344,#1345,#1346,#1347,
    #1348),.UNSPECIFIED.,.F.,.F.,(6,6),(1.107491468207,1.133556211171),
  .PIECEWISE_BEZIER_KNOTS.);
#1343 = CARTESIAN_POINT('',(-1.423590666282,-1.));
#1344 = CARTESIAN_POINT('',(-1.420485079886,-0.803215506021));
#1345 = CARTESIAN_POINT('',(-1.417395746981,-0.604834490602));
#1346 = CARTESIAN_POINT('',(-1.414322616548,-0.404845812937));
#1347 = CARTESIAN_POINT('',(-1.411265635489,-0.203238151459));
#1348 = CARTESIAN_POINT('',(-1.408224748809,-3.552713678801E-15));
#1349 = ( GEOMETRIC_REPRESENTATION_CONTEXT(2) 
PARAMETRIC_REPRESENTATION_CONTEXT() REPRESENTATION_CONTEXT('2D SPACE',''
  ) );
#1350 = PCURVE('',#1258,#1351);
#1351 = DEFINITIONAL_REPRESENTATION('',(#1352),#1356);
#1352 = ( BOUNDED_CURVE() B_SPLINE_CURVE(2,(#1353,#1354,#1355),
.UNSPECIFIED.,.F.,.F.) B_SPLINE_CURVE_WITH_KNOTS((3,3),(1.107491468207,
1.133556211171),.PIECEWISE_BEZIER_KNOTS.) CURVE() 
GEOMETRIC_REPRESENTATION_ITEM() RATIONAL_B_SPLINE_CURVE((1.,
1.000084922555,1.)) REPRESENTATION_ITEM('') );
#1353 = CARTESIAN_POINT('',(21.250827823646,-6.));
#1354 = CARTESIAN_POINT('',(20.638341039062,-5.50806661517));
#1355 = CARTESIAN_POINT('',(20.012822620764,-5.));
#1356 = ( GEOMETRIC_REPRESENTATION_CONTEXT(2) 
PARAMETRIC_REPRESENTATION_CONTEXT() REPRESENTATION_CONTEXT('2D SPACE',''
  ) );
#1357 = ADVANCED_FACE('',(#1358),#1205,.F.);
#1358 = FACE_BOUND('',#1359,.F.);
#1359 = EDGE_LOOP('',(#1360,#1383,#1384,#1385,#1408,#1436,#1464));
#1360 = ORIENTED_EDGE('',*,*,#1361,.F.);
#1361 = EDGE_CURVE('',#1191,#1362,#1364,.T.);
#1362 = VERTEX_POINT('',#1363);
#1363 = CARTESIAN_POINT('',(57.27564927611,17.677669529664,0.));
#1364 = SURFACE_CURVE('',#1365,(#1369,#1376),.PCURVE_S1.);
#1365 = LINE('',#1366,#1367);
#1366 = CARTESIAN_POINT('',(39.597979746447,-1.7763568394E-15,0.));
#1367 = VECTOR('',#1368,1.);
#1368 = DIRECTION('',(0.707106781187,0.707106781187,0.));
#1369 = PCURVE('',#1205,#1370);
#1370 = DEFINITIONAL_REPRESENTATION('',(#1371),#1375);
#1371 = LINE('',#1372,#1373);
#1372 = CARTESIAN_POINT('',(0.,0.));
#1373 = VECTOR('',#1374,1.);
#1374 = DIRECTION('',(1.,0.));
#1375 = ( GEOMETRIC_REPRESENTATION_CONTEXT(2) 
PARAMETRIC_REPRESENTATION_CONTEXT() REPRESENTATION_CONTEXT('2D SPACE',''
  ) );
#1376 = PCURVE('',#1233,#1377);
#1377 = DEFINITIONAL_REPRESENTATION('',(#1378),#1382);
#1378 = LINE('',#1379,#1380);
#1379 = CARTESIAN_POINT('',(39.597979746447,-3.46342898087E-15));
#1380 = VECTOR('',#1381,1.);
#1381 = DIRECTION('',(0.707106781187,0.707106781187));
#1382 = ( GEOMETRIC_REPRESENTATION_CONTEXT(2) 
PARAMETRIC_REPRESENTATION_CONTEXT() REPRESENTATION_CONTEXT('2D SPACE',''
  ) );
#1383 = ORIENTED_EDGE('',*,*,#1190,.F.);
#1384 = ORIENTED_EDGE('',*,*,#1273,.T.);
#1385 = ORIENTED_EDGE('',*,*,#1386,.F.);
#1386 = EDGE_CURVE('',#1387,#1274,#1389,.T.);
#1387 = VERTEX_POINT('',#1388);
#1388 = CARTESIAN_POINT('',(61.51828996323,21.920310216783,6.));
#1389 = SURFACE_CURVE('',#1390,(#1394,#1401),.PCURVE_S1.);
#1390 = LINE('',#1391,#1392);
#1391 = CARTESIAN_POINT('',(61.51828996323,21.920310216783,6.));
#1392 = VECTOR('',#1393,1.);
#1393 = DIRECTION('',(-0.707106781187,-0.707106781187,0.));
#1394 = PCURVE('',#1205,#1395);
#1395 = DEFINITIONAL_REPRESENTATION('',(#1396),#1400);
#1396 = LINE('',#1397,#1398);
#1397 = CARTESIAN_POINT('',(31.,-6.));
#1398 = VECTOR('',#1399,1.);
#1399 = DIRECTION('',(-1.,-0.));
#1400 = ( GEOMETRIC_REPRESENTATION_CONTEXT(2) 
PARAMETRIC_REPRESENTATION_CONTEXT() REPRESENTATION_CONTEXT('2D SPACE',''
  ) );
#1401 = PCURVE('',#1317,#1402);
#1402 = DEFINITIONAL_REPRESENTATION('',(#1403),#1407);
#1403 = LINE('',#1404,#1405);
#1404 = CARTESIAN_POINT('',(61.51828996323,21.920310216783));
#1405 = VECTOR('',#1406,1.);
#1406 = DIRECTION('',(-0.707106781187,-0.707106781187));
#1407 = ( GEOMETRIC_REPRESENTATION_CONTEXT(2) 
PARAMETRIC_REPRESENTATION_CONTEXT() REPRESENTATION_CONTEXT('2D SPACE',''
  ) );
#1408 = ORIENTED_EDGE('',*,*,#1409,.F.);
#1409 = EDGE_CURVE('',#1410,#1387,#1412,.T.);
#1410 = VERTEX_POINT('',#1411);
#1411 = CARTESIAN_POINT('',(61.51828996323,21.920310216783,-13.05));
#1412 = SURFACE_CURVE('',#1413,(#1417,#1424),.PCURVE_S1.);
#1413 = LINE('',#1414,#1415);
#1414 = CARTESIAN_POINT('',(61.51828996323,21.920310216783,-19.05));
#1415 = VECTOR('',#1416,1.);
#1416 = DIRECTION('',(0.,0.,1.));
#1417 = PCURVE('',#1205,#1418);
#1418 = DEFINITIONAL_REPRESENTATION('',(#1419),#1423);
#1419 = LINE('',#1420,#1421);
#1420 = CARTESIAN_POINT('',(31.,19.05));
#1421 = VECTOR('',#1422,1.);
#1422 = DIRECTION('',(0.,-1.));
#1423 = ( GEOMETRIC_REPRESENTATION_CONTEXT(2) 
PARAMETRIC_REPRESENTATION_CONTEXT() REPRESENTATION_CONTEXT('2D SPACE',''
  ) );
#1424 = PCURVE('',#1425,#1430);
#1425 = PLANE('',#1426);
#1426 = AXIS2_PLACEMENT_3D('',#1427,#1428,#1429);
#1427 = CARTESIAN_POINT('',(61.51828996323,21.920310216783,-19.05));
#1428 = DIRECTION('',(-0.707106781187,-0.707106781187,0.));
#1429 = DIRECTION('',(-0.707106781187,0.707106781187,0.));
#1430 = DEFINITIONAL_REPRESENTATION('',(#1431),#1435);
#1431 = LINE('',#1432,#1433);
#1432 = CARTESIAN_POINT('',(0.,0.));
#1433 = VECTOR('',#1434,1.);
#1434 = DIRECTION('',(0.,-1.));
#1435 = ( GEOMETRIC_REPRESENTATION_CONTEXT(2) 
PARAMETRIC_REPRESENTATION_CONTEXT() REPRESENTATION_CONTEXT('2D SPACE',''
  ) );
#1436 = ORIENTED_EDGE('',*,*,#1437,.F.);
#1437 = EDGE_CURVE('',#1438,#1410,#1440,.T.);
#1438 = VERTEX_POINT('',#1439);
#1439 = CARTESIAN_POINT('',(57.27564927611,17.677669529664,-13.05));
#1440 = SURFACE_CURVE('',#1441,(#1445,#1452),.PCURVE_S1.);
#1441 = LINE('',#1442,#1443);
#1442 = CARTESIAN_POINT('',(57.27564927611,17.677669529664,-13.05));
#1443 = VECTOR('',#1444,1.);
#1444 = DIRECTION('',(0.707106781187,0.707106781187,0.));
#1445 = PCURVE('',#1205,#1446);
#1446 = DEFINITIONAL_REPRESENTATION('',(#1447),#1451);
#1447 = LINE('',#1448,#1449);
#1448 = CARTESIAN_POINT('',(25.,13.05));
#1449 = VECTOR('',#1450,1.);
#1450 = DIRECTION('',(1.,0.));
#1451 = ( GEOMETRIC_REPRESENTATION_CONTEXT(2) 
PARAMETRIC_REPRESENTATION_CONTEXT() REPRESENTATION_CONTEXT('2D SPACE',''
  ) );
#1452 = PCURVE('',#1453,#1458);
#1453 = CYLINDRICAL_SURFACE('',#1454,6.);
#1454 = AXIS2_PLACEMENT_3D('',#1455,#1456,#1457);
#1455 = CARTESIAN_POINT('',(53.033008588991,21.920310216783,-13.05));
#1456 = DIRECTION('',(0.707106781187,0.707106781187,0.));
#1457 = DIRECTION('',(0.707106781187,-0.707106781187,0.));
#1458 = DEFINITIONAL_REPRESENTATION('',(#1459),#1463);
#1459 = LINE('',#1460,#1461);
#1460 = CARTESIAN_POINT('',(0.,0.));
#1461 = VECTOR('',#1462,1.);
#1462 = DIRECTION('',(0.,1.));
#1463 = ( GEOMETRIC_REPRESENTATION_CONTEXT(2) 
PARAMETRIC_REPRESENTATION_CONTEXT() REPRESENTATION_CONTEXT('2D SPACE',''
  ) );
#1464 = ORIENTED_EDGE('',*,*,#1465,.T.);
#1465 = EDGE_CURVE('',#1438,#1362,#1466,.T.);
#1466 = SURFACE_CURVE('',#1467,(#1471,#1478),.PCURVE_S1.);
#1467 = LINE('',#1468,#1469);
#1468 = CARTESIAN_POINT('',(57.27564927611,17.677669529664,-19.05));
#1469 = VECTOR('',#1470,1.);
#1470 = DIRECTION('',(0.,0.,1.));
#1471 = PCURVE('',#1205,#1472);
#1472 = DEFINITIONAL_REPRESENTATION('',(#1473),#1477);
#1473 = LINE('',#1474,#1475);
#1474 = CARTESIAN_POINT('',(25.,19.05));
#1475 = VECTOR('',#1476,1.);
#1476 = DIRECTION('',(0.,-1.));
#1477 = ( GEOMETRIC_REPRESENTATION_CONTEXT(2) 
PARAMETRIC_REPRESENTATION_CONTEXT() REPRESENTATION_CONTEXT('2D SPACE',''
  ) );
#1478 = PCURVE('',#1479,#1484);
#1479 = PLANE('',#1480);
#1480 = AXIS2_PLACEMENT_3D('',#1481,#1482,#1483);
#1481 = CARTESIAN_POINT('',(17.677669529664,57.27564927611,-19.05));
#1482 = DIRECTION('',(0.707106781187,0.707106781187,0.));
#1483 = DIRECTION('',(0.707106781187,-0.707106781187,0.));
#1484 = DEFINITIONAL_REPRESENTATION('',(#1485),#1489);
#1485 = LINE('',#1486,#1487);
#1486 = CARTESIAN_POINT('',(56.,0.));
#1487 = VECTOR('',#1488,1.);
#1488 = DIRECTION('',(0.,-1.));
#1489 = ( GEOMETRIC_REPRESENTATION_CONTEXT(2) 
PARAMETRIC_REPRESENTATION_CONTEXT() REPRESENTATION_CONTEXT('2D SPACE',''
  ) );
#1490 = ADVANCED_FACE('',(#1491,#1539,#1574,#1609,#1644,#2064,#2099,
    #2134,#2169),#1233,.F.);
#1491 = FACE_BOUND('',#1492,.F.);
#1492 = EDGE_LOOP('',(#1493,#1494,#1495,#1518));
#1493 = ORIENTED_EDGE('',*,*,#1216,.T.);
#1494 = ORIENTED_EDGE('',*,*,#1361,.T.);
#1495 = ORIENTED_EDGE('',*,*,#1496,.T.);
#1496 = EDGE_CURVE('',#1362,#1497,#1499,.T.);
#1497 = VERTEX_POINT('',#1498);
#1498 = CARTESIAN_POINT('',(17.677669529664,57.27564927611,0.));
#1499 = SURFACE_CURVE('',#1500,(#1504,#1511),.PCURVE_S1.);
#1500 = LINE('',#1501,#1502);
#1501 = CARTESIAN_POINT('',(27.577164466275,47.376154339499,0.));
#1502 = VECTOR('',#1503,1.);
#1503 = DIRECTION('',(-0.707106781187,0.707106781187,0.));
#1504 = PCURVE('',#1233,#1505);
#1505 = DEFINITIONAL_REPRESENTATION('',(#1506),#1510);
#1506 = LINE('',#1507,#1508);
#1507 = CARTESIAN_POINT('',(27.577164466275,47.376154339499));
#1508 = VECTOR('',#1509,1.);
#1509 = DIRECTION('',(-0.707106781187,0.707106781187));
#1510 = ( GEOMETRIC_REPRESENTATION_CONTEXT(2) 
PARAMETRIC_REPRESENTATION_CONTEXT() REPRESENTATION_CONTEXT('2D SPACE',''
  ) );
#1511 = PCURVE('',#1479,#1512);
#1512 = DEFINITIONAL_REPRESENTATION('',(#1513),#1517);
#1513 = LINE('',#1514,#1515);
#1514 = CARTESIAN_POINT('',(14.,-19.05));
#1515 = VECTOR('',#1516,1.);
#1516 = DIRECTION('',(-1.,0.));
#1517 = ( GEOMETRIC_REPRESENTATION_CONTEXT(2) 
PARAMETRIC_REPRESENTATION_CONTEXT() REPRESENTATION_CONTEXT('2D SPACE',''
  ) );
#1518 = ORIENTED_EDGE('',*,*,#1519,.T.);
#1519 = EDGE_CURVE('',#1497,#1217,#1520,.T.);
#1520 = SURFACE_CURVE('',#1521,(#1525,#1532),.PCURVE_S1.);
#1521 = LINE('',#1522,#1523);
#1522 = CARTESIAN_POINT('',(21.920310216783,61.51828996323,0.));
#1523 = VECTOR('',#1524,1.);
#1524 = DIRECTION('',(-0.707106781187,-0.707106781187,0.));
#1525 = PCURVE('',#1233,#1526);
#1526 = DEFINITIONAL_REPRESENTATION('',(#1527),#1531);
#1527 = LINE('',#1528,#1529);
#1528 = CARTESIAN_POINT('',(21.920310216783,61.51828996323));
#1529 = VECTOR('',#1530,1.);
#1530 = DIRECTION('',(-0.707106781187,-0.707106781187));
#1531 = ( GEOMETRIC_REPRESENTATION_CONTEXT(2) 
PARAMETRIC_REPRESENTATION_CONTEXT() REPRESENTATION_CONTEXT('2D SPACE',''
  ) );
#1532 = PCURVE('',#1258,#1533);
#1533 = DEFINITIONAL_REPRESENTATION('',(#1534),#1538);
#1534 = LINE('',#1535,#1536);
#1535 = CARTESIAN_POINT('',(0.,0.));
#1536 = VECTOR('',#1537,1.);
#1537 = DIRECTION('',(1.,0.));
#1538 = ( GEOMETRIC_REPRESENTATION_CONTEXT(2) 
PARAMETRIC_REPRESENTATION_CONTEXT() REPRESENTATION_CONTEXT('2D SPACE',''
  ) );
#1539 = FACE_BOUND('',#1540,.F.);
#1540 = EDGE_LOOP('',(#1541));
#1541 = ORIENTED_EDGE('',*,*,#1542,.T.);
#1542 = EDGE_CURVE('',#1543,#1543,#1545,.T.);
#1543 = VERTEX_POINT('',#1544);
#1544 = CARTESIAN_POINT('',(-15.5,-34.64101615137,0.));
#1545 = SURFACE_CURVE('',#1546,(#1551,#1562),.PCURVE_S1.);
#1546 = CIRCLE('',#1547,4.5);
#1547 = AXIS2_PLACEMENT_3D('',#1548,#1549,#1550);
#1548 = CARTESIAN_POINT('',(-20.,-34.64101615137,0.));
#1549 = DIRECTION('',(0.,0.,-1.));
#1550 = DIRECTION('',(1.,0.,0.));
#1551 = PCURVE('',#1233,#1552);
#1552 = DEFINITIONAL_REPRESENTATION('',(#1553),#1561);
#1553 = ( BOUNDED_CURVE() B_SPLINE_CURVE(2,(#1554,#1555,#1556,#1557,
#1558,#1559,#1560),.UNSPECIFIED.,.T.,.F.) B_SPLINE_CURVE_WITH_KNOTS((1,2
    ,2,2,2,1),(-2.094395102393,0.,2.094395102393,4.188790204786,
6.28318530718,8.377580409573),.UNSPECIFIED.) CURVE() 
GEOMETRIC_REPRESENTATION_ITEM() RATIONAL_B_SPLINE_CURVE((1.,0.5,1.,0.5,
1.,0.5,1.)) REPRESENTATION_ITEM('') );
#1554 = CARTESIAN_POINT('',(-15.5,-34.64101615137));
#1555 = CARTESIAN_POINT('',(-15.5,-42.43524478543));
#1556 = CARTESIAN_POINT('',(-22.25,-38.5381304684));
#1557 = CARTESIAN_POINT('',(-29.,-34.64101615137));
#1558 = CARTESIAN_POINT('',(-22.25,-30.74390183434));
#1559 = CARTESIAN_POINT('',(-15.5,-26.84678751731));
#1560 = CARTESIAN_POINT('',(-15.5,-34.64101615137));
#1561 = ( GEOMETRIC_REPRESENTATION_CONTEXT(2) 
PARAMETRIC_REPRESENTATION_CONTEXT() REPRESENTATION_CONTEXT('2D SPACE',''
  ) );
#1562 = PCURVE('',#1563,#1568);
#1563 = CYLINDRICAL_SURFACE('',#1564,4.5);
#1564 = AXIS2_PLACEMENT_3D('',#1565,#1566,#1567);
#1565 = CARTESIAN_POINT('',(-20.,-34.64101615137,-20.));
#1566 = DIRECTION('',(-0.,-0.,-1.));
#1567 = DIRECTION('',(1.,0.,0.));
#1568 = DEFINITIONAL_REPRESENTATION('',(#1569),#1573);
#1569 = LINE('',#1570,#1571);
#1570 = CARTESIAN_POINT('',(-6.28318530718,-20.));
#1571 = VECTOR('',#1572,1.);
#1572 = DIRECTION('',(1.,-0.));
#1573 = ( GEOMETRIC_REPRESENTATION_CONTEXT(2) 
PARAMETRIC_REPRESENTATION_CONTEXT() REPRESENTATION_CONTEXT('2D SPACE',''
  ) );
#1574 = FACE_BOUND('',#1575,.F.);
#1575 = EDGE_LOOP('',(#1576));
#1576 = ORIENTED_EDGE('',*,*,#1577,.T.);
#1577 = EDGE_CURVE('',#1578,#1578,#1580,.T.);
#1578 = VERTEX_POINT('',#1579);
#1579 = CARTESIAN_POINT('',(-35.5,4.898587196589E-15,0.));
#1580 = SURFACE_CURVE('',#1581,(#1586,#1597),.PCURVE_S1.);
#1581 = CIRCLE('',#1582,4.5);
#1582 = AXIS2_PLACEMENT_3D('',#1583,#1584,#1585);
#1583 = CARTESIAN_POINT('',(-40.,4.898587196589E-15,0.));
#1584 = DIRECTION('',(0.,0.,-1.));
#1585 = DIRECTION('',(1.,0.,0.));
#1586 = PCURVE('',#1233,#1587);
#1587 = DEFINITIONAL_REPRESENTATION('',(#1588),#1596);
#1588 = ( BOUNDED_CURVE() B_SPLINE_CURVE(2,(#1589,#1590,#1591,#1592,
#1593,#1594,#1595),.UNSPECIFIED.,.T.,.F.) B_SPLINE_CURVE_WITH_KNOTS((1,2
    ,2,2,2,1),(-2.094395102393,0.,2.094395102393,4.188790204786,
6.28318530718,8.377580409573),.UNSPECIFIED.) CURVE() 
GEOMETRIC_REPRESENTATION_ITEM() RATIONAL_B_SPLINE_CURVE((1.,0.5,1.,0.5,
1.,0.5,1.)) REPRESENTATION_ITEM('') );
#1589 = CARTESIAN_POINT('',(-35.5,3.21151505512E-15));
#1590 = CARTESIAN_POINT('',(-35.5,-7.79422863406));
#1591 = CARTESIAN_POINT('',(-42.25,-3.89711431703));
#1592 = CARTESIAN_POINT('',(-49.,2.109332935887E-15));
#1593 = CARTESIAN_POINT('',(-42.25,3.89711431703));
#1594 = CARTESIAN_POINT('',(-35.5,7.79422863406));
#1595 = CARTESIAN_POINT('',(-35.5,3.21151505512E-15));
#1596 = ( GEOMETRIC_REPRESENTATION_CONTEXT(2) 
PARAMETRIC_REPRESENTATION_CONTEXT() REPRESENTATION_CONTEXT('2D SPACE',''
  ) );
#1597 = PCURVE('',#1598,#1603);
#1598 = CYLINDRICAL_SURFACE('',#1599,4.5);
#1599 = AXIS2_PLACEMENT_3D('',#1600,#1601,#1602);
#1600 = CARTESIAN_POINT('',(-40.,4.898587196589E-15,-20.));
#1601 = DIRECTION('',(-0.,-0.,-1.));
#1602 = DIRECTION('',(1.,0.,0.));
#1603 = DEFINITIONAL_REPRESENTATION('',(#1604),#1608);
#1604 = LINE('',#1605,#1606);
#1605 = CARTESIAN_POINT('',(-6.28318530718,-20.));
#1606 = VECTOR('',#1607,1.);
#1607 = DIRECTION('',(1.,-0.));
#1608 = ( GEOMETRIC_REPRESENTATION_CONTEXT(2) 
PARAMETRIC_REPRESENTATION_CONTEXT() REPRESENTATION_CONTEXT('2D SPACE',''
  ) );
#1609 = FACE_BOUND('',#1610,.F.);
#1610 = EDGE_LOOP('',(#1611));
#1611 = ORIENTED_EDGE('',*,*,#1612,.T.);
#1612 = EDGE_CURVE('',#1613,#1613,#1615,.T.);
#1613 = VERTEX_POINT('',#1614);
#1614 = CARTESIAN_POINT('',(24.5,-34.64101615137,0.));
#1615 = SURFACE_CURVE('',#1616,(#1621,#1632),.PCURVE_S1.);
#1616 = CIRCLE('',#1617,4.5);
#1617 = AXIS2_PLACEMENT_3D('',#1618,#1619,#1620);
#1618 = CARTESIAN_POINT('',(20.,-34.64101615137,0.));
#1619 = DIRECTION('',(0.,0.,-1.));
#1620 = DIRECTION('',(1.,0.,0.));
#1621 = PCURVE('',#1233,#1622);
#1622 = DEFINITIONAL_REPRESENTATION('',(#1623),#1631);
#1623 = ( BOUNDED_CURVE() B_SPLINE_CURVE(2,(#1624,#1625,#1626,#1627,
#1628,#1629,#1630),.UNSPECIFIED.,.T.,.F.) B_SPLINE_CURVE_WITH_KNOTS((1,2
    ,2,2,2,1),(-2.094395102393,0.,2.094395102393,4.188790204786,
6.28318530718,8.377580409573),.UNSPECIFIED.) CURVE() 
GEOMETRIC_REPRESENTATION_ITEM() RATIONAL_B_SPLINE_CURVE((1.,0.5,1.,0.5,
1.,0.5,1.)) REPRESENTATION_ITEM('') );
#1624 = CARTESIAN_POINT('',(24.5,-34.64101615137));
#1625 = CARTESIAN_POINT('',(24.5,-42.43524478543));
#1626 = CARTESIAN_POINT('',(17.75,-38.5381304684));
#1627 = CARTESIAN_POINT('',(11.,-34.64101615137));
#1628 = CARTESIAN_POINT('',(17.75,-30.74390183434));
#1629 = CARTESIAN_POINT('',(24.5,-26.84678751731));
#1630 = CARTESIAN_POINT('',(24.5,-34.64101615137));
#1631 = ( GEOMETRIC_REPRESENTATION_CONTEXT(2) 
PARAMETRIC_REPRESENTATION_CONTEXT() REPRESENTATION_CONTEXT('2D SPACE',''
  ) );
#1632 = PCURVE('',#1633,#1638);
#1633 = CYLINDRICAL_SURFACE('',#1634,4.5);
#1634 = AXIS2_PLACEMENT_3D('',#1635,#1636,#1637);
#1635 = CARTESIAN_POINT('',(20.,-34.64101615137,-20.));
#1636 = DIRECTION('',(-0.,-0.,-1.));
#1637 = DIRECTION('',(1.,0.,0.));
#1638 = DEFINITIONAL_REPRESENTATION('',(#1639),#1643);
#1639 = LINE('',#1640,#1641);
#1640 = CARTESIAN_POINT('',(-6.28318530718,-20.));
#1641 = VECTOR('',#1642,1.);
#1642 = DIRECTION('',(1.,-0.));
#1643 = ( GEOMETRIC_REPRESENTATION_CONTEXT(2) 
PARAMETRIC_REPRESENTATION_CONTEXT() REPRESENTATION_CONTEXT('2D SPACE',''
  ) );
#1644 = FACE_BOUND('',#1645,.F.);
#1645 = EDGE_LOOP('',(#1646,#1677,#1710,#1738,#1767,#1800,#1828,#1857,
    #1890,#1919,#1952,#1981,#2007,#2040));
#1646 = ORIENTED_EDGE('',*,*,#1647,.F.);
#1647 = EDGE_CURVE('',#1648,#1650,#1652,.T.);
#1648 = VERTEX_POINT('',#1649);
#1649 = CARTESIAN_POINT('',(15.130472102606,19.775712729312,0.));
#1650 = VERTEX_POINT('',#1651);
#1651 = CARTESIAN_POINT('',(3.1,24.706274506692,0.));
#1652 = SURFACE_CURVE('',#1653,(#1658,#1665),.PCURVE_S1.);
#1653 = CIRCLE('',#1654,24.9);
#1654 = AXIS2_PLACEMENT_3D('',#1655,#1656,#1657);
#1655 = CARTESIAN_POINT('',(0.,0.,0.));
#1656 = DIRECTION('',(0.,-0.,1.));
#1657 = DIRECTION('',(0.607649482032,0.794205330494,0.));
#1658 = PCURVE('',#1233,#1659);
#1659 = DEFINITIONAL_REPRESENTATION('',(#1660),#1664);
#1660 = CIRCLE('',#1661,24.9);
#1661 = AXIS2_PLACEMENT_2D('',#1662,#1663);
#1662 = CARTESIAN_POINT('',(2.734880265079E-15,-1.687072141469E-15));
#1663 = DIRECTION('',(0.607649482032,0.794205330494));
#1664 = ( GEOMETRIC_REPRESENTATION_CONTEXT(2) 
PARAMETRIC_REPRESENTATION_CONTEXT() REPRESENTATION_CONTEXT('2D SPACE',''
  ) );
#1665 = PCURVE('',#1666,#1671);
#1666 = CYLINDRICAL_SURFACE('',#1667,24.9);
#1667 = AXIS2_PLACEMENT_3D('',#1668,#1669,#1670);
#1668 = CARTESIAN_POINT('',(0.,0.,-3.));
#1669 = DIRECTION('',(-0.,-0.,-1.));
#1670 = DIRECTION('',(1.,0.,0.));
#1671 = DEFINITIONAL_REPRESENTATION('',(#1672),#1676);
#1672 = LINE('',#1673,#1674);
#1673 = CARTESIAN_POINT('',(-0.917698683377,-3.));
#1674 = VECTOR('',#1675,1.);
#1675 = DIRECTION('',(-1.,0.));
#1676 = ( GEOMETRIC_REPRESENTATION_CONTEXT(2) 
PARAMETRIC_REPRESENTATION_CONTEXT() REPRESENTATION_CONTEXT('2D SPACE',''
  ) );
#1677 = ORIENTED_EDGE('',*,*,#1678,.T.);
#1678 = EDGE_CURVE('',#1648,#1679,#1681,.T.);
#1679 = VERTEX_POINT('',#1680);
#1680 = CARTESIAN_POINT('',(20.977669529664,17.677669529664,0.));
#1681 = SURFACE_CURVE('',#1682,(#1687,#1698),.PCURVE_S1.);
#1682 = CIRCLE('',#1683,3.3);
#1683 = AXIS2_PLACEMENT_3D('',#1684,#1685,#1686);
#1684 = CARTESIAN_POINT('',(17.677669529664,17.677669529664,0.));
#1685 = DIRECTION('',(0.,0.,-1.));
#1686 = DIRECTION('',(1.,0.,0.));
#1687 = PCURVE('',#1233,#1688);
#1688 = DEFINITIONAL_REPRESENTATION('',(#1689),#1697);
#1689 = ( BOUNDED_CURVE() B_SPLINE_CURVE(2,(#1690,#1691,#1692,#1693,
#1694,#1695,#1696),.UNSPECIFIED.,.T.,.F.) B_SPLINE_CURVE_WITH_KNOTS((1,2
    ,2,2,2,1),(-2.094395102393,0.,2.094395102393,4.188790204786,
6.28318530718,8.377580409573),.UNSPECIFIED.) CURVE() 
GEOMETRIC_REPRESENTATION_ITEM() RATIONAL_B_SPLINE_CURVE((1.,0.5,1.,0.5,
1.,0.5,1.)) REPRESENTATION_ITEM('') );
#1690 = CARTESIAN_POINT('',(20.977669529664,17.677669529664));
#1691 = CARTESIAN_POINT('',(20.977669529664,11.961901864686));
#1692 = CARTESIAN_POINT('',(16.027669529664,14.819785697175));
#1693 = CARTESIAN_POINT('',(11.077669529664,17.677669529664));
#1694 = CARTESIAN_POINT('',(16.027669529664,20.535553362152));
#1695 = CARTESIAN_POINT('',(20.977669529664,23.393437194641));
#1696 = CARTESIAN_POINT('',(20.977669529664,17.677669529664));
#1697 = ( GEOMETRIC_REPRESENTATION_CONTEXT(2) 
PARAMETRIC_REPRESENTATION_CONTEXT() REPRESENTATION_CONTEXT('2D SPACE',''
  ) );
#1698 = PCURVE('',#1699,#1704);
#1699 = CYLINDRICAL_SURFACE('',#1700,3.3);
#1700 = AXIS2_PLACEMENT_3D('',#1701,#1702,#1703);
#1701 = CARTESIAN_POINT('',(17.677669529664,17.677669529664,-20.));
#1702 = DIRECTION('',(-0.,-0.,-1.));
#1703 = DIRECTION('',(1.,0.,0.));
#1704 = DEFINITIONAL_REPRESENTATION('',(#1705),#1709);
#1705 = LINE('',#1706,#1707);
#1706 = CARTESIAN_POINT('',(-6.28318530718,-20.));
#1707 = VECTOR('',#1708,1.);
#1708 = DIRECTION('',(1.,-0.));
#1709 = ( GEOMETRIC_REPRESENTATION_CONTEXT(2) 
PARAMETRIC_REPRESENTATION_CONTEXT() REPRESENTATION_CONTEXT('2D SPACE',''
  ) );
#1710 = ORIENTED_EDGE('',*,*,#1711,.T.);
#1711 = EDGE_CURVE('',#1679,#1712,#1714,.T.);
#1712 = VERTEX_POINT('',#1713);
#1713 = CARTESIAN_POINT('',(19.775712729312,15.130472102606,0.));
#1714 = SURFACE_CURVE('',#1715,(#1720,#1731),.PCURVE_S1.);
#1715 = CIRCLE('',#1716,3.3);
#1716 = AXIS2_PLACEMENT_3D('',#1717,#1718,#1719);
#1717 = CARTESIAN_POINT('',(17.677669529664,17.677669529664,0.));
#1718 = DIRECTION('',(0.,0.,-1.));
#1719 = DIRECTION('',(1.,0.,0.));
#1720 = PCURVE('',#1233,#1721);
#1721 = DEFINITIONAL_REPRESENTATION('',(#1722),#1730);
#1722 = ( BOUNDED_CURVE() B_SPLINE_CURVE(2,(#1723,#1724,#1725,#1726,
#1727,#1728,#1729),.UNSPECIFIED.,.T.,.F.) B_SPLINE_CURVE_WITH_KNOTS((1,2
    ,2,2,2,1),(-2.094395102393,0.,2.094395102393,4.188790204786,
6.28318530718,8.377580409573),.UNSPECIFIED.) CURVE() 
GEOMETRIC_REPRESENTATION_ITEM() RATIONAL_B_SPLINE_CURVE((1.,0.5,1.,0.5,
1.,0.5,1.)) REPRESENTATION_ITEM('') );
#1723 = CARTESIAN_POINT('',(20.977669529664,17.677669529664));
#1724 = CARTESIAN_POINT('',(20.977669529664,11.961901864686));
#1725 = CARTESIAN_POINT('',(16.027669529664,14.819785697175));
#1726 = CARTESIAN_POINT('',(11.077669529664,17.677669529664));
#1727 = CARTESIAN_POINT('',(16.027669529664,20.535553362152));
#1728 = CARTESIAN_POINT('',(20.977669529664,23.393437194641));
#1729 = CARTESIAN_POINT('',(20.977669529664,17.677669529664));
#1730 = ( GEOMETRIC_REPRESENTATION_CONTEXT(2) 
PARAMETRIC_REPRESENTATION_CONTEXT() REPRESENTATION_CONTEXT('2D SPACE',''
  ) );
#1731 = PCURVE('',#1699,#1732);
#1732 = DEFINITIONAL_REPRESENTATION('',(#1733),#1737);
#1733 = LINE('',#1734,#1735);
#1734 = CARTESIAN_POINT('',(-6.28318530718,-20.));
#1735 = VECTOR('',#1736,1.);
#1736 = DIRECTION('',(1.,-0.));
#1737 = ( GEOMETRIC_REPRESENTATION_CONTEXT(2) 
PARAMETRIC_REPRESENTATION_CONTEXT() REPRESENTATION_CONTEXT('2D SPACE',''
  ) );
#1738 = ORIENTED_EDGE('',*,*,#1739,.F.);
#1739 = EDGE_CURVE('',#1740,#1712,#1742,.T.);
#1740 = VERTEX_POINT('',#1741);
#1741 = CARTESIAN_POINT('',(19.775712729312,-15.1304721026,0.));
#1742 = SURFACE_CURVE('',#1743,(#1748,#1755),.PCURVE_S1.);
#1743 = CIRCLE('',#1744,24.9);
#1744 = AXIS2_PLACEMENT_3D('',#1745,#1746,#1747);
#1745 = CARTESIAN_POINT('',(0.,0.,0.));
#1746 = DIRECTION('',(0.,-0.,1.));
#1747 = DIRECTION('',(0.607649482032,0.794205330494,0.));
#1748 = PCURVE('',#1233,#1749);
#1749 = DEFINITIONAL_REPRESENTATION('',(#1750),#1754);
#1750 = CIRCLE('',#1751,24.9);
#1751 = AXIS2_PLACEMENT_2D('',#1752,#1753);
#1752 = CARTESIAN_POINT('',(2.734880265079E-15,-1.687072141469E-15));
#1753 = DIRECTION('',(0.607649482032,0.794205330494));
#1754 = ( GEOMETRIC_REPRESENTATION_CONTEXT(2) 
PARAMETRIC_REPRESENTATION_CONTEXT() REPRESENTATION_CONTEXT('2D SPACE',''
  ) );
#1755 = PCURVE('',#1756,#1761);
#1756 = CYLINDRICAL_SURFACE('',#1757,24.9);
#1757 = AXIS2_PLACEMENT_3D('',#1758,#1759,#1760);
#1758 = CARTESIAN_POINT('',(0.,0.,-3.));
#1759 = DIRECTION('',(-0.,-0.,-1.));
#1760 = DIRECTION('',(1.,0.,0.));
#1761 = DEFINITIONAL_REPRESENTATION('',(#1762),#1766);
#1762 = LINE('',#1763,#1764);
#1763 = CARTESIAN_POINT('',(-0.917698683377,-3.));
#1764 = VECTOR('',#1765,1.);
#1765 = DIRECTION('',(-1.,0.));
#1766 = ( GEOMETRIC_REPRESENTATION_CONTEXT(2) 
PARAMETRIC_REPRESENTATION_CONTEXT() REPRESENTATION_CONTEXT('2D SPACE',''
  ) );
#1767 = ORIENTED_EDGE('',*,*,#1768,.T.);
#1768 = EDGE_CURVE('',#1740,#1769,#1771,.T.);
#1769 = VERTEX_POINT('',#1770);
#1770 = CARTESIAN_POINT('',(20.977669529664,-17.67766952966,0.));
#1771 = SURFACE_CURVE('',#1772,(#1777,#1788),.PCURVE_S1.);
#1772 = CIRCLE('',#1773,3.3);
#1773 = AXIS2_PLACEMENT_3D('',#1774,#1775,#1776);
#1774 = CARTESIAN_POINT('',(17.677669529664,-17.67766952966,0.));
#1775 = DIRECTION('',(0.,0.,-1.));
#1776 = DIRECTION('',(1.,0.,0.));
#1777 = PCURVE('',#1233,#1778);
#1778 = DEFINITIONAL_REPRESENTATION('',(#1779),#1787);
#1779 = ( BOUNDED_CURVE() B_SPLINE_CURVE(2,(#1780,#1781,#1782,#1783,
#1784,#1785,#1786),.UNSPECIFIED.,.T.,.F.) B_SPLINE_CURVE_WITH_KNOTS((1,2
    ,2,2,2,1),(-2.094395102393,0.,2.094395102393,4.188790204786,
6.28318530718,8.377580409573),.UNSPECIFIED.) CURVE() 
GEOMETRIC_REPRESENTATION_ITEM() RATIONAL_B_SPLINE_CURVE((1.,0.5,1.,0.5,
1.,0.5,1.)) REPRESENTATION_ITEM('') );
#1780 = CARTESIAN_POINT('',(20.977669529664,-17.67766952966));
#1781 = CARTESIAN_POINT('',(20.977669529664,-23.39343719464));
#1782 = CARTESIAN_POINT('',(16.027669529664,-20.53555336215));
#1783 = CARTESIAN_POINT('',(11.077669529664,-17.67766952966));
#1784 = CARTESIAN_POINT('',(16.027669529664,-14.81978569717));
#1785 = CARTESIAN_POINT('',(20.977669529664,-11.96190186468));
#1786 = CARTESIAN_POINT('',(20.977669529664,-17.67766952966));
#1787 = ( GEOMETRIC_REPRESENTATION_CONTEXT(2) 
PARAMETRIC_REPRESENTATION_CONTEXT() REPRESENTATION_CONTEXT('2D SPACE',''
  ) );
#1788 = PCURVE('',#1789,#1794);
#1789 = CYLINDRICAL_SURFACE('',#1790,3.3);
#1790 = AXIS2_PLACEMENT_3D('',#1791,#1792,#1793);
#1791 = CARTESIAN_POINT('',(17.677669529664,-17.67766952966,-20.));
#1792 = DIRECTION('',(-0.,-0.,-1.));
#1793 = DIRECTION('',(1.,0.,0.));
#1794 = DEFINITIONAL_REPRESENTATION('',(#1795),#1799);
#1795 = LINE('',#1796,#1797);
#1796 = CARTESIAN_POINT('',(-6.28318530718,-20.));
#1797 = VECTOR('',#1798,1.);
#1798 = DIRECTION('',(1.,-0.));
#1799 = ( GEOMETRIC_REPRESENTATION_CONTEXT(2) 
PARAMETRIC_REPRESENTATION_CONTEXT() REPRESENTATION_CONTEXT('2D SPACE',''
  ) );
#1800 = ORIENTED_EDGE('',*,*,#1801,.T.);
#1801 = EDGE_CURVE('',#1769,#1802,#1804,.T.);
#1802 = VERTEX_POINT('',#1803);
#1803 = CARTESIAN_POINT('',(15.130472102606,-19.77571272931,0.));
#1804 = SURFACE_CURVE('',#1805,(#1810,#1821),.PCURVE_S1.);
#1805 = CIRCLE('',#1806,3.3);
#1806 = AXIS2_PLACEMENT_3D('',#1807,#1808,#1809);
#1807 = CARTESIAN_POINT('',(17.677669529664,-17.67766952966,0.));
#1808 = DIRECTION('',(0.,0.,-1.));
#1809 = DIRECTION('',(1.,0.,0.));
#1810 = PCURVE('',#1233,#1811);
#1811 = DEFINITIONAL_REPRESENTATION('',(#1812),#1820);
#1812 = ( BOUNDED_CURVE() B_SPLINE_CURVE(2,(#1813,#1814,#1815,#1816,
#1817,#1818,#1819),.UNSPECIFIED.,.T.,.F.) B_SPLINE_CURVE_WITH_KNOTS((1,2
    ,2,2,2,1),(-2.094395102393,0.,2.094395102393,4.188790204786,
6.28318530718,8.377580409573),.UNSPECIFIED.) CURVE() 
GEOMETRIC_REPRESENTATION_ITEM() RATIONAL_B_SPLINE_CURVE((1.,0.5,1.,0.5,
1.,0.5,1.)) REPRESENTATION_ITEM('') );
#1813 = CARTESIAN_POINT('',(20.977669529664,-17.67766952966));
#1814 = CARTESIAN_POINT('',(20.977669529664,-23.39343719464));
#1815 = CARTESIAN_POINT('',(16.027669529664,-20.53555336215));
#1816 = CARTESIAN_POINT('',(11.077669529664,-17.67766952966));
#1817 = CARTESIAN_POINT('',(16.027669529664,-14.81978569717));
#1818 = CARTESIAN_POINT('',(20.977669529664,-11.96190186468));
#1819 = CARTESIAN_POINT('',(20.977669529664,-17.67766952966));
#1820 = ( GEOMETRIC_REPRESENTATION_CONTEXT(2) 
PARAMETRIC_REPRESENTATION_CONTEXT() REPRESENTATION_CONTEXT('2D SPACE',''
  ) );
#1821 = PCURVE('',#1789,#1822);
#1822 = DEFINITIONAL_REPRESENTATION('',(#1823),#1827);
#1823 = LINE('',#1824,#1825);
#1824 = CARTESIAN_POINT('',(-6.28318530718,-20.));
#1825 = VECTOR('',#1826,1.);
#1826 = DIRECTION('',(1.,-0.));
#1827 = ( GEOMETRIC_REPRESENTATION_CONTEXT(2) 
PARAMETRIC_REPRESENTATION_CONTEXT() REPRESENTATION_CONTEXT('2D SPACE',''
  ) );
#1828 = ORIENTED_EDGE('',*,*,#1829,.F.);
#1829 = EDGE_CURVE('',#1830,#1802,#1832,.T.);
#1830 = VERTEX_POINT('',#1831);
#1831 = CARTESIAN_POINT('',(-15.1304721026,-19.77571272931,0.));
#1832 = SURFACE_CURVE('',#1833,(#1838,#1845),.PCURVE_S1.);
#1833 = CIRCLE('',#1834,24.9);
#1834 = AXIS2_PLACEMENT_3D('',#1835,#1836,#1837);
#1835 = CARTESIAN_POINT('',(0.,0.,0.));
#1836 = DIRECTION('',(0.,-0.,1.));
#1837 = DIRECTION('',(0.607649482032,0.794205330494,0.));
#1838 = PCURVE('',#1233,#1839);
#1839 = DEFINITIONAL_REPRESENTATION('',(#1840),#1844);
#1840 = CIRCLE('',#1841,24.9);
#1841 = AXIS2_PLACEMENT_2D('',#1842,#1843);
#1842 = CARTESIAN_POINT('',(2.734880265079E-15,-1.687072141469E-15));
#1843 = DIRECTION('',(0.607649482032,0.794205330494));
#1844 = ( GEOMETRIC_REPRESENTATION_CONTEXT(2) 
PARAMETRIC_REPRESENTATION_CONTEXT() REPRESENTATION_CONTEXT('2D SPACE',''
  ) );
#1845 = PCURVE('',#1846,#1851);
#1846 = CYLINDRICAL_SURFACE('',#1847,24.9);
#1847 = AXIS2_PLACEMENT_3D('',#1848,#1849,#1850);
#1848 = CARTESIAN_POINT('',(0.,0.,-3.));
#1849 = DIRECTION('',(-0.,-0.,-1.));
#1850 = DIRECTION('',(1.,0.,0.));
#1851 = DEFINITIONAL_REPRESENTATION('',(#1852),#1856);
#1852 = LINE('',#1853,#1854);
#1853 = CARTESIAN_POINT('',(-0.917698683377,-3.));
#1854 = VECTOR('',#1855,1.);
#1855 = DIRECTION('',(-1.,0.));
#1856 = ( GEOMETRIC_REPRESENTATION_CONTEXT(2) 
PARAMETRIC_REPRESENTATION_CONTEXT() REPRESENTATION_CONTEXT('2D SPACE',''
  ) );
#1857 = ORIENTED_EDGE('',*,*,#1858,.T.);
#1858 = EDGE_CURVE('',#1830,#1859,#1861,.T.);
#1859 = VERTEX_POINT('',#1860);
#1860 = CARTESIAN_POINT('',(-19.77571272931,-15.1304721026,0.));
#1861 = SURFACE_CURVE('',#1862,(#1867,#1878),.PCURVE_S1.);
#1862 = CIRCLE('',#1863,3.3);
#1863 = AXIS2_PLACEMENT_3D('',#1864,#1865,#1866);
#1864 = CARTESIAN_POINT('',(-17.67766952966,-17.67766952966,0.));
#1865 = DIRECTION('',(0.,0.,-1.));
#1866 = DIRECTION('',(1.,0.,0.));
#1867 = PCURVE('',#1233,#1868);
#1868 = DEFINITIONAL_REPRESENTATION('',(#1869),#1877);
#1869 = ( BOUNDED_CURVE() B_SPLINE_CURVE(2,(#1870,#1871,#1872,#1873,
#1874,#1875,#1876),.UNSPECIFIED.,.T.,.F.) B_SPLINE_CURVE_WITH_KNOTS((1,2
    ,2,2,2,1),(-2.094395102393,0.,2.094395102393,4.188790204786,
6.28318530718,8.377580409573),.UNSPECIFIED.) CURVE() 
GEOMETRIC_REPRESENTATION_ITEM() RATIONAL_B_SPLINE_CURVE((1.,0.5,1.,0.5,
1.,0.5,1.)) REPRESENTATION_ITEM('') );
#1870 = CARTESIAN_POINT('',(-14.37766952966,-17.67766952966));
#1871 = CARTESIAN_POINT('',(-14.37766952966,-23.39343719464));
#1872 = CARTESIAN_POINT('',(-19.32766952966,-20.53555336215));
#1873 = CARTESIAN_POINT('',(-24.27766952966,-17.67766952966));
#1874 = CARTESIAN_POINT('',(-19.32766952966,-14.81978569717));
#1875 = CARTESIAN_POINT('',(-14.37766952966,-11.96190186468));
#1876 = CARTESIAN_POINT('',(-14.37766952966,-17.67766952966));
#1877 = ( GEOMETRIC_REPRESENTATION_CONTEXT(2) 
PARAMETRIC_REPRESENTATION_CONTEXT() REPRESENTATION_CONTEXT('2D SPACE',''
  ) );
#1878 = PCURVE('',#1879,#1884);
#1879 = CYLINDRICAL_SURFACE('',#1880,3.3);
#1880 = AXIS2_PLACEMENT_3D('',#1881,#1882,#1883);
#1881 = CARTESIAN_POINT('',(-17.67766952966,-17.67766952966,-20.));
#1882 = DIRECTION('',(-0.,-0.,-1.));
#1883 = DIRECTION('',(1.,0.,0.));
#1884 = DEFINITIONAL_REPRESENTATION('',(#1885),#1889);
#1885 = LINE('',#1886,#1887);
#1886 = CARTESIAN_POINT('',(-6.28318530718,-20.));
#1887 = VECTOR('',#1888,1.);
#1888 = DIRECTION('',(1.,-0.));
#1889 = ( GEOMETRIC_REPRESENTATION_CONTEXT(2) 
PARAMETRIC_REPRESENTATION_CONTEXT() REPRESENTATION_CONTEXT('2D SPACE',''
  ) );
#1890 = ORIENTED_EDGE('',*,*,#1891,.F.);
#1891 = EDGE_CURVE('',#1892,#1859,#1894,.T.);
#1892 = VERTEX_POINT('',#1893);
#1893 = CARTESIAN_POINT('',(-19.77571272931,15.130472102606,0.));
#1894 = SURFACE_CURVE('',#1895,(#1900,#1907),.PCURVE_S1.);
#1895 = CIRCLE('',#1896,24.9);
#1896 = AXIS2_PLACEMENT_3D('',#1897,#1898,#1899);
#1897 = CARTESIAN_POINT('',(0.,0.,0.));
#1898 = DIRECTION('',(0.,-0.,1.));
#1899 = DIRECTION('',(0.607649482032,0.794205330494,0.));
#1900 = PCURVE('',#1233,#1901);
#1901 = DEFINITIONAL_REPRESENTATION('',(#1902),#1906);
#1902 = CIRCLE('',#1903,24.9);
#1903 = AXIS2_PLACEMENT_2D('',#1904,#1905);
#1904 = CARTESIAN_POINT('',(2.734880265079E-15,-1.687072141469E-15));
#1905 = DIRECTION('',(0.607649482032,0.794205330494));
#1906 = ( GEOMETRIC_REPRESENTATION_CONTEXT(2) 
PARAMETRIC_REPRESENTATION_CONTEXT() REPRESENTATION_CONTEXT('2D SPACE',''
  ) );
#1907 = PCURVE('',#1908,#1913);
#1908 = CYLINDRICAL_SURFACE('',#1909,24.9);
#1909 = AXIS2_PLACEMENT_3D('',#1910,#1911,#1912);
#1910 = CARTESIAN_POINT('',(0.,0.,-3.));
#1911 = DIRECTION('',(-0.,-0.,-1.));
#1912 = DIRECTION('',(1.,0.,0.));
#1913 = DEFINITIONAL_REPRESENTATION('',(#1914),#1918);
#1914 = LINE('',#1915,#1916);
#1915 = CARTESIAN_POINT('',(-0.917698683377,-3.));
#1916 = VECTOR('',#1917,1.);
#1917 = DIRECTION('',(-1.,0.));
#1918 = ( GEOMETRIC_REPRESENTATION_CONTEXT(2) 
PARAMETRIC_REPRESENTATION_CONTEXT() REPRESENTATION_CONTEXT('2D SPACE',''
  ) );
#1919 = ORIENTED_EDGE('',*,*,#1920,.T.);
#1920 = EDGE_CURVE('',#1892,#1921,#1923,.T.);
#1921 = VERTEX_POINT('',#1922);
#1922 = CARTESIAN_POINT('',(-15.1304721026,19.775712729312,0.));
#1923 = SURFACE_CURVE('',#1924,(#1929,#1940),.PCURVE_S1.);
#1924 = CIRCLE('',#1925,3.3);
#1925 = AXIS2_PLACEMENT_3D('',#1926,#1927,#1928);
#1926 = CARTESIAN_POINT('',(-17.67766952966,17.677669529664,0.));
#1927 = DIRECTION('',(0.,0.,-1.));
#1928 = DIRECTION('',(1.,0.,0.));
#1929 = PCURVE('',#1233,#1930);
#1930 = DEFINITIONAL_REPRESENTATION('',(#1931),#1939);
#1931 = ( BOUNDED_CURVE() B_SPLINE_CURVE(2,(#1932,#1933,#1934,#1935,
#1936,#1937,#1938),.UNSPECIFIED.,.T.,.F.) B_SPLINE_CURVE_WITH_KNOTS((1,2
    ,2,2,2,1),(-2.094395102393,0.,2.094395102393,4.188790204786,
6.28318530718,8.377580409573),.UNSPECIFIED.) CURVE() 
GEOMETRIC_REPRESENTATION_ITEM() RATIONAL_B_SPLINE_CURVE((1.,0.5,1.,0.5,
1.,0.5,1.)) REPRESENTATION_ITEM('') );
#1932 = CARTESIAN_POINT('',(-14.37766952966,17.677669529664));
#1933 = CARTESIAN_POINT('',(-14.37766952966,11.961901864686));
#1934 = CARTESIAN_POINT('',(-19.32766952966,14.819785697175));
#1935 = CARTESIAN_POINT('',(-24.27766952966,17.677669529664));
#1936 = CARTESIAN_POINT('',(-19.32766952966,20.535553362152));
#1937 = CARTESIAN_POINT('',(-14.37766952966,23.393437194641));
#1938 = CARTESIAN_POINT('',(-14.37766952966,17.677669529664));
#1939 = ( GEOMETRIC_REPRESENTATION_CONTEXT(2) 
PARAMETRIC_REPRESENTATION_CONTEXT() REPRESENTATION_CONTEXT('2D SPACE',''
  ) );
#1940 = PCURVE('',#1941,#1946);
#1941 = CYLINDRICAL_SURFACE('',#1942,3.3);
#1942 = AXIS2_PLACEMENT_3D('',#1943,#1944,#1945);
#1943 = CARTESIAN_POINT('',(-17.67766952966,17.677669529664,-20.));
#1944 = DIRECTION('',(-0.,-0.,-1.));
#1945 = DIRECTION('',(1.,0.,0.));
#1946 = DEFINITIONAL_REPRESENTATION('',(#1947),#1951);
#1947 = LINE('',#1948,#1949);
#1948 = CARTESIAN_POINT('',(-6.28318530718,-20.));
#1949 = VECTOR('',#1950,1.);
#1950 = DIRECTION('',(1.,-0.));
#1951 = ( GEOMETRIC_REPRESENTATION_CONTEXT(2) 
PARAMETRIC_REPRESENTATION_CONTEXT() REPRESENTATION_CONTEXT('2D SPACE',''
  ) );
#1952 = ORIENTED_EDGE('',*,*,#1953,.F.);
#1953 = EDGE_CURVE('',#1954,#1921,#1956,.T.);
#1954 = VERTEX_POINT('',#1955);
#1955 = CARTESIAN_POINT('',(-3.1,24.706274506692,0.));
#1956 = SURFACE_CURVE('',#1957,(#1962,#1969),.PCURVE_S1.);
#1957 = CIRCLE('',#1958,24.9);
#1958 = AXIS2_PLACEMENT_3D('',#1959,#1960,#1961);
#1959 = CARTESIAN_POINT('',(0.,0.,0.));
#1960 = DIRECTION('',(0.,-0.,1.));
#1961 = DIRECTION('',(0.607649482032,0.794205330494,0.));
#1962 = PCURVE('',#1233,#1963);
#1963 = DEFINITIONAL_REPRESENTATION('',(#1964),#1968);
#1964 = CIRCLE('',#1965,24.9);
#1965 = AXIS2_PLACEMENT_2D('',#1966,#1967);
#1966 = CARTESIAN_POINT('',(2.734880265079E-15,-1.687072141469E-15));
#1967 = DIRECTION('',(0.607649482032,0.794205330494));
#1968 = ( GEOMETRIC_REPRESENTATION_CONTEXT(2) 
PARAMETRIC_REPRESENTATION_CONTEXT() REPRESENTATION_CONTEXT('2D SPACE',''
  ) );
#1969 = PCURVE('',#1970,#1975);
#1970 = CYLINDRICAL_SURFACE('',#1971,24.9);
#1971 = AXIS2_PLACEMENT_3D('',#1972,#1973,#1974);
#1972 = CARTESIAN_POINT('',(0.,0.,-3.));
#1973 = DIRECTION('',(-0.,-0.,-1.));
#1974 = DIRECTION('',(1.,0.,0.));
#1975 = DEFINITIONAL_REPRESENTATION('',(#1976),#1980);
#1976 = LINE('',#1977,#1978);
#1977 = CARTESIAN_POINT('',(-0.917698683377,-3.));
#1978 = VECTOR('',#1979,1.);
#1979 = DIRECTION('',(-1.,0.));
#1980 = ( GEOMETRIC_REPRESENTATION_CONTEXT(2) 
PARAMETRIC_REPRESENTATION_CONTEXT() REPRESENTATION_CONTEXT('2D SPACE',''
  ) );
#1981 = ORIENTED_EDGE('',*,*,#1982,.F.);
#1982 = EDGE_CURVE('',#1983,#1954,#1985,.T.);
#1983 = VERTEX_POINT('',#1984);
#1984 = CARTESIAN_POINT('',(-3.1,26.4,0.));
#1985 = SURFACE_CURVE('',#1986,(#1990,#1996),.PCURVE_S1.);
#1986 = LINE('',#1987,#1988);
#1987 = CARTESIAN_POINT('',(-3.1,11.8,0.));
#1988 = VECTOR('',#1989,1.);
#1989 = DIRECTION('',(-1.110223024625E-16,-1.,0.));
#1990 = PCURVE('',#1233,#1991);
#1991 = DEFINITIONAL_REPRESENTATION('',(#1992),#1995);
#1992 = B_SPLINE_CURVE_WITH_KNOTS('',1,(#1993,#1994),.UNSPECIFIED.,.F.,
  .F.,(2,2),(-14.6,-11.8),.PIECEWISE_BEZIER_KNOTS.);
#1993 = CARTESIAN_POINT('',(-3.1,26.4));
#1994 = CARTESIAN_POINT('',(-3.1,23.6));
#1995 = ( GEOMETRIC_REPRESENTATION_CONTEXT(2) 
PARAMETRIC_REPRESENTATION_CONTEXT() REPRESENTATION_CONTEXT('2D SPACE',''
  ) );
#1996 = PCURVE('',#1997,#2002);
#1997 = PLANE('',#1998);
#1998 = AXIS2_PLACEMENT_3D('',#1999,#2000,#2001);
#1999 = CARTESIAN_POINT('',(-3.1,23.6,-20.));
#2000 = DIRECTION('',(-1.,1.110223024625E-16,0.));
#2001 = DIRECTION('',(1.110223024625E-16,1.,0.));
#2002 = DEFINITIONAL_REPRESENTATION('',(#2003),#2006);
#2003 = B_SPLINE_CURVE_WITH_KNOTS('',1,(#2004,#2005),.UNSPECIFIED.,.F.,
  .F.,(2,2),(-14.6,-11.8),.PIECEWISE_BEZIER_KNOTS.);
#2004 = CARTESIAN_POINT('',(2.8,-20.));
#2005 = CARTESIAN_POINT('',(0.,-20.));
#2006 = ( GEOMETRIC_REPRESENTATION_CONTEXT(2) 
PARAMETRIC_REPRESENTATION_CONTEXT() REPRESENTATION_CONTEXT('2D SPACE',''
  ) );
#2007 = ORIENTED_EDGE('',*,*,#2008,.T.);
#2008 = EDGE_CURVE('',#1983,#2009,#2011,.T.);
#2009 = VERTEX_POINT('',#2010);
#2010 = CARTESIAN_POINT('',(3.1,26.4,0.));
#2011 = SURFACE_CURVE('',#2012,(#2017,#2028),.PCURVE_S1.);
#2012 = CIRCLE('',#2013,3.1);
#2013 = AXIS2_PLACEMENT_3D('',#2014,#2015,#2016);
#2014 = CARTESIAN_POINT('',(1.964931133798E-15,26.4,0.));
#2015 = DIRECTION('',(-0.,0.,-1.));
#2016 = DIRECTION('',(-1.,-3.223228136009E-17,0.));
#2017 = PCURVE('',#1233,#2018);
#2018 = DEFINITIONAL_REPRESENTATION('',(#2019),#2027);
#2019 = ( BOUNDED_CURVE() B_SPLINE_CURVE(2,(#2020,#2021,#2022,#2023,
#2024,#2025,#2026),.UNSPECIFIED.,.T.,.F.) B_SPLINE_CURVE_WITH_KNOTS((1,2
    ,2,2,2,1),(-2.094395102393,0.,2.094395102393,4.188790204786,
6.28318530718,8.377580409573),.UNSPECIFIED.) CURVE() 
GEOMETRIC_REPRESENTATION_ITEM() RATIONAL_B_SPLINE_CURVE((1.,0.5,1.,0.5,
1.,0.5,1.)) REPRESENTATION_ITEM('') );
#2020 = CARTESIAN_POINT('',(-3.1,26.4));
#2021 = CARTESIAN_POINT('',(-3.1,31.769357503464));
#2022 = CARTESIAN_POINT('',(1.55,29.084678751732));
#2023 = CARTESIAN_POINT('',(6.2,26.4));
#2024 = CARTESIAN_POINT('',(1.55,23.715321248268));
#2025 = CARTESIAN_POINT('',(-3.1,21.030642496536));
#2026 = CARTESIAN_POINT('',(-3.1,26.4));
#2027 = ( GEOMETRIC_REPRESENTATION_CONTEXT(2) 
PARAMETRIC_REPRESENTATION_CONTEXT() REPRESENTATION_CONTEXT('2D SPACE',''
  ) );
#2028 = PCURVE('',#2029,#2034);
#2029 = CYLINDRICAL_SURFACE('',#2030,3.1);
#2030 = AXIS2_PLACEMENT_3D('',#2031,#2032,#2033);
#2031 = CARTESIAN_POINT('',(1.964931133798E-15,26.4,-20.));
#2032 = DIRECTION('',(-0.,0.,-1.));
#2033 = DIRECTION('',(-1.,-3.223228136009E-17,0.));
#2034 = DEFINITIONAL_REPRESENTATION('',(#2035),#2039);
#2035 = LINE('',#2036,#2037);
#2036 = CARTESIAN_POINT('',(0.,-20.));
#2037 = VECTOR('',#2038,1.);
#2038 = DIRECTION('',(1.,0.));
#2039 = ( GEOMETRIC_REPRESENTATION_CONTEXT(2) 
PARAMETRIC_REPRESENTATION_CONTEXT() REPRESENTATION_CONTEXT('2D SPACE',''
  ) );
#2040 = ORIENTED_EDGE('',*,*,#2041,.F.);
#2041 = EDGE_CURVE('',#1650,#2009,#2042,.T.);
#2042 = SURFACE_CURVE('',#2043,(#2047,#2053),.PCURVE_S1.);
#2043 = LINE('',#2044,#2045);
#2044 = CARTESIAN_POINT('',(3.1,13.2,0.));
#2045 = VECTOR('',#2046,1.);
#2046 = DIRECTION('',(1.110223024625E-16,1.,-0.));
#2047 = PCURVE('',#1233,#2048);
#2048 = DEFINITIONAL_REPRESENTATION('',(#2049),#2052);
#2049 = B_SPLINE_CURVE_WITH_KNOTS('',1,(#2050,#2051),.UNSPECIFIED.,.F.,
  .F.,(2,2),(10.4,13.2),.PIECEWISE_BEZIER_KNOTS.);
#2050 = CARTESIAN_POINT('',(3.1,23.6));
#2051 = CARTESIAN_POINT('',(3.1,26.4));
#2052 = ( GEOMETRIC_REPRESENTATION_CONTEXT(2) 
PARAMETRIC_REPRESENTATION_CONTEXT() REPRESENTATION_CONTEXT('2D SPACE',''
  ) );
#2053 = PCURVE('',#2054,#2059);
#2054 = PLANE('',#2055);
#2055 = AXIS2_PLACEMENT_3D('',#2056,#2057,#2058);
#2056 = CARTESIAN_POINT('',(3.1,26.4,-20.));
#2057 = DIRECTION('',(1.,-1.110223024625E-16,0.));
#2058 = DIRECTION('',(-1.110223024625E-16,-1.,0.));
#2059 = DEFINITIONAL_REPRESENTATION('',(#2060),#2063);
#2060 = B_SPLINE_CURVE_WITH_KNOTS('',1,(#2061,#2062),.UNSPECIFIED.,.F.,
  .F.,(2,2),(10.4,13.2),.PIECEWISE_BEZIER_KNOTS.);
#2061 = CARTESIAN_POINT('',(2.8,-20.));
#2062 = CARTESIAN_POINT('',(0.,-20.));
#2063 = ( GEOMETRIC_REPRESENTATION_CONTEXT(2) 
PARAMETRIC_REPRESENTATION_CONTEXT() REPRESENTATION_CONTEXT('2D SPACE',''
  ) );
#2064 = FACE_BOUND('',#2065,.F.);
#2065 = EDGE_LOOP('',(#2066));
#2066 = ORIENTED_EDGE('',*,*,#2067,.T.);
#2067 = EDGE_CURVE('',#2068,#2068,#2070,.T.);
#2068 = VERTEX_POINT('',#2069);
#2069 = CARTESIAN_POINT('',(44.5,0.,0.));
#2070 = SURFACE_CURVE('',#2071,(#2076,#2087),.PCURVE_S1.);
#2071 = CIRCLE('',#2072,4.5);
#2072 = AXIS2_PLACEMENT_3D('',#2073,#2074,#2075);
#2073 = CARTESIAN_POINT('',(40.,0.,0.));
#2074 = DIRECTION('',(0.,0.,-1.));
#2075 = DIRECTION('',(1.,0.,0.));
#2076 = PCURVE('',#1233,#2077);
#2077 = DEFINITIONAL_REPRESENTATION('',(#2078),#2086);
#2078 = ( BOUNDED_CURVE() B_SPLINE_CURVE(2,(#2079,#2080,#2081,#2082,
#2083,#2084,#2085),.UNSPECIFIED.,.T.,.F.) B_SPLINE_CURVE_WITH_KNOTS((1,2
    ,2,2,2,1),(-2.094395102393,0.,2.094395102393,4.188790204786,
6.28318530718,8.377580409573),.UNSPECIFIED.) CURVE() 
GEOMETRIC_REPRESENTATION_ITEM() RATIONAL_B_SPLINE_CURVE((1.,0.5,1.,0.5,
1.,0.5,1.)) REPRESENTATION_ITEM('') );
#2079 = CARTESIAN_POINT('',(44.5,-1.687072141469E-15));
#2080 = CARTESIAN_POINT('',(44.5,-7.79422863406));
#2081 = CARTESIAN_POINT('',(37.75,-3.89711431703));
#2082 = CARTESIAN_POINT('',(31.,-2.789254260702E-15));
#2083 = CARTESIAN_POINT('',(37.75,3.89711431703));
#2084 = CARTESIAN_POINT('',(44.5,7.79422863406));
#2085 = CARTESIAN_POINT('',(44.5,-1.687072141469E-15));
#2086 = ( GEOMETRIC_REPRESENTATION_CONTEXT(2) 
PARAMETRIC_REPRESENTATION_CONTEXT() REPRESENTATION_CONTEXT('2D SPACE',''
  ) );
#2087 = PCURVE('',#2088,#2093);
#2088 = CYLINDRICAL_SURFACE('',#2089,4.5);
#2089 = AXIS2_PLACEMENT_3D('',#2090,#2091,#2092);
#2090 = CARTESIAN_POINT('',(40.,0.,-20.));
#2091 = DIRECTION('',(-0.,-0.,-1.));
#2092 = DIRECTION('',(1.,0.,0.));
#2093 = DEFINITIONAL_REPRESENTATION('',(#2094),#2098);
#2094 = LINE('',#2095,#2096);
#2095 = CARTESIAN_POINT('',(-6.28318530718,-20.));
#2096 = VECTOR('',#2097,1.);
#2097 = DIRECTION('',(1.,-0.));
#2098 = ( GEOMETRIC_REPRESENTATION_CONTEXT(2) 
PARAMETRIC_REPRESENTATION_CONTEXT() REPRESENTATION_CONTEXT('2D SPACE',''
  ) );
#2099 = FACE_BOUND('',#2100,.F.);
#2100 = EDGE_LOOP('',(#2101));
#2101 = ORIENTED_EDGE('',*,*,#2102,.T.);
#2102 = EDGE_CURVE('',#2103,#2103,#2105,.T.);
#2103 = VERTEX_POINT('',#2104);
#2104 = CARTESIAN_POINT('',(-15.5,34.641016151378,0.));
#2105 = SURFACE_CURVE('',#2106,(#2111,#2122),.PCURVE_S1.);
#2106 = CIRCLE('',#2107,4.5);
#2107 = AXIS2_PLACEMENT_3D('',#2108,#2109,#2110);
#2108 = CARTESIAN_POINT('',(-20.,34.641016151378,0.));
#2109 = DIRECTION('',(0.,0.,-1.));
#2110 = DIRECTION('',(1.,0.,0.));
#2111 = PCURVE('',#1233,#2112);
#2112 = DEFINITIONAL_REPRESENTATION('',(#2113),#2121);
#2113 = ( BOUNDED_CURVE() B_SPLINE_CURVE(2,(#2114,#2115,#2116,#2117,
#2118,#2119,#2120),.UNSPECIFIED.,.T.,.F.) B_SPLINE_CURVE_WITH_KNOTS((1,2
    ,2,2,2,1),(-2.094395102393,0.,2.094395102393,4.188790204786,
6.28318530718,8.377580409573),.UNSPECIFIED.) CURVE() 
GEOMETRIC_REPRESENTATION_ITEM() RATIONAL_B_SPLINE_CURVE((1.,0.5,1.,0.5,
1.,0.5,1.)) REPRESENTATION_ITEM('') );
#2114 = CARTESIAN_POINT('',(-15.5,34.641016151378));
#2115 = CARTESIAN_POINT('',(-15.5,26.846787517318));
#2116 = CARTESIAN_POINT('',(-22.25,30.743901834348));
#2117 = CARTESIAN_POINT('',(-29.,34.641016151378));
#2118 = CARTESIAN_POINT('',(-22.25,38.538130468408));
#2119 = CARTESIAN_POINT('',(-15.5,42.435244785437));
#2120 = CARTESIAN_POINT('',(-15.5,34.641016151378));
#2121 = ( GEOMETRIC_REPRESENTATION_CONTEXT(2) 
PARAMETRIC_REPRESENTATION_CONTEXT() REPRESENTATION_CONTEXT('2D SPACE',''
  ) );
#2122 = PCURVE('',#2123,#2128);
#2123 = CYLINDRICAL_SURFACE('',#2124,4.5);
#2124 = AXIS2_PLACEMENT_3D('',#2125,#2126,#2127);
#2125 = CARTESIAN_POINT('',(-20.,34.641016151378,-20.));
#2126 = DIRECTION('',(-0.,-0.,-1.));
#2127 = DIRECTION('',(1.,0.,0.));
#2128 = DEFINITIONAL_REPRESENTATION('',(#2129),#2133);
#2129 = LINE('',#2130,#2131);
#2130 = CARTESIAN_POINT('',(-6.28318530718,-20.));
#2131 = VECTOR('',#2132,1.);
#2132 = DIRECTION('',(1.,-0.));
#2133 = ( GEOMETRIC_REPRESENTATION_CONTEXT(2) 
PARAMETRIC_REPRESENTATION_CONTEXT() REPRESENTATION_CONTEXT('2D SPACE',''
  ) );
#2134 = FACE_BOUND('',#2135,.F.);
#2135 = EDGE_LOOP('',(#2136));
#2136 = ORIENTED_EDGE('',*,*,#2137,.T.);
#2137 = EDGE_CURVE('',#2138,#2138,#2140,.T.);
#2138 = VERTEX_POINT('',#2139);
#2139 = CARTESIAN_POINT('',(24.5,34.641016151378,0.));
#2140 = SURFACE_CURVE('',#2141,(#2146,#2157),.PCURVE_S1.);
#2141 = CIRCLE('',#2142,4.5);
#2142 = AXIS2_PLACEMENT_3D('',#2143,#2144,#2145);
#2143 = CARTESIAN_POINT('',(20.,34.641016151378,0.));
#2144 = DIRECTION('',(0.,0.,-1.));
#2145 = DIRECTION('',(1.,0.,0.));
#2146 = PCURVE('',#1233,#2147);
#2147 = DEFINITIONAL_REPRESENTATION('',(#2148),#2156);
#2148 = ( BOUNDED_CURVE() B_SPLINE_CURVE(2,(#2149,#2150,#2151,#2152,
#2153,#2154,#2155),.UNSPECIFIED.,.T.,.F.) B_SPLINE_CURVE_WITH_KNOTS((1,2
    ,2,2,2,1),(-2.094395102393,0.,2.094395102393,4.188790204786,
6.28318530718,8.377580409573),.UNSPECIFIED.) CURVE() 
GEOMETRIC_REPRESENTATION_ITEM() RATIONAL_B_SPLINE_CURVE((1.,0.5,1.,0.5,
1.,0.5,1.)) REPRESENTATION_ITEM('') );
#2149 = CARTESIAN_POINT('',(24.5,34.641016151378));
#2150 = CARTESIAN_POINT('',(24.5,26.846787517318));
#2151 = CARTESIAN_POINT('',(17.75,30.743901834348));
#2152 = CARTESIAN_POINT('',(11.,34.641016151378));
#2153 = CARTESIAN_POINT('',(17.75,38.538130468408));
#2154 = CARTESIAN_POINT('',(24.5,42.435244785437));
#2155 = CARTESIAN_POINT('',(24.5,34.641016151378));
#2156 = ( GEOMETRIC_REPRESENTATION_CONTEXT(2) 
PARAMETRIC_REPRESENTATION_CONTEXT() REPRESENTATION_CONTEXT('2D SPACE',''
  ) );
#2157 = PCURVE('',#2158,#2163);
#2158 = CYLINDRICAL_SURFACE('',#2159,4.5);
#2159 = AXIS2_PLACEMENT_3D('',#2160,#2161,#2162);
#2160 = CARTESIAN_POINT('',(20.,34.641016151378,-20.));
#2161 = DIRECTION('',(-0.,-0.,-1.));
#2162 = DIRECTION('',(1.,0.,0.));
#2163 = DEFINITIONAL_REPRESENTATION('',(#2164),#2168);
#2164 = LINE('',#2165,#2166);
#2165 = CARTESIAN_POINT('',(-6.28318530718,-20.));
#2166 = VECTOR('',#2167,1.);
#2167 = DIRECTION('',(1.,-0.));
#2168 = ( GEOMETRIC_REPRESENTATION_CONTEXT(2) 
PARAMETRIC_REPRESENTATION_CONTEXT() REPRESENTATION_CONTEXT('2D SPACE',''
  ) );
#2169 = FACE_BOUND('',#2170,.F.);
#2170 = EDGE_LOOP('',(#2171,#2199,#2232,#2258));
#2171 = ORIENTED_EDGE('',*,*,#2172,.F.);
#2172 = EDGE_CURVE('',#2173,#2175,#2177,.T.);
#2173 = VERTEX_POINT('',#2174);
#2174 = CARTESIAN_POINT('',(-4.1,41.4,0.));
#2175 = VERTEX_POINT('',#2176);
#2176 = CARTESIAN_POINT('',(-4.1,38.6,0.));
#2177 = SURFACE_CURVE('',#2178,(#2182,#2188),.PCURVE_S1.);
#2178 = LINE('',#2179,#2180);
#2179 = CARTESIAN_POINT('',(-4.1,19.3,0.));
#2180 = VECTOR('',#2181,1.);
#2181 = DIRECTION('',(-1.110223024625E-16,-1.,0.));
#2182 = PCURVE('',#1233,#2183);
#2183 = DEFINITIONAL_REPRESENTATION('',(#2184),#2187);
#2184 = B_SPLINE_CURVE_WITH_KNOTS('',1,(#2185,#2186),.UNSPECIFIED.,.F.,
  .F.,(2,2),(-22.1,-19.3),.PIECEWISE_BEZIER_KNOTS.);
#2185 = CARTESIAN_POINT('',(-4.1,41.4));
#2186 = CARTESIAN_POINT('',(-4.1,38.6));
#2187 = ( GEOMETRIC_REPRESENTATION_CONTEXT(2) 
PARAMETRIC_REPRESENTATION_CONTEXT() REPRESENTATION_CONTEXT('2D SPACE',''
  ) );
#2188 = PCURVE('',#2189,#2194);
#2189 = PLANE('',#2190);
#2190 = AXIS2_PLACEMENT_3D('',#2191,#2192,#2193);
#2191 = CARTESIAN_POINT('',(-4.1,38.6,-20.));
#2192 = DIRECTION('',(-1.,1.110223024625E-16,0.));
#2193 = DIRECTION('',(1.110223024625E-16,1.,0.));
#2194 = DEFINITIONAL_REPRESENTATION('',(#2195),#2198);
#2195 = B_SPLINE_CURVE_WITH_KNOTS('',1,(#2196,#2197),.UNSPECIFIED.,.F.,
  .F.,(2,2),(-22.1,-19.3),.PIECEWISE_BEZIER_KNOTS.);
#2196 = CARTESIAN_POINT('',(2.8,-20.));
#2197 = CARTESIAN_POINT('',(0.,-20.));
#2198 = ( GEOMETRIC_REPRESENTATION_CONTEXT(2) 
PARAMETRIC_REPRESENTATION_CONTEXT() REPRESENTATION_CONTEXT('2D SPACE',''
  ) );
#2199 = ORIENTED_EDGE('',*,*,#2200,.T.);
#2200 = EDGE_CURVE('',#2173,#2201,#2203,.T.);
#2201 = VERTEX_POINT('',#2202);
#2202 = CARTESIAN_POINT('',(4.1,41.4,0.));
#2203 = SURFACE_CURVE('',#2204,(#2209,#2220),.PCURVE_S1.);
#2204 = CIRCLE('',#2205,4.1);
#2205 = AXIS2_PLACEMENT_3D('',#2206,#2207,#2208);
#2206 = CARTESIAN_POINT('',(2.922668544626E-15,41.4,0.));
#2207 = DIRECTION('',(0.,0.,-1.));
#2208 = DIRECTION('',(-1.,1.110223024625E-16,0.));
#2209 = PCURVE('',#1233,#2210);
#2210 = DEFINITIONAL_REPRESENTATION('',(#2211),#2219);
#2211 = ( BOUNDED_CURVE() B_SPLINE_CURVE(2,(#2212,#2213,#2214,#2215,
#2216,#2217,#2218),.UNSPECIFIED.,.T.,.F.) B_SPLINE_CURVE_WITH_KNOTS((1,2
    ,2,2,2,1),(-2.094395102393,0.,2.094395102393,4.188790204786,
6.28318530718,8.377580409573),.UNSPECIFIED.) CURVE() 
GEOMETRIC_REPRESENTATION_ITEM() RATIONAL_B_SPLINE_CURVE((1.,0.5,1.,0.5,
1.,0.5,1.)) REPRESENTATION_ITEM('') );
#2212 = CARTESIAN_POINT('',(-4.1,41.4));
#2213 = CARTESIAN_POINT('',(-4.1,48.501408311032));
#2214 = CARTESIAN_POINT('',(2.05,44.950704155516));
#2215 = CARTESIAN_POINT('',(8.2,41.4));
#2216 = CARTESIAN_POINT('',(2.05,37.849295844484));
#2217 = CARTESIAN_POINT('',(-4.1,34.298591688968));
#2218 = CARTESIAN_POINT('',(-4.1,41.4));
#2219 = ( GEOMETRIC_REPRESENTATION_CONTEXT(2) 
PARAMETRIC_REPRESENTATION_CONTEXT() REPRESENTATION_CONTEXT('2D SPACE',''
  ) );
#2220 = PCURVE('',#2221,#2226);
#2221 = CYLINDRICAL_SURFACE('',#2222,4.1);
#2222 = AXIS2_PLACEMENT_3D('',#2223,#2224,#2225);
#2223 = CARTESIAN_POINT('',(2.922668544626E-15,41.4,-20.));
#2224 = DIRECTION('',(0.,0.,-1.));
#2225 = DIRECTION('',(-1.,1.110223024625E-16,0.));
#2226 = DEFINITIONAL_REPRESENTATION('',(#2227),#2231);
#2227 = LINE('',#2228,#2229);
#2228 = CARTESIAN_POINT('',(0.,-20.));
#2229 = VECTOR('',#2230,1.);
#2230 = DIRECTION('',(1.,0.));
#2231 = ( GEOMETRIC_REPRESENTATION_CONTEXT(2) 
PARAMETRIC_REPRESENTATION_CONTEXT() REPRESENTATION_CONTEXT('2D SPACE',''
  ) );
#2232 = ORIENTED_EDGE('',*,*,#2233,.F.);
#2233 = EDGE_CURVE('',#2234,#2201,#2236,.T.);
#2234 = VERTEX_POINT('',#2235);
#2235 = CARTESIAN_POINT('',(4.1,38.6,0.));
#2236 = SURFACE_CURVE('',#2237,(#2241,#2247),.PCURVE_S1.);
#2237 = LINE('',#2238,#2239);
#2238 = CARTESIAN_POINT('',(4.1,20.7,0.));
#2239 = VECTOR('',#2240,1.);
#2240 = DIRECTION('',(1.110223024625E-16,1.,-0.));
#2241 = PCURVE('',#1233,#2242);
#2242 = DEFINITIONAL_REPRESENTATION('',(#2243),#2246);
#2243 = B_SPLINE_CURVE_WITH_KNOTS('',1,(#2244,#2245),.UNSPECIFIED.,.F.,
  .F.,(2,2),(17.9,20.7),.PIECEWISE_BEZIER_KNOTS.);
#2244 = CARTESIAN_POINT('',(4.1,38.6));
#2245 = CARTESIAN_POINT('',(4.1,41.4));
#2246 = ( GEOMETRIC_REPRESENTATION_CONTEXT(2) 
PARAMETRIC_REPRESENTATION_CONTEXT() REPRESENTATION_CONTEXT('2D SPACE',''
  ) );
#2247 = PCURVE('',#2248,#2253);
#2248 = PLANE('',#2249);
#2249 = AXIS2_PLACEMENT_3D('',#2250,#2251,#2252);
#2250 = CARTESIAN_POINT('',(4.1,41.4,-20.));
#2251 = DIRECTION('',(1.,-1.110223024625E-16,0.));
#2252 = DIRECTION('',(-1.110223024625E-16,-1.,0.));
#2253 = DEFINITIONAL_REPRESENTATION('',(#2254),#2257);
#2254 = B_SPLINE_CURVE_WITH_KNOTS('',1,(#2255,#2256),.UNSPECIFIED.,.F.,
  .F.,(2,2),(17.9,20.7),.PIECEWISE_BEZIER_KNOTS.);
#2255 = CARTESIAN_POINT('',(2.8,-20.));
#2256 = CARTESIAN_POINT('',(0.,-20.));
#2257 = ( GEOMETRIC_REPRESENTATION_CONTEXT(2) 
PARAMETRIC_REPRESENTATION_CONTEXT() REPRESENTATION_CONTEXT('2D SPACE',''
  ) );
#2258 = ORIENTED_EDGE('',*,*,#2259,.T.);
#2259 = EDGE_CURVE('',#2234,#2175,#2260,.T.);
#2260 = SURFACE_CURVE('',#2261,(#2266,#2277),.PCURVE_S1.);
#2261 = CIRCLE('',#2262,4.1);
#2262 = AXIS2_PLACEMENT_3D('',#2263,#2264,#2265);
#2263 = CARTESIAN_POINT('',(1.975918651964E-15,38.6,0.));
#2264 = DIRECTION('',(0.,-0.,-1.));
#2265 = DIRECTION('',(1.,-1.110223024625E-16,0.));
#2266 = PCURVE('',#1233,#2267);
#2267 = DEFINITIONAL_REPRESENTATION('',(#2268),#2276);
#2268 = ( BOUNDED_CURVE() B_SPLINE_CURVE(2,(#2269,#2270,#2271,#2272,
#2273,#2274,#2275),.UNSPECIFIED.,.T.,.F.) B_SPLINE_CURVE_WITH_KNOTS((1,2
    ,2,2,2,1),(-2.094395102393,0.,2.094395102393,4.188790204786,
6.28318530718,8.377580409573),.UNSPECIFIED.) CURVE() 
GEOMETRIC_REPRESENTATION_ITEM() RATIONAL_B_SPLINE_CURVE((1.,0.5,1.,0.5,
1.,0.5,1.)) REPRESENTATION_ITEM('') );
#2269 = CARTESIAN_POINT('',(4.1,38.6));
#2270 = CARTESIAN_POINT('',(4.1,31.498591688968));
#2271 = CARTESIAN_POINT('',(-2.05,35.049295844484));
#2272 = CARTESIAN_POINT('',(-8.2,38.6));
#2273 = CARTESIAN_POINT('',(-2.05,42.150704155516));
#2274 = CARTESIAN_POINT('',(4.1,45.701408311032));
#2275 = CARTESIAN_POINT('',(4.1,38.6));
#2276 = ( GEOMETRIC_REPRESENTATION_CONTEXT(2) 
PARAMETRIC_REPRESENTATION_CONTEXT() REPRESENTATION_CONTEXT('2D SPACE',''
  ) );
#2277 = PCURVE('',#2278,#2283);
#2278 = CYLINDRICAL_SURFACE('',#2279,4.1);
#2279 = AXIS2_PLACEMENT_3D('',#2280,#2281,#2282);
#2280 = CARTESIAN_POINT('',(1.975918651964E-15,38.6,-20.));
#2281 = DIRECTION('',(0.,-0.,-1.));
#2282 = DIRECTION('',(1.,-1.110223024625E-16,0.));
#2283 = DEFINITIONAL_REPRESENTATION('',(#2284),#2288);
#2284 = LINE('',#2285,#2286);
#2285 = CARTESIAN_POINT('',(0.,-20.));
#2286 = VECTOR('',#2287,1.);
#2287 = DIRECTION('',(1.,0.));
#2288 = ( GEOMETRIC_REPRESENTATION_CONTEXT(2) 
PARAMETRIC_REPRESENTATION_CONTEXT() REPRESENTATION_CONTEXT('2D SPACE',''
  ) );
#2289 = ADVANCED_FACE('',(#2290),#1258,.F.);
#2290 = FACE_BOUND('',#2291,.F.);
#2291 = EDGE_LOOP('',(#2292,#2293,#2316,#2344,#2367,#2388,#2389));
#2292 = ORIENTED_EDGE('',*,*,#1519,.F.);
#2293 = ORIENTED_EDGE('',*,*,#2294,.F.);
#2294 = EDGE_CURVE('',#2295,#1497,#2297,.T.);
#2295 = VERTEX_POINT('',#2296);
#2296 = CARTESIAN_POINT('',(17.677669529664,57.27564927611,-13.05));
#2297 = SURFACE_CURVE('',#2298,(#2302,#2309),.PCURVE_S1.);
#2298 = LINE('',#2299,#2300);
#2299 = CARTESIAN_POINT('',(17.677669529664,57.27564927611,-19.05));
#2300 = VECTOR('',#2301,1.);
#2301 = DIRECTION('',(0.,0.,1.));
#2302 = PCURVE('',#1258,#2303);
#2303 = DEFINITIONAL_REPRESENTATION('',(#2304),#2308);
#2304 = LINE('',#2305,#2306);
#2305 = CARTESIAN_POINT('',(6.,19.05));
#2306 = VECTOR('',#2307,1.);
#2307 = DIRECTION('',(0.,-1.));
#2308 = ( GEOMETRIC_REPRESENTATION_CONTEXT(2) 
PARAMETRIC_REPRESENTATION_CONTEXT() REPRESENTATION_CONTEXT('2D SPACE',''
  ) );
#2309 = PCURVE('',#1479,#2310);
#2310 = DEFINITIONAL_REPRESENTATION('',(#2311),#2315);
#2311 = LINE('',#2312,#2313);
#2312 = CARTESIAN_POINT('',(0.,0.));
#2313 = VECTOR('',#2314,1.);
#2314 = DIRECTION('',(0.,-1.));
#2315 = ( GEOMETRIC_REPRESENTATION_CONTEXT(2) 
PARAMETRIC_REPRESENTATION_CONTEXT() REPRESENTATION_CONTEXT('2D SPACE',''
  ) );
#2316 = ORIENTED_EDGE('',*,*,#2317,.F.);
#2317 = EDGE_CURVE('',#2318,#2295,#2320,.T.);
#2318 = VERTEX_POINT('',#2319);
#2319 = CARTESIAN_POINT('',(21.920310216783,61.51828996323,-13.05));
#2320 = SURFACE_CURVE('',#2321,(#2325,#2332),.PCURVE_S1.);
#2321 = LINE('',#2322,#2323);
#2322 = CARTESIAN_POINT('',(21.920310216783,61.51828996323,-13.05));
#2323 = VECTOR('',#2324,1.);
#2324 = DIRECTION('',(-0.707106781187,-0.707106781187,0.));
#2325 = PCURVE('',#1258,#2326);
#2326 = DEFINITIONAL_REPRESENTATION('',(#2327),#2331);
#2327 = LINE('',#2328,#2329);
#2328 = CARTESIAN_POINT('',(-0.,13.05));
#2329 = VECTOR('',#2330,1.);
#2330 = DIRECTION('',(1.,0.));
#2331 = ( GEOMETRIC_REPRESENTATION_CONTEXT(2) 
PARAMETRIC_REPRESENTATION_CONTEXT() REPRESENTATION_CONTEXT('2D SPACE',''
  ) );
#2332 = PCURVE('',#2333,#2338);
#2333 = CYLINDRICAL_SURFACE('',#2334,6.);
#2334 = AXIS2_PLACEMENT_3D('',#2335,#2336,#2337);
#2335 = CARTESIAN_POINT('',(26.162950903902,57.27564927611,-13.05));
#2336 = DIRECTION('',(-0.707106781187,-0.707106781187,0.));
#2337 = DIRECTION('',(-0.707106781187,0.707106781187,0.));
#2338 = DEFINITIONAL_REPRESENTATION('',(#2339),#2343);
#2339 = LINE('',#2340,#2341);
#2340 = CARTESIAN_POINT('',(0.,0.));
#2341 = VECTOR('',#2342,1.);
#2342 = DIRECTION('',(0.,1.));
#2343 = ( GEOMETRIC_REPRESENTATION_CONTEXT(2) 
PARAMETRIC_REPRESENTATION_CONTEXT() REPRESENTATION_CONTEXT('2D SPACE',''
  ) );
#2344 = ORIENTED_EDGE('',*,*,#2345,.T.);
#2345 = EDGE_CURVE('',#2318,#2346,#2348,.T.);
#2346 = VERTEX_POINT('',#2347);
#2347 = CARTESIAN_POINT('',(21.920310216783,61.51828996323,6.));
#2348 = SURFACE_CURVE('',#2349,(#2353,#2360),.PCURVE_S1.);
#2349 = LINE('',#2350,#2351);
#2350 = CARTESIAN_POINT('',(21.920310216783,61.51828996323,-19.05));
#2351 = VECTOR('',#2352,1.);
#2352 = DIRECTION('',(0.,0.,1.));
#2353 = PCURVE('',#1258,#2354);
#2354 = DEFINITIONAL_REPRESENTATION('',(#2355),#2359);
#2355 = LINE('',#2356,#2357);
#2356 = CARTESIAN_POINT('',(-0.,19.05));
#2357 = VECTOR('',#2358,1.);
#2358 = DIRECTION('',(0.,-1.));
#2359 = ( GEOMETRIC_REPRESENTATION_CONTEXT(2) 
PARAMETRIC_REPRESENTATION_CONTEXT() REPRESENTATION_CONTEXT('2D SPACE',''
  ) );
#2360 = PCURVE('',#1425,#2361);
#2361 = DEFINITIONAL_REPRESENTATION('',(#2362),#2366);
#2362 = LINE('',#2363,#2364);
#2363 = CARTESIAN_POINT('',(56.,0.));
#2364 = VECTOR('',#2365,1.);
#2365 = DIRECTION('',(0.,-1.));
#2366 = ( GEOMETRIC_REPRESENTATION_CONTEXT(2) 
PARAMETRIC_REPRESENTATION_CONTEXT() REPRESENTATION_CONTEXT('2D SPACE',''
  ) );
#2367 = ORIENTED_EDGE('',*,*,#2368,.T.);
#2368 = EDGE_CURVE('',#2346,#1301,#2369,.T.);
#2369 = SURFACE_CURVE('',#2370,(#2374,#2381),.PCURVE_S1.);
#2370 = LINE('',#2371,#2372);
#2371 = CARTESIAN_POINT('',(21.920310216783,61.51828996323,6.));
#2372 = VECTOR('',#2373,1.);
#2373 = DIRECTION('',(-0.707106781187,-0.707106781187,0.));
#2374 = PCURVE('',#1258,#2375);
#2375 = DEFINITIONAL_REPRESENTATION('',(#2376),#2380);
#2376 = LINE('',#2377,#2378);
#2377 = CARTESIAN_POINT('',(0.,-6.));
#2378 = VECTOR('',#2379,1.);
#2379 = DIRECTION('',(1.,0.));
#2380 = ( GEOMETRIC_REPRESENTATION_CONTEXT(2) 
PARAMETRIC_REPRESENTATION_CONTEXT() REPRESENTATION_CONTEXT('2D SPACE',''
  ) );
#2381 = PCURVE('',#1317,#2382);
#2382 = DEFINITIONAL_REPRESENTATION('',(#2383),#2387);
#2383 = LINE('',#2384,#2385);
#2384 = CARTESIAN_POINT('',(21.920310216783,61.51828996323));
#2385 = VECTOR('',#2386,1.);
#2386 = DIRECTION('',(-0.707106781187,-0.707106781187));
#2387 = ( GEOMETRIC_REPRESENTATION_CONTEXT(2) 
PARAMETRIC_REPRESENTATION_CONTEXT() REPRESENTATION_CONTEXT('2D SPACE',''
  ) );
#2388 = ORIENTED_EDGE('',*,*,#1333,.T.);
#2389 = ORIENTED_EDGE('',*,*,#1245,.T.);
#2390 = ADVANCED_FACE('',(#2391,#2417,#2447,#2477,#2507,#2912,#2942,
    #2972,#3002),#1317,.T.);
#2391 = FACE_BOUND('',#2392,.T.);
#2392 = EDGE_LOOP('',(#2393,#2394,#2395,#2416));
#2393 = ORIENTED_EDGE('',*,*,#1300,.F.);
#2394 = ORIENTED_EDGE('',*,*,#1386,.F.);
#2395 = ORIENTED_EDGE('',*,*,#2396,.T.);
#2396 = EDGE_CURVE('',#1387,#2346,#2397,.T.);
#2397 = SURFACE_CURVE('',#2398,(#2402,#2409),.PCURVE_S1.);
#2398 = LINE('',#2399,#2400);
#2399 = CARTESIAN_POINT('',(61.51828996323,21.920310216783,6.));
#2400 = VECTOR('',#2401,1.);
#2401 = DIRECTION('',(-0.707106781187,0.707106781187,0.));
#2402 = PCURVE('',#1317,#2403);
#2403 = DEFINITIONAL_REPRESENTATION('',(#2404),#2408);
#2404 = LINE('',#2405,#2406);
#2405 = CARTESIAN_POINT('',(61.51828996323,21.920310216783));
#2406 = VECTOR('',#2407,1.);
#2407 = DIRECTION('',(-0.707106781187,0.707106781187));
#2408 = ( GEOMETRIC_REPRESENTATION_CONTEXT(2) 
PARAMETRIC_REPRESENTATION_CONTEXT() REPRESENTATION_CONTEXT('2D SPACE',''
  ) );
#2409 = PCURVE('',#1425,#2410);
#2410 = DEFINITIONAL_REPRESENTATION('',(#2411),#2415);
#2411 = LINE('',#2412,#2413);
#2412 = CARTESIAN_POINT('',(0.,-25.05));
#2413 = VECTOR('',#2414,1.);
#2414 = DIRECTION('',(1.,0.));
#2415 = ( GEOMETRIC_REPRESENTATION_CONTEXT(2) 
PARAMETRIC_REPRESENTATION_CONTEXT() REPRESENTATION_CONTEXT('2D SPACE',''
  ) );
#2416 = ORIENTED_EDGE('',*,*,#2368,.T.);
#2417 = FACE_BOUND('',#2418,.T.);
#2418 = EDGE_LOOP('',(#2419));
#2419 = ORIENTED_EDGE('',*,*,#2420,.T.);
#2420 = EDGE_CURVE('',#2421,#2421,#2423,.T.);
#2421 = VERTEX_POINT('',#2422);
#2422 = CARTESIAN_POINT('',(-15.5,-34.64101615137,6.));
#2423 = SURFACE_CURVE('',#2424,(#2429,#2440),.PCURVE_S1.);
#2424 = CIRCLE('',#2425,4.5);
#2425 = AXIS2_PLACEMENT_3D('',#2426,#2427,#2428);
#2426 = CARTESIAN_POINT('',(-20.,-34.64101615137,6.));
#2427 = DIRECTION('',(0.,0.,-1.));
#2428 = DIRECTION('',(1.,0.,0.));
#2429 = PCURVE('',#1317,#2430);
#2430 = DEFINITIONAL_REPRESENTATION('',(#2431),#2439);
#2431 = ( BOUNDED_CURVE() B_SPLINE_CURVE(2,(#2432,#2433,#2434,#2435,
#2436,#2437,#2438),.UNSPECIFIED.,.T.,.F.) B_SPLINE_CURVE_WITH_KNOTS((1,2
    ,2,2,2,1),(-2.094395102393,0.,2.094395102393,4.188790204786,
6.28318530718,8.377580409573),.UNSPECIFIED.) CURVE() 
GEOMETRIC_REPRESENTATION_ITEM() RATIONAL_B_SPLINE_CURVE((1.,0.5,1.,0.5,
1.,0.5,1.)) REPRESENTATION_ITEM('') );
#2432 = CARTESIAN_POINT('',(-15.5,-34.64101615137));
#2433 = CARTESIAN_POINT('',(-15.5,-42.43524478543));
#2434 = CARTESIAN_POINT('',(-22.25,-38.5381304684));
#2435 = CARTESIAN_POINT('',(-29.,-34.64101615137));
#2436 = CARTESIAN_POINT('',(-22.25,-30.74390183434));
#2437 = CARTESIAN_POINT('',(-15.5,-26.84678751731));
#2438 = CARTESIAN_POINT('',(-15.5,-34.64101615137));
#2439 = ( GEOMETRIC_REPRESENTATION_CONTEXT(2) 
PARAMETRIC_REPRESENTATION_CONTEXT() REPRESENTATION_CONTEXT('2D SPACE',''
  ) );
#2440 = PCURVE('',#1563,#2441);
#2441 = DEFINITIONAL_REPRESENTATION('',(#2442),#2446);
#2442 = LINE('',#2443,#2444);
#2443 = CARTESIAN_POINT('',(-6.28318530718,-26.));
#2444 = VECTOR('',#2445,1.);
#2445 = DIRECTION('',(1.,-0.));
#2446 = ( GEOMETRIC_REPRESENTATION_CONTEXT(2) 
PARAMETRIC_REPRESENTATION_CONTEXT() REPRESENTATION_CONTEXT('2D SPACE',''
  ) );
#2447 = FACE_BOUND('',#2448,.T.);
#2448 = EDGE_LOOP('',(#2449));
#2449 = ORIENTED_EDGE('',*,*,#2450,.T.);
#2450 = EDGE_CURVE('',#2451,#2451,#2453,.T.);
#2451 = VERTEX_POINT('',#2452);
#2452 = CARTESIAN_POINT('',(-35.5,4.898587196589E-15,6.));
#2453 = SURFACE_CURVE('',#2454,(#2459,#2470),.PCURVE_S1.);
#2454 = CIRCLE('',#2455,4.5);
#2455 = AXIS2_PLACEMENT_3D('',#2456,#2457,#2458);
#2456 = CARTESIAN_POINT('',(-40.,4.898587196589E-15,6.));
#2457 = DIRECTION('',(0.,0.,-1.));
#2458 = DIRECTION('',(1.,0.,0.));
#2459 = PCURVE('',#1317,#2460);
#2460 = DEFINITIONAL_REPRESENTATION('',(#2461),#2469);
#2461 = ( BOUNDED_CURVE() B_SPLINE_CURVE(2,(#2462,#2463,#2464,#2465,
#2466,#2467,#2468),.UNSPECIFIED.,.T.,.F.) B_SPLINE_CURVE_WITH_KNOTS((1,2
    ,2,2,2,1),(-2.094395102393,0.,2.094395102393,4.188790204786,
6.28318530718,8.377580409573),.UNSPECIFIED.) CURVE() 
GEOMETRIC_REPRESENTATION_ITEM() RATIONAL_B_SPLINE_CURVE((1.,0.5,1.,0.5,
1.,0.5,1.)) REPRESENTATION_ITEM('') );
#2462 = CARTESIAN_POINT('',(-35.5,3.21151505512E-15));
#2463 = CARTESIAN_POINT('',(-35.5,-7.79422863406));
#2464 = CARTESIAN_POINT('',(-42.25,-3.89711431703));
#2465 = CARTESIAN_POINT('',(-49.,2.109332935887E-15));
#2466 = CARTESIAN_POINT('',(-42.25,3.89711431703));
#2467 = CARTESIAN_POINT('',(-35.5,7.79422863406));
#2468 = CARTESIAN_POINT('',(-35.5,3.21151505512E-15));
#2469 = ( GEOMETRIC_REPRESENTATION_CONTEXT(2) 
PARAMETRIC_REPRESENTATION_CONTEXT() REPRESENTATION_CONTEXT('2D SPACE',''
  ) );
#2470 = PCURVE('',#1598,#2471);
#2471 = DEFINITIONAL_REPRESENTATION('',(#2472),#2476);
#2472 = LINE('',#2473,#2474);
#2473 = CARTESIAN_POINT('',(-6.28318530718,-26.));
#2474 = VECTOR('',#2475,1.);
#2475 = DIRECTION('',(1.,-0.));
#2476 = ( GEOMETRIC_REPRESENTATION_CONTEXT(2) 
PARAMETRIC_REPRESENTATION_CONTEXT() REPRESENTATION_CONTEXT('2D SPACE',''
  ) );
#2477 = FACE_BOUND('',#2478,.T.);
#2478 = EDGE_LOOP('',(#2479));
#2479 = ORIENTED_EDGE('',*,*,#2480,.T.);
#2480 = EDGE_CURVE('',#2481,#2481,#2483,.T.);
#2481 = VERTEX_POINT('',#2482);
#2482 = CARTESIAN_POINT('',(24.5,-34.64101615137,6.));
#2483 = SURFACE_CURVE('',#2484,(#2489,#2500),.PCURVE_S1.);
#2484 = CIRCLE('',#2485,4.5);
#2485 = AXIS2_PLACEMENT_3D('',#2486,#2487,#2488);
#2486 = CARTESIAN_POINT('',(20.,-34.64101615137,6.));
#2487 = DIRECTION('',(0.,0.,-1.));
#2488 = DIRECTION('',(1.,0.,0.));
#2489 = PCURVE('',#1317,#2490);
#2490 = DEFINITIONAL_REPRESENTATION('',(#2491),#2499);
#2491 = ( BOUNDED_CURVE() B_SPLINE_CURVE(2,(#2492,#2493,#2494,#2495,
#2496,#2497,#2498),.UNSPECIFIED.,.T.,.F.) B_SPLINE_CURVE_WITH_KNOTS((1,2
    ,2,2,2,1),(-2.094395102393,0.,2.094395102393,4.188790204786,
6.28318530718,8.377580409573),.UNSPECIFIED.) CURVE() 
GEOMETRIC_REPRESENTATION_ITEM() RATIONAL_B_SPLINE_CURVE((1.,0.5,1.,0.5,
1.,0.5,1.)) REPRESENTATION_ITEM('') );
#2492 = CARTESIAN_POINT('',(24.5,-34.64101615137));
#2493 = CARTESIAN_POINT('',(24.5,-42.43524478543));
#2494 = CARTESIAN_POINT('',(17.75,-38.5381304684));
#2495 = CARTESIAN_POINT('',(11.,-34.64101615137));
#2496 = CARTESIAN_POINT('',(17.75,-30.74390183434));
#2497 = CARTESIAN_POINT('',(24.5,-26.84678751731));
#2498 = CARTESIAN_POINT('',(24.5,-34.64101615137));
#2499 = ( GEOMETRIC_REPRESENTATION_CONTEXT(2) 
PARAMETRIC_REPRESENTATION_CONTEXT() REPRESENTATION_CONTEXT('2D SPACE',''
  ) );
#2500 = PCURVE('',#1633,#2501);
#2501 = DEFINITIONAL_REPRESENTATION('',(#2502),#2506);
#2502 = LINE('',#2503,#2504);
#2503 = CARTESIAN_POINT('',(-6.28318530718,-26.));
#2504 = VECTOR('',#2505,1.);
#2505 = DIRECTION('',(1.,-0.));
#2506 = ( GEOMETRIC_REPRESENTATION_CONTEXT(2) 
PARAMETRIC_REPRESENTATION_CONTEXT() REPRESENTATION_CONTEXT('2D SPACE',''
  ) );
#2507 = FACE_BOUND('',#2508,.T.);
#2508 = EDGE_LOOP('',(#2509,#2539,#2572,#2593,#2621,#2642,#2675,#2703,
    #2731,#2764,#2792,#2820,#2853,#2881));
#2509 = ORIENTED_EDGE('',*,*,#2510,.T.);
#2510 = EDGE_CURVE('',#2511,#2513,#2515,.T.);
#2511 = VERTEX_POINT('',#2512);
#2512 = CARTESIAN_POINT('',(-19.92648399499,15.262543549402,6.));
#2513 = VERTEX_POINT('',#2514);
#2514 = CARTESIAN_POINT('',(-15.2625435494,19.926483994991,6.));
#2515 = SURFACE_CURVE('',#2516,(#2521,#2532),.PCURVE_S1.);
#2516 = CIRCLE('',#2517,3.3);
#2517 = AXIS2_PLACEMENT_3D('',#2518,#2519,#2520);
#2518 = CARTESIAN_POINT('',(-17.67766952966,17.677669529664,6.));
#2519 = DIRECTION('',(0.,0.,-1.));
#2520 = DIRECTION('',(1.,0.,0.));
#2521 = PCURVE('',#1317,#2522);
#2522 = DEFINITIONAL_REPRESENTATION('',(#2523),#2531);
#2523 = ( BOUNDED_CURVE() B_SPLINE_CURVE(2,(#2524,#2525,#2526,#2527,
#2528,#2529,#2530),.UNSPECIFIED.,.T.,.F.) B_SPLINE_CURVE_WITH_KNOTS((1,2
    ,2,2,2,1),(-2.094395102393,0.,2.094395102393,4.188790204786,
6.28318530718,8.377580409573),.UNSPECIFIED.) CURVE() 
GEOMETRIC_REPRESENTATION_ITEM() RATIONAL_B_SPLINE_CURVE((1.,0.5,1.,0.5,
1.,0.5,1.)) REPRESENTATION_ITEM('') );
#2524 = CARTESIAN_POINT('',(-14.37766952966,17.677669529664));
#2525 = CARTESIAN_POINT('',(-14.37766952966,11.961901864686));
#2526 = CARTESIAN_POINT('',(-19.32766952966,14.819785697175));
#2527 = CARTESIAN_POINT('',(-24.27766952966,17.677669529664));
#2528 = CARTESIAN_POINT('',(-19.32766952966,20.535553362152));
#2529 = CARTESIAN_POINT('',(-14.37766952966,23.393437194641));
#2530 = CARTESIAN_POINT('',(-14.37766952966,17.677669529664));
#2531 = ( GEOMETRIC_REPRESENTATION_CONTEXT(2) 
PARAMETRIC_REPRESENTATION_CONTEXT() REPRESENTATION_CONTEXT('2D SPACE',''
  ) );
#2532 = PCURVE('',#1941,#2533);
#2533 = DEFINITIONAL_REPRESENTATION('',(#2534),#2538);
#2534 = LINE('',#2535,#2536);
#2535 = CARTESIAN_POINT('',(-6.28318530718,-26.));
#2536 = VECTOR('',#2537,1.);
#2537 = DIRECTION('',(1.,-0.));
#2538 = ( GEOMETRIC_REPRESENTATION_CONTEXT(2) 
PARAMETRIC_REPRESENTATION_CONTEXT() REPRESENTATION_CONTEXT('2D SPACE',''
  ) );
#2539 = ORIENTED_EDGE('',*,*,#2540,.T.);
#2540 = EDGE_CURVE('',#2513,#2541,#2543,.T.);
#2541 = VERTEX_POINT('',#2542);
#2542 = CARTESIAN_POINT('',(-3.1,24.907830094169,6.));
#2543 = SURFACE_CURVE('',#2544,(#2549,#2560),.PCURVE_S1.);
#2544 = CIRCLE('',#2545,25.1);
#2545 = AXIS2_PLACEMENT_3D('',#2546,#2547,#2548);
#2546 = CARTESIAN_POINT('',(0.,0.,6.));
#2547 = DIRECTION('',(0.,0.,-1.));
#2548 = DIRECTION('',(0.793883824502,0.60806946412,0.));
#2549 = PCURVE('',#1317,#2550);
#2550 = DEFINITIONAL_REPRESENTATION('',(#2551),#2559);
#2551 = ( BOUNDED_CURVE() B_SPLINE_CURVE(2,(#2552,#2553,#2554,#2555,
#2556,#2557,#2558),.UNSPECIFIED.,.T.,.F.) B_SPLINE_CURVE_WITH_KNOTS((1,2
    ,2,2,2,1),(-2.094395102393,0.,2.094395102393,4.188790204786,
6.28318530718,8.377580409573),.UNSPECIFIED.) CURVE() 
GEOMETRIC_REPRESENTATION_ITEM() RATIONAL_B_SPLINE_CURVE((1.,0.5,1.,0.5,
1.,0.5,1.)) REPRESENTATION_ITEM('') );
#2552 = CARTESIAN_POINT('',(19.926483994991,15.262543549402));
#2553 = CARTESIAN_POINT('',(46.361984875287,-19.25113914613));
#2554 = CARTESIAN_POINT('',(3.254508442653,-24.88811312246));
#2555 = CARTESIAN_POINT('',(-39.85296798998,-30.5250870988));
#2556 = CARTESIAN_POINT('',(-23.18099243764,9.625569573065));
#2557 = CARTESIAN_POINT('',(-6.509016885306,49.776226244933));
#2558 = CARTESIAN_POINT('',(19.926483994991,15.262543549402));
#2559 = ( GEOMETRIC_REPRESENTATION_CONTEXT(2) 
PARAMETRIC_REPRESENTATION_CONTEXT() REPRESENTATION_CONTEXT('2D SPACE',''
  ) );
#2560 = PCURVE('',#2561,#2566);
#2561 = CYLINDRICAL_SURFACE('',#2562,25.1);
#2562 = AXIS2_PLACEMENT_3D('',#2563,#2564,#2565);
#2563 = CARTESIAN_POINT('',(0.,0.,2.));
#2564 = DIRECTION('',(-0.,-0.,-1.));
#2565 = DIRECTION('',(1.,0.,0.));
#2566 = DEFINITIONAL_REPRESENTATION('',(#2567),#2571);
#2567 = LINE('',#2568,#2569);
#2568 = CARTESIAN_POINT('',(-6.936811865585,-4.));
#2569 = VECTOR('',#2570,1.);
#2570 = DIRECTION('',(1.,-0.));
#2571 = ( GEOMETRIC_REPRESENTATION_CONTEXT(2) 
PARAMETRIC_REPRESENTATION_CONTEXT() REPRESENTATION_CONTEXT('2D SPACE',''
  ) );
#2572 = ORIENTED_EDGE('',*,*,#2573,.F.);
#2573 = EDGE_CURVE('',#2574,#2541,#2576,.T.);
#2574 = VERTEX_POINT('',#2575);
#2575 = CARTESIAN_POINT('',(-3.1,26.4,6.));
#2576 = SURFACE_CURVE('',#2577,(#2581,#2587),.PCURVE_S1.);
#2577 = LINE('',#2578,#2579);
#2578 = CARTESIAN_POINT('',(-3.1,11.8,6.));
#2579 = VECTOR('',#2580,1.);
#2580 = DIRECTION('',(-1.110223024625E-16,-1.,0.));
#2581 = PCURVE('',#1317,#2582);
#2582 = DEFINITIONAL_REPRESENTATION('',(#2583),#2586);
#2583 = B_SPLINE_CURVE_WITH_KNOTS('',1,(#2584,#2585),.UNSPECIFIED.,.F.,
  .F.,(2,2),(-14.6,-11.8),.PIECEWISE_BEZIER_KNOTS.);
#2584 = CARTESIAN_POINT('',(-3.1,26.4));
#2585 = CARTESIAN_POINT('',(-3.1,23.6));
#2586 = ( GEOMETRIC_REPRESENTATION_CONTEXT(2) 
PARAMETRIC_REPRESENTATION_CONTEXT() REPRESENTATION_CONTEXT('2D SPACE',''
  ) );
#2587 = PCURVE('',#1997,#2588);
#2588 = DEFINITIONAL_REPRESENTATION('',(#2589),#2592);
#2589 = B_SPLINE_CURVE_WITH_KNOTS('',1,(#2590,#2591),.UNSPECIFIED.,.F.,
  .F.,(2,2),(-14.6,-11.8),.PIECEWISE_BEZIER_KNOTS.);
#2590 = CARTESIAN_POINT('',(2.8,-26.));
#2591 = CARTESIAN_POINT('',(0.,-26.));
#2592 = ( GEOMETRIC_REPRESENTATION_CONTEXT(2) 
PARAMETRIC_REPRESENTATION_CONTEXT() REPRESENTATION_CONTEXT('2D SPACE',''
  ) );
#2593 = ORIENTED_EDGE('',*,*,#2594,.T.);
#2594 = EDGE_CURVE('',#2574,#2595,#2597,.T.);
#2595 = VERTEX_POINT('',#2596);
#2596 = CARTESIAN_POINT('',(3.1,26.4,6.));
#2597 = SURFACE_CURVE('',#2598,(#2603,#2614),.PCURVE_S1.);
#2598 = CIRCLE('',#2599,3.1);
#2599 = AXIS2_PLACEMENT_3D('',#2600,#2601,#2602);
#2600 = CARTESIAN_POINT('',(1.964931133798E-15,26.4,6.));
#2601 = DIRECTION('',(-0.,0.,-1.));
#2602 = DIRECTION('',(-1.,-3.223228136009E-17,0.));
#2603 = PCURVE('',#1317,#2604);
#2604 = DEFINITIONAL_REPRESENTATION('',(#2605),#2613);
#2605 = ( BOUNDED_CURVE() B_SPLINE_CURVE(2,(#2606,#2607,#2608,#2609,
#2610,#2611,#2612),.UNSPECIFIED.,.T.,.F.) B_SPLINE_CURVE_WITH_KNOTS((1,2
    ,2,2,2,1),(-2.094395102393,0.,2.094395102393,4.188790204786,
6.28318530718,8.377580409573),.UNSPECIFIED.) CURVE() 
GEOMETRIC_REPRESENTATION_ITEM() RATIONAL_B_SPLINE_CURVE((1.,0.5,1.,0.5,
1.,0.5,1.)) REPRESENTATION_ITEM('') );
#2606 = CARTESIAN_POINT('',(-3.1,26.4));
#2607 = CARTESIAN_POINT('',(-3.1,31.769357503464));
#2608 = CARTESIAN_POINT('',(1.55,29.084678751732));
#2609 = CARTESIAN_POINT('',(6.2,26.4));
#2610 = CARTESIAN_POINT('',(1.55,23.715321248268));
#2611 = CARTESIAN_POINT('',(-3.1,21.030642496536));
#2612 = CARTESIAN_POINT('',(-3.1,26.4));
#2613 = ( GEOMETRIC_REPRESENTATION_CONTEXT(2) 
PARAMETRIC_REPRESENTATION_CONTEXT() REPRESENTATION_CONTEXT('2D SPACE',''
  ) );
#2614 = PCURVE('',#2029,#2615);
#2615 = DEFINITIONAL_REPRESENTATION('',(#2616),#2620);
#2616 = LINE('',#2617,#2618);
#2617 = CARTESIAN_POINT('',(0.,-26.));
#2618 = VECTOR('',#2619,1.);
#2619 = DIRECTION('',(1.,0.));
#2620 = ( GEOMETRIC_REPRESENTATION_CONTEXT(2) 
PARAMETRIC_REPRESENTATION_CONTEXT() REPRESENTATION_CONTEXT('2D SPACE',''
  ) );
#2621 = ORIENTED_EDGE('',*,*,#2622,.F.);
#2622 = EDGE_CURVE('',#2623,#2595,#2625,.T.);
#2623 = VERTEX_POINT('',#2624);
#2624 = CARTESIAN_POINT('',(3.1,24.907830094169,6.));
#2625 = SURFACE_CURVE('',#2626,(#2630,#2636),.PCURVE_S1.);
#2626 = LINE('',#2627,#2628);
#2627 = CARTESIAN_POINT('',(3.1,13.2,6.));
#2628 = VECTOR('',#2629,1.);
#2629 = DIRECTION('',(1.110223024625E-16,1.,-0.));
#2630 = PCURVE('',#1317,#2631);
#2631 = DEFINITIONAL_REPRESENTATION('',(#2632),#2635);
#2632 = B_SPLINE_CURVE_WITH_KNOTS('',1,(#2633,#2634),.UNSPECIFIED.,.F.,
  .F.,(2,2),(10.4,13.2),.PIECEWISE_BEZIER_KNOTS.);
#2633 = CARTESIAN_POINT('',(3.1,23.6));
#2634 = CARTESIAN_POINT('',(3.1,26.4));
#2635 = ( GEOMETRIC_REPRESENTATION_CONTEXT(2) 
PARAMETRIC_REPRESENTATION_CONTEXT() REPRESENTATION_CONTEXT('2D SPACE',''
  ) );
#2636 = PCURVE('',#2054,#2637);
#2637 = DEFINITIONAL_REPRESENTATION('',(#2638),#2641);
#2638 = B_SPLINE_CURVE_WITH_KNOTS('',1,(#2639,#2640),.UNSPECIFIED.,.F.,
  .F.,(2,2),(10.4,13.2),.PIECEWISE_BEZIER_KNOTS.);
#2639 = CARTESIAN_POINT('',(2.8,-26.));
#2640 = CARTESIAN_POINT('',(0.,-26.));
#2641 = ( GEOMETRIC_REPRESENTATION_CONTEXT(2) 
PARAMETRIC_REPRESENTATION_CONTEXT() REPRESENTATION_CONTEXT('2D SPACE',''
  ) );
#2642 = ORIENTED_EDGE('',*,*,#2643,.T.);
#2643 = EDGE_CURVE('',#2623,#2644,#2646,.T.);
#2644 = VERTEX_POINT('',#2645);
#2645 = CARTESIAN_POINT('',(15.262543549402,19.926483994991,6.));
#2646 = SURFACE_CURVE('',#2647,(#2652,#2663),.PCURVE_S1.);
#2647 = CIRCLE('',#2648,25.1);
#2648 = AXIS2_PLACEMENT_3D('',#2649,#2650,#2651);
#2649 = CARTESIAN_POINT('',(0.,0.,6.));
#2650 = DIRECTION('',(0.,0.,-1.));
#2651 = DIRECTION('',(0.793883824502,0.60806946412,0.));
#2652 = PCURVE('',#1317,#2653);
#2653 = DEFINITIONAL_REPRESENTATION('',(#2654),#2662);
#2654 = ( BOUNDED_CURVE() B_SPLINE_CURVE(2,(#2655,#2656,#2657,#2658,
#2659,#2660,#2661),.UNSPECIFIED.,.T.,.F.) B_SPLINE_CURVE_WITH_KNOTS((1,2
    ,2,2,2,1),(-2.094395102393,0.,2.094395102393,4.188790204786,
6.28318530718,8.377580409573),.UNSPECIFIED.) CURVE() 
GEOMETRIC_REPRESENTATION_ITEM() RATIONAL_B_SPLINE_CURVE((1.,0.5,1.,0.5,
1.,0.5,1.)) REPRESENTATION_ITEM('') );
#2655 = CARTESIAN_POINT('',(19.926483994991,15.262543549402));
#2656 = CARTESIAN_POINT('',(46.361984875287,-19.25113914613));
#2657 = CARTESIAN_POINT('',(3.254508442653,-24.88811312246));
#2658 = CARTESIAN_POINT('',(-39.85296798998,-30.5250870988));
#2659 = CARTESIAN_POINT('',(-23.18099243764,9.625569573065));
#2660 = CARTESIAN_POINT('',(-6.509016885306,49.776226244933));
#2661 = CARTESIAN_POINT('',(19.926483994991,15.262543549402));
#2662 = ( GEOMETRIC_REPRESENTATION_CONTEXT(2) 
PARAMETRIC_REPRESENTATION_CONTEXT() REPRESENTATION_CONTEXT('2D SPACE',''
  ) );
#2663 = PCURVE('',#2664,#2669);
#2664 = CYLINDRICAL_SURFACE('',#2665,25.1);
#2665 = AXIS2_PLACEMENT_3D('',#2666,#2667,#2668);
#2666 = CARTESIAN_POINT('',(0.,0.,2.));
#2667 = DIRECTION('',(-0.,-0.,-1.));
#2668 = DIRECTION('',(1.,0.,0.));
#2669 = DEFINITIONAL_REPRESENTATION('',(#2670),#2674);
#2670 = LINE('',#2671,#2672);
#2671 = CARTESIAN_POINT('',(-6.936811865585,-4.));
#2672 = VECTOR('',#2673,1.);
#2673 = DIRECTION('',(1.,-0.));
#2674 = ( GEOMETRIC_REPRESENTATION_CONTEXT(2) 
PARAMETRIC_REPRESENTATION_CONTEXT() REPRESENTATION_CONTEXT('2D SPACE',''
  ) );
#2675 = ORIENTED_EDGE('',*,*,#2676,.T.);
#2676 = EDGE_CURVE('',#2644,#2677,#2679,.T.);
#2677 = VERTEX_POINT('',#2678);
#2678 = CARTESIAN_POINT('',(20.977669529664,17.677669529664,6.));
#2679 = SURFACE_CURVE('',#2680,(#2685,#2696),.PCURVE_S1.);
#2680 = CIRCLE('',#2681,3.3);
#2681 = AXIS2_PLACEMENT_3D('',#2682,#2683,#2684);
#2682 = CARTESIAN_POINT('',(17.677669529664,17.677669529664,6.));
#2683 = DIRECTION('',(0.,0.,-1.));
#2684 = DIRECTION('',(1.,0.,0.));
#2685 = PCURVE('',#1317,#2686);
#2686 = DEFINITIONAL_REPRESENTATION('',(#2687),#2695);
#2687 = ( BOUNDED_CURVE() B_SPLINE_CURVE(2,(#2688,#2689,#2690,#2691,
#2692,#2693,#2694),.UNSPECIFIED.,.T.,.F.) B_SPLINE_CURVE_WITH_KNOTS((1,2
    ,2,2,2,1),(-2.094395102393,0.,2.094395102393,4.188790204786,
6.28318530718,8.377580409573),.UNSPECIFIED.) CURVE() 
GEOMETRIC_REPRESENTATION_ITEM() RATIONAL_B_SPLINE_CURVE((1.,0.5,1.,0.5,
1.,0.5,1.)) REPRESENTATION_ITEM('') );
#2688 = CARTESIAN_POINT('',(20.977669529664,17.677669529664));
#2689 = CARTESIAN_POINT('',(20.977669529664,11.961901864686));
#2690 = CARTESIAN_POINT('',(16.027669529664,14.819785697175));
#2691 = CARTESIAN_POINT('',(11.077669529664,17.677669529664));
#2692 = CARTESIAN_POINT('',(16.027669529664,20.535553362152));
#2693 = CARTESIAN_POINT('',(20.977669529664,23.393437194641));
#2694 = CARTESIAN_POINT('',(20.977669529664,17.677669529664));
#2695 = ( GEOMETRIC_REPRESENTATION_CONTEXT(2) 
PARAMETRIC_REPRESENTATION_CONTEXT() REPRESENTATION_CONTEXT('2D SPACE',''
  ) );
#2696 = PCURVE('',#1699,#2697);
#2697 = DEFINITIONAL_REPRESENTATION('',(#2698),#2702);
#2698 = LINE('',#2699,#2700);
#2699 = CARTESIAN_POINT('',(-6.28318530718,-26.));
#2700 = VECTOR('',#2701,1.);
#2701 = DIRECTION('',(1.,-0.));
#2702 = ( GEOMETRIC_REPRESENTATION_CONTEXT(2) 
PARAMETRIC_REPRESENTATION_CONTEXT() REPRESENTATION_CONTEXT('2D SPACE',''
  ) );
#2703 = ORIENTED_EDGE('',*,*,#2704,.T.);
#2704 = EDGE_CURVE('',#2677,#2705,#2707,.T.);
#2705 = VERTEX_POINT('',#2706);
#2706 = CARTESIAN_POINT('',(19.926483994991,15.262543549402,6.));
#2707 = SURFACE_CURVE('',#2708,(#2713,#2724),.PCURVE_S1.);
#2708 = CIRCLE('',#2709,3.3);
#2709 = AXIS2_PLACEMENT_3D('',#2710,#2711,#2712);
#2710 = CARTESIAN_POINT('',(17.677669529664,17.677669529664,6.));
#2711 = DIRECTION('',(0.,0.,-1.));
#2712 = DIRECTION('',(1.,0.,0.));
#2713 = PCURVE('',#1317,#2714);
#2714 = DEFINITIONAL_REPRESENTATION('',(#2715),#2723);
#2715 = ( BOUNDED_CURVE() B_SPLINE_CURVE(2,(#2716,#2717,#2718,#2719,
#2720,#2721,#2722),.UNSPECIFIED.,.T.,.F.) B_SPLINE_CURVE_WITH_KNOTS((1,2
    ,2,2,2,1),(-2.094395102393,0.,2.094395102393,4.188790204786,
6.28318530718,8.377580409573),.UNSPECIFIED.) CURVE() 
GEOMETRIC_REPRESENTATION_ITEM() RATIONAL_B_SPLINE_CURVE((1.,0.5,1.,0.5,
1.,0.5,1.)) REPRESENTATION_ITEM('') );
#2716 = CARTESIAN_POINT('',(20.977669529664,17.677669529664));
#2717 = CARTESIAN_POINT('',(20.977669529664,11.961901864686));
#2718 = CARTESIAN_POINT('',(16.027669529664,14.819785697175));
#2719 = CARTESIAN_POINT('',(11.077669529664,17.677669529664));
#2720 = CARTESIAN_POINT('',(16.027669529664,20.535553362152));
#2721 = CARTESIAN_POINT('',(20.977669529664,23.393437194641));
#2722 = CARTESIAN_POINT('',(20.977669529664,17.677669529664));
#2723 = ( GEOMETRIC_REPRESENTATION_CONTEXT(2) 
PARAMETRIC_REPRESENTATION_CONTEXT() REPRESENTATION_CONTEXT('2D SPACE',''
  ) );
#2724 = PCURVE('',#1699,#2725);
#2725 = DEFINITIONAL_REPRESENTATION('',(#2726),#2730);
#2726 = LINE('',#2727,#2728);
#2727 = CARTESIAN_POINT('',(-6.28318530718,-26.));
#2728 = VECTOR('',#2729,1.);
#2729 = DIRECTION('',(1.,-0.));
#2730 = ( GEOMETRIC_REPRESENTATION_CONTEXT(2) 
PARAMETRIC_REPRESENTATION_CONTEXT() REPRESENTATION_CONTEXT('2D SPACE',''
  ) );
#2731 = ORIENTED_EDGE('',*,*,#2732,.T.);
#2732 = EDGE_CURVE('',#2705,#2733,#2735,.T.);
#2733 = VERTEX_POINT('',#2734);
#2734 = CARTESIAN_POINT('',(19.926483994991,-15.2625435494,6.));
#2735 = SURFACE_CURVE('',#2736,(#2741,#2752),.PCURVE_S1.);
#2736 = CIRCLE('',#2737,25.1);
#2737 = AXIS2_PLACEMENT_3D('',#2738,#2739,#2740);
#2738 = CARTESIAN_POINT('',(0.,0.,6.));
#2739 = DIRECTION('',(0.,0.,-1.));
#2740 = DIRECTION('',(0.793883824502,0.60806946412,0.));
#2741 = PCURVE('',#1317,#2742);
#2742 = DEFINITIONAL_REPRESENTATION('',(#2743),#2751);
#2743 = ( BOUNDED_CURVE() B_SPLINE_CURVE(2,(#2744,#2745,#2746,#2747,
#2748,#2749,#2750),.UNSPECIFIED.,.T.,.F.) B_SPLINE_CURVE_WITH_KNOTS((1,2
    ,2,2,2,1),(-2.094395102393,0.,2.094395102393,4.188790204786,
6.28318530718,8.377580409573),.UNSPECIFIED.) CURVE() 
GEOMETRIC_REPRESENTATION_ITEM() RATIONAL_B_SPLINE_CURVE((1.,0.5,1.,0.5,
1.,0.5,1.)) REPRESENTATION_ITEM('') );
#2744 = CARTESIAN_POINT('',(19.926483994991,15.262543549402));
#2745 = CARTESIAN_POINT('',(46.361984875287,-19.25113914613));
#2746 = CARTESIAN_POINT('',(3.254508442653,-24.88811312246));
#2747 = CARTESIAN_POINT('',(-39.85296798998,-30.5250870988));
#2748 = CARTESIAN_POINT('',(-23.18099243764,9.625569573065));
#2749 = CARTESIAN_POINT('',(-6.509016885306,49.776226244933));
#2750 = CARTESIAN_POINT('',(19.926483994991,15.262543549402));
#2751 = ( GEOMETRIC_REPRESENTATION_CONTEXT(2) 
PARAMETRIC_REPRESENTATION_CONTEXT() REPRESENTATION_CONTEXT('2D SPACE',''
  ) );
#2752 = PCURVE('',#2753,#2758);
#2753 = CYLINDRICAL_SURFACE('',#2754,25.1);
#2754 = AXIS2_PLACEMENT_3D('',#2755,#2756,#2757);
#2755 = CARTESIAN_POINT('',(0.,0.,2.));
#2756 = DIRECTION('',(-0.,-0.,-1.));
#2757 = DIRECTION('',(1.,0.,0.));
#2758 = DEFINITIONAL_REPRESENTATION('',(#2759),#2763);
#2759 = LINE('',#2760,#2761);
#2760 = CARTESIAN_POINT('',(-6.936811865585,-4.));
#2761 = VECTOR('',#2762,1.);
#2762 = DIRECTION('',(1.,-0.));
#2763 = ( GEOMETRIC_REPRESENTATION_CONTEXT(2) 
PARAMETRIC_REPRESENTATION_CONTEXT() REPRESENTATION_CONTEXT('2D SPACE',''
  ) );
#2764 = ORIENTED_EDGE('',*,*,#2765,.T.);
#2765 = EDGE_CURVE('',#2733,#2766,#2768,.T.);
#2766 = VERTEX_POINT('',#2767);
#2767 = CARTESIAN_POINT('',(20.977669529664,-17.67766952966,6.));
#2768 = SURFACE_CURVE('',#2769,(#2774,#2785),.PCURVE_S1.);
#2769 = CIRCLE('',#2770,3.3);
#2770 = AXIS2_PLACEMENT_3D('',#2771,#2772,#2773);
#2771 = CARTESIAN_POINT('',(17.677669529664,-17.67766952966,6.));
#2772 = DIRECTION('',(0.,0.,-1.));
#2773 = DIRECTION('',(1.,0.,0.));
#2774 = PCURVE('',#1317,#2775);
#2775 = DEFINITIONAL_REPRESENTATION('',(#2776),#2784);
#2776 = ( BOUNDED_CURVE() B_SPLINE_CURVE(2,(#2777,#2778,#2779,#2780,
#2781,#2782,#2783),.UNSPECIFIED.,.T.,.F.) B_SPLINE_CURVE_WITH_KNOTS((1,2
    ,2,2,2,1),(-2.094395102393,0.,2.094395102393,4.188790204786,
6.28318530718,8.377580409573),.UNSPECIFIED.) CURVE() 
GEOMETRIC_REPRESENTATION_ITEM() RATIONAL_B_SPLINE_CURVE((1.,0.5,1.,0.5,
1.,0.5,1.)) REPRESENTATION_ITEM('') );
#2777 = CARTESIAN_POINT('',(20.977669529664,-17.67766952966));
#2778 = CARTESIAN_POINT('',(20.977669529664,-23.39343719464));
#2779 = CARTESIAN_POINT('',(16.027669529664,-20.53555336215));
#2780 = CARTESIAN_POINT('',(11.077669529664,-17.67766952966));
#2781 = CARTESIAN_POINT('',(16.027669529664,-14.81978569717));
#2782 = CARTESIAN_POINT('',(20.977669529664,-11.96190186468));
#2783 = CARTESIAN_POINT('',(20.977669529664,-17.67766952966));
#2784 = ( GEOMETRIC_REPRESENTATION_CONTEXT(2) 
PARAMETRIC_REPRESENTATION_CONTEXT() REPRESENTATION_CONTEXT('2D SPACE',''
  ) );
#2785 = PCURVE('',#1789,#2786);
#2786 = DEFINITIONAL_REPRESENTATION('',(#2787),#2791);
#2787 = LINE('',#2788,#2789);
#2788 = CARTESIAN_POINT('',(-6.28318530718,-26.));
#2789 = VECTOR('',#2790,1.);
#2790 = DIRECTION('',(1.,-0.));
#2791 = ( GEOMETRIC_REPRESENTATION_CONTEXT(2) 
PARAMETRIC_REPRESENTATION_CONTEXT() REPRESENTATION_CONTEXT('2D SPACE',''
  ) );
#2792 = ORIENTED_EDGE('',*,*,#2793,.T.);
#2793 = EDGE_CURVE('',#2766,#2794,#2796,.T.);
#2794 = VERTEX_POINT('',#2795);
#2795 = CARTESIAN_POINT('',(15.262543549402,-19.92648399499,6.));
#2796 = SURFACE_CURVE('',#2797,(#2802,#2813),.PCURVE_S1.);
#2797 = CIRCLE('',#2798,3.3);
#2798 = AXIS2_PLACEMENT_3D('',#2799,#2800,#2801);
#2799 = CARTESIAN_POINT('',(17.677669529664,-17.67766952966,6.));
#2800 = DIRECTION('',(0.,0.,-1.));
#2801 = DIRECTION('',(1.,0.,0.));
#2802 = PCURVE('',#1317,#2803);
#2803 = DEFINITIONAL_REPRESENTATION('',(#2804),#2812);
#2804 = ( BOUNDED_CURVE() B_SPLINE_CURVE(2,(#2805,#2806,#2807,#2808,
#2809,#2810,#2811),.UNSPECIFIED.,.T.,.F.) B_SPLINE_CURVE_WITH_KNOTS((1,2
    ,2,2,2,1),(-2.094395102393,0.,2.094395102393,4.188790204786,
6.28318530718,8.377580409573),.UNSPECIFIED.) CURVE() 
GEOMETRIC_REPRESENTATION_ITEM() RATIONAL_B_SPLINE_CURVE((1.,0.5,1.,0.5,
1.,0.5,1.)) REPRESENTATION_ITEM('') );
#2805 = CARTESIAN_POINT('',(20.977669529664,-17.67766952966));
#2806 = CARTESIAN_POINT('',(20.977669529664,-23.39343719464));
#2807 = CARTESIAN_POINT('',(16.027669529664,-20.53555336215));
#2808 = CARTESIAN_POINT('',(11.077669529664,-17.67766952966));
#2809 = CARTESIAN_POINT('',(16.027669529664,-14.81978569717));
#2810 = CARTESIAN_POINT('',(20.977669529664,-11.96190186468));
#2811 = CARTESIAN_POINT('',(20.977669529664,-17.67766952966));
#2812 = ( GEOMETRIC_REPRESENTATION_CONTEXT(2) 
PARAMETRIC_REPRESENTATION_CONTEXT() REPRESENTATION_CONTEXT('2D SPACE',''
  ) );
#2813 = PCURVE('',#1789,#2814);
#2814 = DEFINITIONAL_REPRESENTATION('',(#2815),#2819);
#2815 = LINE('',#2816,#2817);
#2816 = CARTESIAN_POINT('',(-6.28318530718,-26.));
#2817 = VECTOR('',#2818,1.);
#2818 = DIRECTION('',(1.,-0.));
#2819 = ( GEOMETRIC_REPRESENTATION_CONTEXT(2) 
PARAMETRIC_REPRESENTATION_CONTEXT() REPRESENTATION_CONTEXT('2D SPACE',''
  ) );
#2820 = ORIENTED_EDGE('',*,*,#2821,.T.);
#2821 = EDGE_CURVE('',#2794,#2822,#2824,.T.);
#2822 = VERTEX_POINT('',#2823);
#2823 = CARTESIAN_POINT('',(-15.2625435494,-19.92648399499,6.));
#2824 = SURFACE_CURVE('',#2825,(#2830,#2841),.PCURVE_S1.);
#2825 = CIRCLE('',#2826,25.1);
#2826 = AXIS2_PLACEMENT_3D('',#2827,#2828,#2829);
#2827 = CARTESIAN_POINT('',(0.,0.,6.));
#2828 = DIRECTION('',(0.,0.,-1.));
#2829 = DIRECTION('',(0.793883824502,0.60806946412,0.));
#2830 = PCURVE('',#1317,#2831);
#2831 = DEFINITIONAL_REPRESENTATION('',(#2832),#2840);
#2832 = ( BOUNDED_CURVE() B_SPLINE_CURVE(2,(#2833,#2834,#2835,#2836,
#2837,#2838,#2839),.UNSPECIFIED.,.T.,.F.) B_SPLINE_CURVE_WITH_KNOTS((1,2
    ,2,2,2,1),(-2.094395102393,0.,2.094395102393,4.188790204786,
6.28318530718,8.377580409573),.UNSPECIFIED.) CURVE() 
GEOMETRIC_REPRESENTATION_ITEM() RATIONAL_B_SPLINE_CURVE((1.,0.5,1.,0.5,
1.,0.5,1.)) REPRESENTATION_ITEM('') );
#2833 = CARTESIAN_POINT('',(19.926483994991,15.262543549402));
#2834 = CARTESIAN_POINT('',(46.361984875287,-19.25113914613));
#2835 = CARTESIAN_POINT('',(3.254508442653,-24.88811312246));
#2836 = CARTESIAN_POINT('',(-39.85296798998,-30.5250870988));
#2837 = CARTESIAN_POINT('',(-23.18099243764,9.625569573065));
#2838 = CARTESIAN_POINT('',(-6.509016885306,49.776226244933));
#2839 = CARTESIAN_POINT('',(19.926483994991,15.262543549402));
#2840 = ( GEOMETRIC_REPRESENTATION_CONTEXT(2) 
PARAMETRIC_REPRESENTATION_CONTEXT() REPRESENTATION_CONTEXT('2D SPACE',''
  ) );
#2841 = PCURVE('',#2842,#2847);
#2842 = CYLINDRICAL_SURFACE('',#2843,25.1);
#2843 = AXIS2_PLACEMENT_3D('',#2844,#2845,#2846);
#2844 = CARTESIAN_POINT('',(0.,0.,2.));
#2845 = DIRECTION('',(-0.,-0.,-1.));
#2846 = DIRECTION('',(1.,0.,0.));
#2847 = DEFINITIONAL_REPRESENTATION('',(#2848),#2852);
#2848 = LINE('',#2849,#2850);
#2849 = CARTESIAN_POINT('',(-6.936811865585,-4.));
#2850 = VECTOR('',#2851,1.);
#2851 = DIRECTION('',(1.,-0.));
#2852 = ( GEOMETRIC_REPRESENTATION_CONTEXT(2) 
PARAMETRIC_REPRESENTATION_CONTEXT() REPRESENTATION_CONTEXT('2D SPACE',''
  ) );
#2853 = ORIENTED_EDGE('',*,*,#2854,.T.);
#2854 = EDGE_CURVE('',#2822,#2855,#2857,.T.);
#2855 = VERTEX_POINT('',#2856);
#2856 = CARTESIAN_POINT('',(-19.92648399499,-15.2625435494,6.));
#2857 = SURFACE_CURVE('',#2858,(#2863,#2874),.PCURVE_S1.);
#2858 = CIRCLE('',#2859,3.3);
#2859 = AXIS2_PLACEMENT_3D('',#2860,#2861,#2862);
#2860 = CARTESIAN_POINT('',(-17.67766952966,-17.67766952966,6.));
#2861 = DIRECTION('',(0.,0.,-1.));
#2862 = DIRECTION('',(1.,0.,0.));
#2863 = PCURVE('',#1317,#2864);
#2864 = DEFINITIONAL_REPRESENTATION('',(#2865),#2873);
#2865 = ( BOUNDED_CURVE() B_SPLINE_CURVE(2,(#2866,#2867,#2868,#2869,
#2870,#2871,#2872),.UNSPECIFIED.,.T.,.F.) B_SPLINE_CURVE_WITH_KNOTS((1,2
    ,2,2,2,1),(-2.094395102393,0.,2.094395102393,4.188790204786,
6.28318530718,8.377580409573),.UNSPECIFIED.) CURVE() 
GEOMETRIC_REPRESENTATION_ITEM() RATIONAL_B_SPLINE_CURVE((1.,0.5,1.,0.5,
1.,0.5,1.)) REPRESENTATION_ITEM('') );
#2866 = CARTESIAN_POINT('',(-14.37766952966,-17.67766952966));
#2867 = CARTESIAN_POINT('',(-14.37766952966,-23.39343719464));
#2868 = CARTESIAN_POINT('',(-19.32766952966,-20.53555336215));
#2869 = CARTESIAN_POINT('',(-24.27766952966,-17.67766952966));
#2870 = CARTESIAN_POINT('',(-19.32766952966,-14.81978569717));
#2871 = CARTESIAN_POINT('',(-14.37766952966,-11.96190186468));
#2872 = CARTESIAN_POINT('',(-14.37766952966,-17.67766952966));
#2873 = ( GEOMETRIC_REPRESENTATION_CONTEXT(2) 
PARAMETRIC_REPRESENTATION_CONTEXT() REPRESENTATION_CONTEXT('2D SPACE',''
  ) );
#2874 = PCURVE('',#1879,#2875);
#2875 = DEFINITIONAL_REPRESENTATION('',(#2876),#2880);
#2876 = LINE('',#2877,#2878);
#2877 = CARTESIAN_POINT('',(-6.28318530718,-26.));
#2878 = VECTOR('',#2879,1.);
#2879 = DIRECTION('',(1.,-0.));
#2880 = ( GEOMETRIC_REPRESENTATION_CONTEXT(2) 
PARAMETRIC_REPRESENTATION_CONTEXT() REPRESENTATION_CONTEXT('2D SPACE',''
  ) );
#2881 = ORIENTED_EDGE('',*,*,#2882,.T.);
#2882 = EDGE_CURVE('',#2855,#2511,#2883,.T.);
#2883 = SURFACE_CURVE('',#2884,(#2889,#2900),.PCURVE_S1.);
#2884 = CIRCLE('',#2885,25.1);
#2885 = AXIS2_PLACEMENT_3D('',#2886,#2887,#2888);
#2886 = CARTESIAN_POINT('',(0.,0.,6.));
#2887 = DIRECTION('',(0.,0.,-1.));
#2888 = DIRECTION('',(0.793883824502,0.60806946412,0.));
#2889 = PCURVE('',#1317,#2890);
#2890 = DEFINITIONAL_REPRESENTATION('',(#2891),#2899);
#2891 = ( BOUNDED_CURVE() B_SPLINE_CURVE(2,(#2892,#2893,#2894,#2895,
#2896,#2897,#2898),.UNSPECIFIED.,.T.,.F.) B_SPLINE_CURVE_WITH_KNOTS((1,2
    ,2,2,2,1),(-2.094395102393,0.,2.094395102393,4.188790204786,
6.28318530718,8.377580409573),.UNSPECIFIED.) CURVE() 
GEOMETRIC_REPRESENTATION_ITEM() RATIONAL_B_SPLINE_CURVE((1.,0.5,1.,0.5,
1.,0.5,1.)) REPRESENTATION_ITEM('') );
#2892 = CARTESIAN_POINT('',(19.926483994991,15.262543549402));
#2893 = CARTESIAN_POINT('',(46.361984875287,-19.25113914613));
#2894 = CARTESIAN_POINT('',(3.254508442653,-24.88811312246));
#2895 = CARTESIAN_POINT('',(-39.85296798998,-30.5250870988));
#2896 = CARTESIAN_POINT('',(-23.18099243764,9.625569573065));
#2897 = CARTESIAN_POINT('',(-6.509016885306,49.776226244933));
#2898 = CARTESIAN_POINT('',(19.926483994991,15.262543549402));
#2899 = ( GEOMETRIC_REPRESENTATION_CONTEXT(2) 
PARAMETRIC_REPRESENTATION_CONTEXT() REPRESENTATION_CONTEXT('2D SPACE',''
  ) );
#2900 = PCURVE('',#2901,#2906);
#2901 = CYLINDRICAL_SURFACE('',#2902,25.1);
#2902 = AXIS2_PLACEMENT_3D('',#2903,#2904,#2905);
#2903 = CARTESIAN_POINT('',(0.,0.,2.));
#2904 = DIRECTION('',(-0.,-0.,-1.));
#2905 = DIRECTION('',(1.,0.,0.));
#2906 = DEFINITIONAL_REPRESENTATION('',(#2907),#2911);
#2907 = LINE('',#2908,#2909);
#2908 = CARTESIAN_POINT('',(-6.936811865585,-4.));
#2909 = VECTOR('',#2910,1.);
#2910 = DIRECTION('',(1.,-0.));
#2911 = ( GEOMETRIC_REPRESENTATION_CONTEXT(2) 
PARAMETRIC_REPRESENTATION_CONTEXT() REPRESENTATION_CONTEXT('2D SPACE',''
  ) );
#2912 = FACE_BOUND('',#2913,.T.);
#2913 = EDGE_LOOP('',(#2914));
#2914 = ORIENTED_EDGE('',*,*,#2915,.T.);
#2915 = EDGE_CURVE('',#2916,#2916,#2918,.T.);
#2916 = VERTEX_POINT('',#2917);
#2917 = CARTESIAN_POINT('',(44.5,0.,6.));
#2918 = SURFACE_CURVE('',#2919,(#2924,#2935),.PCURVE_S1.);
#2919 = CIRCLE('',#2920,4.5);
#2920 = AXIS2_PLACEMENT_3D('',#2921,#2922,#2923);
#2921 = CARTESIAN_POINT('',(40.,0.,6.));
#2922 = DIRECTION('',(0.,0.,-1.));
#2923 = DIRECTION('',(1.,0.,0.));
#2924 = PCURVE('',#1317,#2925);
#2925 = DEFINITIONAL_REPRESENTATION('',(#2926),#2934);
#2926 = ( BOUNDED_CURVE() B_SPLINE_CURVE(2,(#2927,#2928,#2929,#2930,
#2931,#2932,#2933),.UNSPECIFIED.,.T.,.F.) B_SPLINE_CURVE_WITH_KNOTS((1,2
    ,2,2,2,1),(-2.094395102393,0.,2.094395102393,4.188790204786,
6.28318530718,8.377580409573),.UNSPECIFIED.) CURVE() 
GEOMETRIC_REPRESENTATION_ITEM() RATIONAL_B_SPLINE_CURVE((1.,0.5,1.,0.5,
1.,0.5,1.)) REPRESENTATION_ITEM('') );
#2927 = CARTESIAN_POINT('',(44.5,-1.687072141469E-15));
#2928 = CARTESIAN_POINT('',(44.5,-7.79422863406));
#2929 = CARTESIAN_POINT('',(37.75,-3.89711431703));
#2930 = CARTESIAN_POINT('',(31.,-2.789254260702E-15));
#2931 = CARTESIAN_POINT('',(37.75,3.89711431703));
#2932 = CARTESIAN_POINT('',(44.5,7.79422863406));
#2933 = CARTESIAN_POINT('',(44.5,-1.687072141469E-15));
#2934 = ( GEOMETRIC_REPRESENTATION_CONTEXT(2) 
PARAMETRIC_REPRESENTATION_CONTEXT() REPRESENTATION_CONTEXT('2D SPACE',''
  ) );
#2935 = PCURVE('',#2088,#2936);
#2936 = DEFINITIONAL_REPRESENTATION('',(#2937),#2941);
#2937 = LINE('',#2938,#2939);
#2938 = CARTESIAN_POINT('',(-6.28318530718,-26.));
#2939 = VECTOR('',#2940,1.);
#2940 = DIRECTION('',(1.,-0.));
#2941 = ( GEOMETRIC_REPRESENTATION_CONTEXT(2) 
PARAMETRIC_REPRESENTATION_CONTEXT() REPRESENTATION_CONTEXT('2D SPACE',''
  ) );
#2942 = FACE_BOUND('',#2943,.T.);
#2943 = EDGE_LOOP('',(#2944));
#2944 = ORIENTED_EDGE('',*,*,#2945,.T.);
#2945 = EDGE_CURVE('',#2946,#2946,#2948,.T.);
#2946 = VERTEX_POINT('',#2947);
#2947 = CARTESIAN_POINT('',(-15.5,34.641016151378,6.));
#2948 = SURFACE_CURVE('',#2949,(#2954,#2965),.PCURVE_S1.);
#2949 = CIRCLE('',#2950,4.5);
#2950 = AXIS2_PLACEMENT_3D('',#2951,#2952,#2953);
#2951 = CARTESIAN_POINT('',(-20.,34.641016151378,6.));
#2952 = DIRECTION('',(0.,0.,-1.));
#2953 = DIRECTION('',(1.,0.,0.));
#2954 = PCURVE('',#1317,#2955);
#2955 = DEFINITIONAL_REPRESENTATION('',(#2956),#2964);
#2956 = ( BOUNDED_CURVE() B_SPLINE_CURVE(2,(#2957,#2958,#2959,#2960,
#2961,#2962,#2963),.UNSPECIFIED.,.T.,.F.) B_SPLINE_CURVE_WITH_KNOTS((1,2
    ,2,2,2,1),(-2.094395102393,0.,2.094395102393,4.188790204786,
6.28318530718,8.377580409573),.UNSPECIFIED.) CURVE() 
GEOMETRIC_REPRESENTATION_ITEM() RATIONAL_B_SPLINE_CURVE((1.,0.5,1.,0.5,
1.,0.5,1.)) REPRESENTATION_ITEM('') );
#2957 = CARTESIAN_POINT('',(-15.5,34.641016151378));
#2958 = CARTESIAN_POINT('',(-15.5,26.846787517318));
#2959 = CARTESIAN_POINT('',(-22.25,30.743901834348));
#2960 = CARTESIAN_POINT('',(-29.,34.641016151378));
#2961 = CARTESIAN_POINT('',(-22.25,38.538130468408));
#2962 = CARTESIAN_POINT('',(-15.5,42.435244785437));
#2963 = CARTESIAN_POINT('',(-15.5,34.641016151378));
#2964 = ( GEOMETRIC_REPRESENTATION_CONTEXT(2) 
PARAMETRIC_REPRESENTATION_CONTEXT() REPRESENTATION_CONTEXT('2D SPACE',''
  ) );
#2965 = PCURVE('',#2123,#2966);
#2966 = DEFINITIONAL_REPRESENTATION('',(#2967),#2971);
#2967 = LINE('',#2968,#2969);
#2968 = CARTESIAN_POINT('',(-6.28318530718,-26.));
#2969 = VECTOR('',#2970,1.);
#2970 = DIRECTION('',(1.,-0.));
#2971 = ( GEOMETRIC_REPRESENTATION_CONTEXT(2) 
PARAMETRIC_REPRESENTATION_CONTEXT() REPRESENTATION_CONTEXT('2D SPACE',''
  ) );
#2972 = FACE_BOUND('',#2973,.T.);
#2973 = EDGE_LOOP('',(#2974));
#2974 = ORIENTED_EDGE('',*,*,#2975,.T.);
#2975 = EDGE_CURVE('',#2976,#2976,#2978,.T.);
#2976 = VERTEX_POINT('',#2977);
#2977 = CARTESIAN_POINT('',(24.5,34.641016151378,6.));
#2978 = SURFACE_CURVE('',#2979,(#2984,#2995),.PCURVE_S1.);
#2979 = CIRCLE('',#2980,4.5);
#2980 = AXIS2_PLACEMENT_3D('',#2981,#2982,#2983);
#2981 = CARTESIAN_POINT('',(20.,34.641016151378,6.));
#2982 = DIRECTION('',(0.,0.,-1.));
#2983 = DIRECTION('',(1.,0.,0.));
#2984 = PCURVE('',#1317,#2985);
#2985 = DEFINITIONAL_REPRESENTATION('',(#2986),#2994);
#2986 = ( BOUNDED_CURVE() B_SPLINE_CURVE(2,(#2987,#2988,#2989,#2990,
#2991,#2992,#2993),.UNSPECIFIED.,.T.,.F.) B_SPLINE_CURVE_WITH_KNOTS((1,2
    ,2,2,2,1),(-2.094395102393,0.,2.094395102393,4.188790204786,
6.28318530718,8.377580409573),.UNSPECIFIED.) CURVE() 
GEOMETRIC_REPRESENTATION_ITEM() RATIONAL_B_SPLINE_CURVE((1.,0.5,1.,0.5,
1.,0.5,1.)) REPRESENTATION_ITEM('') );
#2987 = CARTESIAN_POINT('',(24.5,34.641016151378));
#2988 = CARTESIAN_POINT('',(24.5,26.846787517318));
#2989 = CARTESIAN_POINT('',(17.75,30.743901834348));
#2990 = CARTESIAN_POINT('',(11.,34.641016151378));
#2991 = CARTESIAN_POINT('',(17.75,38.538130468408));
#2992 = CARTESIAN_POINT('',(24.5,42.435244785437));
#2993 = CARTESIAN_POINT('',(24.5,34.641016151378));
#2994 = ( GEOMETRIC_REPRESENTATION_CONTEXT(2) 
PARAMETRIC_REPRESENTATION_CONTEXT() REPRESENTATION_CONTEXT('2D SPACE',''
  ) );
#2995 = PCURVE('',#2158,#2996);
#2996 = DEFINITIONAL_REPRESENTATION('',(#2997),#3001);
#2997 = LINE('',#2998,#2999);
#2998 = CARTESIAN_POINT('',(-6.28318530718,-26.));
#2999 = VECTOR('',#3000,1.);
#3000 = DIRECTION('',(1.,-0.));
#3001 = ( GEOMETRIC_REPRESENTATION_CONTEXT(2) 
PARAMETRIC_REPRESENTATION_CONTEXT() REPRESENTATION_CONTEXT('2D SPACE',''
  ) );
#3002 = FACE_BOUND('',#3003,.T.);
#3003 = EDGE_LOOP('',(#3004,#3027,#3055,#3076));
#3004 = ORIENTED_EDGE('',*,*,#3005,.F.);
#3005 = EDGE_CURVE('',#3006,#3008,#3010,.T.);
#3006 = VERTEX_POINT('',#3007);
#3007 = CARTESIAN_POINT('',(-4.1,41.4,6.));
#3008 = VERTEX_POINT('',#3009);
#3009 = CARTESIAN_POINT('',(-4.1,38.6,6.));
#3010 = SURFACE_CURVE('',#3011,(#3015,#3021),.PCURVE_S1.);
#3011 = LINE('',#3012,#3013);
#3012 = CARTESIAN_POINT('',(-4.1,19.3,6.));
#3013 = VECTOR('',#3014,1.);
#3014 = DIRECTION('',(-1.110223024625E-16,-1.,0.));
#3015 = PCURVE('',#1317,#3016);
#3016 = DEFINITIONAL_REPRESENTATION('',(#3017),#3020);
#3017 = B_SPLINE_CURVE_WITH_KNOTS('',1,(#3018,#3019),.UNSPECIFIED.,.F.,
  .F.,(2,2),(-22.1,-19.3),.PIECEWISE_BEZIER_KNOTS.);
#3018 = CARTESIAN_POINT('',(-4.1,41.4));
#3019 = CARTESIAN_POINT('',(-4.1,38.6));
#3020 = ( GEOMETRIC_REPRESENTATION_CONTEXT(2) 
PARAMETRIC_REPRESENTATION_CONTEXT() REPRESENTATION_CONTEXT('2D SPACE',''
  ) );
#3021 = PCURVE('',#2189,#3022);
#3022 = DEFINITIONAL_REPRESENTATION('',(#3023),#3026);
#3023 = B_SPLINE_CURVE_WITH_KNOTS('',1,(#3024,#3025),.UNSPECIFIED.,.F.,
  .F.,(2,2),(-22.1,-19.3),.PIECEWISE_BEZIER_KNOTS.);
#3024 = CARTESIAN_POINT('',(2.8,-26.));
#3025 = CARTESIAN_POINT('',(0.,-26.));
#3026 = ( GEOMETRIC_REPRESENTATION_CONTEXT(2) 
PARAMETRIC_REPRESENTATION_CONTEXT() REPRESENTATION_CONTEXT('2D SPACE',''
  ) );
#3027 = ORIENTED_EDGE('',*,*,#3028,.T.);
#3028 = EDGE_CURVE('',#3006,#3029,#3031,.T.);
#3029 = VERTEX_POINT('',#3030);
#3030 = CARTESIAN_POINT('',(4.1,41.4,6.));
#3031 = SURFACE_CURVE('',#3032,(#3037,#3048),.PCURVE_S1.);
#3032 = CIRCLE('',#3033,4.1);
#3033 = AXIS2_PLACEMENT_3D('',#3034,#3035,#3036);
#3034 = CARTESIAN_POINT('',(2.922668544626E-15,41.4,6.));
#3035 = DIRECTION('',(0.,0.,-1.));
#3036 = DIRECTION('',(-1.,1.110223024625E-16,0.));
#3037 = PCURVE('',#1317,#3038);
#3038 = DEFINITIONAL_REPRESENTATION('',(#3039),#3047);
#3039 = ( BOUNDED_CURVE() B_SPLINE_CURVE(2,(#3040,#3041,#3042,#3043,
#3044,#3045,#3046),.UNSPECIFIED.,.T.,.F.) B_SPLINE_CURVE_WITH_KNOTS((1,2
    ,2,2,2,1),(-2.094395102393,0.,2.094395102393,4.188790204786,
6.28318530718,8.377580409573),.UNSPECIFIED.) CURVE() 
GEOMETRIC_REPRESENTATION_ITEM() RATIONAL_B_SPLINE_CURVE((1.,0.5,1.,0.5,
1.,0.5,1.)) REPRESENTATION_ITEM('') );
#3040 = CARTESIAN_POINT('',(-4.1,41.4));
#3041 = CARTESIAN_POINT('',(-4.1,48.501408311032));
#3042 = CARTESIAN_POINT('',(2.05,44.950704155516));
#3043 = CARTESIAN_POINT('',(8.2,41.4));
#3044 = CARTESIAN_POINT('',(2.05,37.849295844484));
#3045 = CARTESIAN_POINT('',(-4.1,34.298591688968));
#3046 = CARTESIAN_POINT('',(-4.1,41.4));
#3047 = ( GEOMETRIC_REPRESENTATION_CONTEXT(2) 
PARAMETRIC_REPRESENTATION_CONTEXT() REPRESENTATION_CONTEXT('2D SPACE',''
  ) );
#3048 = PCURVE('',#2221,#3049);
#3049 = DEFINITIONAL_REPRESENTATION('',(#3050),#3054);
#3050 = LINE('',#3051,#3052);
#3051 = CARTESIAN_POINT('',(0.,-26.));
#3052 = VECTOR('',#3053,1.);
#3053 = DIRECTION('',(1.,0.));
#3054 = ( GEOMETRIC_REPRESENTATION_CONTEXT(2) 
PARAMETRIC_REPRESENTATION_CONTEXT() REPRESENTATION_CONTEXT('2D SPACE',''
  ) );
#3055 = ORIENTED_EDGE('',*,*,#3056,.F.);
#3056 = EDGE_CURVE('',#3057,#3029,#3059,.T.);
#3057 = VERTEX_POINT('',#3058);
#3058 = CARTESIAN_POINT('',(4.1,38.6,6.));
#3059 = SURFACE_CURVE('',#3060,(#3064,#3070),.PCURVE_S1.);
#3060 = LINE('',#3061,#3062);
#3061 = CARTESIAN_POINT('',(4.1,20.7,6.));
#3062 = VECTOR('',#3063,1.);
#3063 = DIRECTION('',(1.110223024625E-16,1.,-0.));
#3064 = PCURVE('',#1317,#3065);
#3065 = DEFINITIONAL_REPRESENTATION('',(#3066),#3069);
#3066 = B_SPLINE_CURVE_WITH_KNOTS('',1,(#3067,#3068),.UNSPECIFIED.,.F.,
  .F.,(2,2),(17.9,20.7),.PIECEWISE_BEZIER_KNOTS.);
#3067 = CARTESIAN_POINT('',(4.1,38.6));
#3068 = CARTESIAN_POINT('',(4.1,41.4));
#3069 = ( GEOMETRIC_REPRESENTATION_CONTEXT(2) 
PARAMETRIC_REPRESENTATION_CONTEXT() REPRESENTATION_CONTEXT('2D SPACE',''
  ) );
#3070 = PCURVE('',#2248,#3071);
#3071 = DEFINITIONAL_REPRESENTATION('',(#3072),#3075);
#3072 = B_SPLINE_CURVE_WITH_KNOTS('',1,(#3073,#3074),.UNSPECIFIED.,.F.,
  .F.,(2,2),(17.9,20.7),.PIECEWISE_BEZIER_KNOTS.);
#3073 = CARTESIAN_POINT('',(2.8,-26.));
#3074 = CARTESIAN_POINT('',(0.,-26.));
#3075 = ( GEOMETRIC_REPRESENTATION_CONTEXT(2) 
PARAMETRIC_REPRESENTATION_CONTEXT() REPRESENTATION_CONTEXT('2D SPACE',''
  ) );
#3076 = ORIENTED_EDGE('',*,*,#3077,.T.);
#3077 = EDGE_CURVE('',#3057,#3008,#3078,.T.);
#3078 = SURFACE_CURVE('',#3079,(#3084,#3095),.PCURVE_S1.);
#3079 = CIRCLE('',#3080,4.1);
#3080 = AXIS2_PLACEMENT_3D('',#3081,#3082,#3083);
#3081 = CARTESIAN_POINT('',(1.975918651964E-15,38.6,6.));
#3082 = DIRECTION('',(0.,-0.,-1.));
#3083 = DIRECTION('',(1.,-1.110223024625E-16,0.));
#3084 = PCURVE('',#1317,#3085);
#3085 = DEFINITIONAL_REPRESENTATION('',(#3086),#3094);
#3086 = ( BOUNDED_CURVE() B_SPLINE_CURVE(2,(#3087,#3088,#3089,#3090,
#3091,#3092,#3093),.UNSPECIFIED.,.T.,.F.) B_SPLINE_CURVE_WITH_KNOTS((1,2
    ,2,2,2,1),(-2.094395102393,0.,2.094395102393,4.188790204786,
6.28318530718,8.377580409573),.UNSPECIFIED.) CURVE() 
GEOMETRIC_REPRESENTATION_ITEM() RATIONAL_B_SPLINE_CURVE((1.,0.5,1.,0.5,
1.,0.5,1.)) REPRESENTATION_ITEM('') );
#3087 = CARTESIAN_POINT('',(4.1,38.6));
#3088 = CARTESIAN_POINT('',(4.1,31.498591688968));
#3089 = CARTESIAN_POINT('',(-2.05,35.049295844484));
#3090 = CARTESIAN_POINT('',(-8.2,38.6));
#3091 = CARTESIAN_POINT('',(-2.05,42.150704155516));
#3092 = CARTESIAN_POINT('',(4.1,45.701408311032));
#3093 = CARTESIAN_POINT('',(4.1,38.6));
#3094 = ( GEOMETRIC_REPRESENTATION_CONTEXT(2) 
PARAMETRIC_REPRESENTATION_CONTEXT() REPRESENTATION_CONTEXT('2D SPACE',''
  ) );
#3095 = PCURVE('',#2278,#3096);
#3096 = DEFINITIONAL_REPRESENTATION('',(#3097),#3101);
#3097 = LINE('',#3098,#3099);
#3098 = CARTESIAN_POINT('',(0.,-26.));
#3099 = VECTOR('',#3100,1.);
#3100 = DIRECTION('',(1.,0.));
#3101 = ( GEOMETRIC_REPRESENTATION_CONTEXT(2) 
PARAMETRIC_REPRESENTATION_CONTEXT() REPRESENTATION_CONTEXT('2D SPACE',''
  ) );
#3102 = ADVANCED_FACE('',(#3103,#3186,#3217,#3248),#1479,.F.);
#3103 = FACE_BOUND('',#3104,.F.);
#3104 = EDGE_LOOP('',(#3105,#3133,#3134,#3135,#3136,#3160));
#3105 = ORIENTED_EDGE('',*,*,#3106,.F.);
#3106 = EDGE_CURVE('',#2295,#3107,#3109,.T.);
#3107 = VERTEX_POINT('',#3108);
#3108 = CARTESIAN_POINT('',(21.920310216783,53.033008588991,-19.05));
#3109 = SURFACE_CURVE('',#3110,(#3115,#3126),.PCURVE_S1.);
#3110 = CIRCLE('',#3111,6.);
#3111 = AXIS2_PLACEMENT_3D('',#3112,#3113,#3114);
#3112 = CARTESIAN_POINT('',(21.920310216783,53.033008588991,-13.05));
#3113 = DIRECTION('',(-0.707106781187,-0.707106781187,-0.));
#3114 = DIRECTION('',(0.,0.,-1.));
#3115 = PCURVE('',#1479,#3116);
#3116 = DEFINITIONAL_REPRESENTATION('',(#3117),#3125);
#3117 = ( BOUNDED_CURVE() B_SPLINE_CURVE(2,(#3118,#3119,#3120,#3121,
#3122,#3123,#3124),.UNSPECIFIED.,.T.,.F.) B_SPLINE_CURVE_WITH_KNOTS((1,2
    ,2,2,2,1),(-2.094395102393,0.,2.094395102393,4.188790204786,
6.28318530718,8.377580409573),.UNSPECIFIED.) CURVE() 
GEOMETRIC_REPRESENTATION_ITEM() RATIONAL_B_SPLINE_CURVE((1.,0.5,1.,0.5,
1.,0.5,1.)) REPRESENTATION_ITEM('') );
#3118 = CARTESIAN_POINT('',(6.,3.552713678801E-15));
#3119 = CARTESIAN_POINT('',(16.392304845413,3.552713678801E-15));
#3120 = CARTESIAN_POINT('',(11.196152422707,-9.));
#3121 = CARTESIAN_POINT('',(6.,-18.));
#3122 = CARTESIAN_POINT('',(0.803847577293,-9.));
#3123 = CARTESIAN_POINT('',(-4.392304845413,-6.217248937901E-15));
#3124 = CARTESIAN_POINT('',(6.,3.552713678801E-15));
#3125 = ( GEOMETRIC_REPRESENTATION_CONTEXT(2) 
PARAMETRIC_REPRESENTATION_CONTEXT() REPRESENTATION_CONTEXT('2D SPACE',''
  ) );
#3126 = PCURVE('',#2333,#3127);
#3127 = DEFINITIONAL_REPRESENTATION('',(#3128),#3132);
#3128 = LINE('',#3129,#3130);
#3129 = CARTESIAN_POINT('',(-4.712388980385,6.));
#3130 = VECTOR('',#3131,1.);
#3131 = DIRECTION('',(1.,0.));
#3132 = ( GEOMETRIC_REPRESENTATION_CONTEXT(2) 
PARAMETRIC_REPRESENTATION_CONTEXT() REPRESENTATION_CONTEXT('2D SPACE',''
  ) );
#3133 = ORIENTED_EDGE('',*,*,#2294,.T.);
#3134 = ORIENTED_EDGE('',*,*,#1496,.F.);
#3135 = ORIENTED_EDGE('',*,*,#1465,.F.);
#3136 = ORIENTED_EDGE('',*,*,#3137,.T.);
#3137 = EDGE_CURVE('',#1438,#3138,#3140,.T.);
#3138 = VERTEX_POINT('',#3139);
#3139 = CARTESIAN_POINT('',(53.033008588991,21.920310216783,-19.05));
#3140 = SURFACE_CURVE('',#3141,(#3146,#3153),.PCURVE_S1.);
#3141 = CIRCLE('',#3142,6.);
#3142 = AXIS2_PLACEMENT_3D('',#3143,#3144,#3145);
#3143 = CARTESIAN_POINT('',(53.033008588991,21.920310216783,-13.05));
#3144 = DIRECTION('',(0.707106781187,0.707106781187,-0.));
#3145 = DIRECTION('',(0.,0.,1.));
#3146 = PCURVE('',#1479,#3147);
#3147 = DEFINITIONAL_REPRESENTATION('',(#3148),#3152);
#3148 = CIRCLE('',#3149,6.);
#3149 = AXIS2_PLACEMENT_2D('',#3150,#3151);
#3150 = CARTESIAN_POINT('',(50.,-6.));
#3151 = DIRECTION('',(0.,-1.));
#3152 = ( GEOMETRIC_REPRESENTATION_CONTEXT(2) 
PARAMETRIC_REPRESENTATION_CONTEXT() REPRESENTATION_CONTEXT('2D SPACE',''
  ) );
#3153 = PCURVE('',#1453,#3154);
#3154 = DEFINITIONAL_REPRESENTATION('',(#3155),#3159);
#3155 = LINE('',#3156,#3157);
#3156 = CARTESIAN_POINT('',(-1.570796326795,0.));
#3157 = VECTOR('',#3158,1.);
#3158 = DIRECTION('',(1.,0.));
#3159 = ( GEOMETRIC_REPRESENTATION_CONTEXT(2) 
PARAMETRIC_REPRESENTATION_CONTEXT() REPRESENTATION_CONTEXT('2D SPACE',''
  ) );
#3160 = ORIENTED_EDGE('',*,*,#3161,.F.);
#3161 = EDGE_CURVE('',#3107,#3138,#3162,.T.);
#3162 = SURFACE_CURVE('',#3163,(#3167,#3174),.PCURVE_S1.);
#3163 = LINE('',#3164,#3165);
#3164 = CARTESIAN_POINT('',(17.677669529664,57.27564927611,-19.05));
#3165 = VECTOR('',#3166,1.);
#3166 = DIRECTION('',(0.707106781187,-0.707106781187,0.));
#3167 = PCURVE('',#1479,#3168);
#3168 = DEFINITIONAL_REPRESENTATION('',(#3169),#3173);
#3169 = LINE('',#3170,#3171);
#3170 = CARTESIAN_POINT('',(0.,0.));
#3171 = VECTOR('',#3172,1.);
#3172 = DIRECTION('',(1.,0.));
#3173 = ( GEOMETRIC_REPRESENTATION_CONTEXT(2) 
PARAMETRIC_REPRESENTATION_CONTEXT() REPRESENTATION_CONTEXT('2D SPACE',''
  ) );
#3174 = PCURVE('',#3175,#3180);
#3175 = PLANE('',#3176);
#3176 = AXIS2_PLACEMENT_3D('',#3177,#3178,#3179);
#3177 = CARTESIAN_POINT('',(39.597979746447,39.597979746447,-19.05));
#3178 = DIRECTION('',(0.,0.,1.));
#3179 = DIRECTION('',(0.707106781187,0.707106781187,0.));
#3180 = DEFINITIONAL_REPRESENTATION('',(#3181),#3185);
#3181 = LINE('',#3182,#3183);
#3182 = CARTESIAN_POINT('',(-3.,28.));
#3183 = VECTOR('',#3184,1.);
#3184 = DIRECTION('',(-1.014653635757E-17,-1.));
#3185 = ( GEOMETRIC_REPRESENTATION_CONTEXT(2) 
PARAMETRIC_REPRESENTATION_CONTEXT() REPRESENTATION_CONTEXT('2D SPACE',''
  ) );
#3186 = FACE_BOUND('',#3187,.F.);
#3187 = EDGE_LOOP('',(#3188));
#3188 = ORIENTED_EDGE('',*,*,#3189,.F.);
#3189 = EDGE_CURVE('',#3190,#3190,#3192,.T.);
#3190 = VERTEX_POINT('',#3191);
#3191 = CARTESIAN_POINT('',(21.56675682619,53.386561979584,-4.9));
#3192 = SURFACE_CURVE('',#3193,(#3198,#3205),.PCURVE_S1.);
#3193 = CIRCLE('',#3194,3.3);
#3194 = AXIS2_PLACEMENT_3D('',#3195,#3196,#3197);
#3195 = CARTESIAN_POINT('',(21.56675682619,53.386561979584,-8.2));
#3196 = DIRECTION('',(0.707106781187,0.707106781187,-0.));
#3197 = DIRECTION('',(0.,0.,1.));
#3198 = PCURVE('',#1479,#3199);
#3199 = DEFINITIONAL_REPRESENTATION('',(#3200),#3204);
#3200 = CIRCLE('',#3201,3.3);
#3201 = AXIS2_PLACEMENT_2D('',#3202,#3203);
#3202 = CARTESIAN_POINT('',(5.5,-10.85));
#3203 = DIRECTION('',(0.,-1.));
#3204 = ( GEOMETRIC_REPRESENTATION_CONTEXT(2) 
PARAMETRIC_REPRESENTATION_CONTEXT() REPRESENTATION_CONTEXT('2D SPACE',''
  ) );
#3205 = PCURVE('',#3206,#3211);
#3206 = CONICAL_SURFACE('',#3207,3.3,0.785398163397);
#3207 = AXIS2_PLACEMENT_3D('',#3208,#3209,#3210);
#3208 = CARTESIAN_POINT('',(21.56675682619,53.386561979584,-8.2));
#3209 = DIRECTION('',(-0.707106781187,-0.707106781187,-0.));
#3210 = DIRECTION('',(0.,0.,1.));
#3211 = DEFINITIONAL_REPRESENTATION('',(#3212),#3216);
#3212 = LINE('',#3213,#3214);
#3213 = CARTESIAN_POINT('',(-0.,-0.));
#3214 = VECTOR('',#3215,1.);
#3215 = DIRECTION('',(-1.,-0.));
#3216 = ( GEOMETRIC_REPRESENTATION_CONTEXT(2) 
PARAMETRIC_REPRESENTATION_CONTEXT() REPRESENTATION_CONTEXT('2D SPACE',''
  ) );
#3217 = FACE_BOUND('',#3218,.F.);
#3218 = EDGE_LOOP('',(#3219));
#3219 = ORIENTED_EDGE('',*,*,#3220,.F.);
#3220 = EDGE_CURVE('',#3221,#3221,#3223,.T.);
#3221 = VERTEX_POINT('',#3222);
#3222 = CARTESIAN_POINT('',(37.476659402887,37.476659402887,-2.55));
#3223 = SURFACE_CURVE('',#3224,(#3229,#3236),.PCURVE_S1.);
#3224 = CIRCLE('',#3225,6.35);
#3225 = AXIS2_PLACEMENT_3D('',#3226,#3227,#3228);
#3226 = CARTESIAN_POINT('',(37.476659402887,37.476659402887,-8.9));
#3227 = DIRECTION('',(0.707106781187,0.707106781187,-0.));
#3228 = DIRECTION('',(0.,0.,1.));
#3229 = PCURVE('',#1479,#3230);
#3230 = DEFINITIONAL_REPRESENTATION('',(#3231),#3235);
#3231 = CIRCLE('',#3232,6.35);
#3232 = AXIS2_PLACEMENT_2D('',#3233,#3234);
#3233 = CARTESIAN_POINT('',(28.,-10.15));
#3234 = DIRECTION('',(0.,-1.));
#3235 = ( GEOMETRIC_REPRESENTATION_CONTEXT(2) 
PARAMETRIC_REPRESENTATION_CONTEXT() REPRESENTATION_CONTEXT('2D SPACE',''
  ) );
#3236 = PCURVE('',#3237,#3242);
#3237 = CONICAL_SURFACE('',#3238,6.35,0.715584993318);
#3238 = AXIS2_PLACEMENT_3D('',#3239,#3240,#3241);
#3239 = CARTESIAN_POINT('',(37.476659402887,37.476659402887,-8.9));
#3240 = DIRECTION('',(-0.707106781187,-0.707106781187,-0.));
#3241 = DIRECTION('',(0.,0.,1.));
#3242 = DEFINITIONAL_REPRESENTATION('',(#3243),#3247);
#3243 = LINE('',#3244,#3245);
#3244 = CARTESIAN_POINT('',(-0.,-0.));
#3245 = VECTOR('',#3246,1.);
#3246 = DIRECTION('',(-1.,-0.));
#3247 = ( GEOMETRIC_REPRESENTATION_CONTEXT(2) 
PARAMETRIC_REPRESENTATION_CONTEXT() REPRESENTATION_CONTEXT('2D SPACE',''
  ) );
#3248 = FACE_BOUND('',#3249,.F.);
#3249 = EDGE_LOOP('',(#3250));
#3250 = ORIENTED_EDGE('',*,*,#3251,.F.);
#3251 = EDGE_CURVE('',#3252,#3252,#3254,.T.);
#3252 = VERTEX_POINT('',#3253);
#3253 = CARTESIAN_POINT('',(53.386561979584,21.56675682619,-4.9));
#3254 = SURFACE_CURVE('',#3255,(#3260,#3267),.PCURVE_S1.);
#3255 = CIRCLE('',#3256,3.3);
#3256 = AXIS2_PLACEMENT_3D('',#3257,#3258,#3259);
#3257 = CARTESIAN_POINT('',(53.386561979584,21.56675682619,-8.2));
#3258 = DIRECTION('',(0.707106781187,0.707106781187,-0.));
#3259 = DIRECTION('',(0.,0.,1.));
#3260 = PCURVE('',#1479,#3261);
#3261 = DEFINITIONAL_REPRESENTATION('',(#3262),#3266);
#3262 = CIRCLE('',#3263,3.3);
#3263 = AXIS2_PLACEMENT_2D('',#3264,#3265);
#3264 = CARTESIAN_POINT('',(50.5,-10.85));
#3265 = DIRECTION('',(0.,-1.));
#3266 = ( GEOMETRIC_REPRESENTATION_CONTEXT(2) 
PARAMETRIC_REPRESENTATION_CONTEXT() REPRESENTATION_CONTEXT('2D SPACE',''
  ) );
#3267 = PCURVE('',#3268,#3273);
#3268 = CONICAL_SURFACE('',#3269,3.3,0.785398163397);
#3269 = AXIS2_PLACEMENT_3D('',#3270,#3271,#3272);
#3270 = CARTESIAN_POINT('',(53.386561979584,21.56675682619,-8.2));
#3271 = DIRECTION('',(-0.707106781187,-0.707106781187,-0.));
#3272 = DIRECTION('',(0.,0.,1.));
#3273 = DEFINITIONAL_REPRESENTATION('',(#3274),#3278);
#3274 = LINE('',#3275,#3276);
#3275 = CARTESIAN_POINT('',(-0.,-0.));
#3276 = VECTOR('',#3277,1.);
#3277 = DIRECTION('',(-1.,-0.));
#3278 = ( GEOMETRIC_REPRESENTATION_CONTEXT(2) 
PARAMETRIC_REPRESENTATION_CONTEXT() REPRESENTATION_CONTEXT('2D SPACE',''
  ) );
#3279 = ADVANCED_FACE('',(#3280),#1453,.T.);
#3280 = FACE_BOUND('',#3281,.T.);
#3281 = EDGE_LOOP('',(#3282,#3283,#3306,#3332));
#3282 = ORIENTED_EDGE('',*,*,#3137,.T.);
#3283 = ORIENTED_EDGE('',*,*,#3284,.T.);
#3284 = EDGE_CURVE('',#3138,#3285,#3287,.T.);
#3285 = VERTEX_POINT('',#3286);
#3286 = CARTESIAN_POINT('',(57.27564927611,26.162950903902,-19.05));
#3287 = SURFACE_CURVE('',#3288,(#3292,#3299),.PCURVE_S1.);
#3288 = LINE('',#3289,#3290);
#3289 = CARTESIAN_POINT('',(53.033008588991,21.920310216783,-19.05));
#3290 = VECTOR('',#3291,1.);
#3291 = DIRECTION('',(0.707106781187,0.707106781187,0.));
#3292 = PCURVE('',#1453,#3293);
#3293 = DEFINITIONAL_REPRESENTATION('',(#3294),#3298);
#3294 = LINE('',#3295,#3296);
#3295 = CARTESIAN_POINT('',(1.570796326795,0.));
#3296 = VECTOR('',#3297,1.);
#3297 = DIRECTION('',(0.,1.));
#3298 = ( GEOMETRIC_REPRESENTATION_CONTEXT(2) 
PARAMETRIC_REPRESENTATION_CONTEXT() REPRESENTATION_CONTEXT('2D SPACE',''
  ) );
#3299 = PCURVE('',#3175,#3300);
#3300 = DEFINITIONAL_REPRESENTATION('',(#3301),#3305);
#3301 = LINE('',#3302,#3303);
#3302 = CARTESIAN_POINT('',(-3.,-22.));
#3303 = VECTOR('',#3304,1.);
#3304 = DIRECTION('',(1.,1.014653635757E-17));
#3305 = ( GEOMETRIC_REPRESENTATION_CONTEXT(2) 
PARAMETRIC_REPRESENTATION_CONTEXT() REPRESENTATION_CONTEXT('2D SPACE',''
  ) );
#3306 = ORIENTED_EDGE('',*,*,#3307,.F.);
#3307 = EDGE_CURVE('',#1410,#3285,#3308,.T.);
#3308 = SURFACE_CURVE('',#3309,(#3314,#3321),.PCURVE_S1.);
#3309 = CIRCLE('',#3310,6.);
#3310 = AXIS2_PLACEMENT_3D('',#3311,#3312,#3313);
#3311 = CARTESIAN_POINT('',(57.27564927611,26.162950903902,-13.05));
#3312 = DIRECTION('',(0.707106781187,0.707106781187,-0.));
#3313 = DIRECTION('',(0.,0.,1.));
#3314 = PCURVE('',#1453,#3315);
#3315 = DEFINITIONAL_REPRESENTATION('',(#3316),#3320);
#3316 = LINE('',#3317,#3318);
#3317 = CARTESIAN_POINT('',(-1.570796326795,6.));
#3318 = VECTOR('',#3319,1.);
#3319 = DIRECTION('',(1.,0.));
#3320 = ( GEOMETRIC_REPRESENTATION_CONTEXT(2) 
PARAMETRIC_REPRESENTATION_CONTEXT() REPRESENTATION_CONTEXT('2D SPACE',''
  ) );
#3321 = PCURVE('',#1425,#3322);
#3322 = DEFINITIONAL_REPRESENTATION('',(#3323),#3331);
#3323 = ( BOUNDED_CURVE() B_SPLINE_CURVE(2,(#3324,#3325,#3326,#3327,
#3328,#3329,#3330),.UNSPECIFIED.,.T.,.F.) B_SPLINE_CURVE_WITH_KNOTS((1,2
    ,2,2,2,1),(-2.094395102393,0.,2.094395102393,4.188790204786,
6.28318530718,8.377580409573),.UNSPECIFIED.) CURVE() 
GEOMETRIC_REPRESENTATION_ITEM() RATIONAL_B_SPLINE_CURVE((1.,0.5,1.,0.5,
1.,0.5,1.)) REPRESENTATION_ITEM('') );
#3324 = CARTESIAN_POINT('',(6.,-12.));
#3325 = CARTESIAN_POINT('',(-4.392304845413,-12.));
#3326 = CARTESIAN_POINT('',(0.803847577293,-3.));
#3327 = CARTESIAN_POINT('',(6.,6.));
#3328 = CARTESIAN_POINT('',(11.196152422707,-3.));
#3329 = CARTESIAN_POINT('',(16.392304845413,-12.));
#3330 = CARTESIAN_POINT('',(6.,-12.));
#3331 = ( GEOMETRIC_REPRESENTATION_CONTEXT(2) 
PARAMETRIC_REPRESENTATION_CONTEXT() REPRESENTATION_CONTEXT('2D SPACE',''
  ) );
#3332 = ORIENTED_EDGE('',*,*,#1437,.F.);
#3333 = ADVANCED_FACE('',(#3334,#3385,#3416,#3447),#1425,.F.);
#3334 = FACE_BOUND('',#3335,.F.);
#3335 = EDGE_LOOP('',(#3336,#3337,#3338,#3339,#3340,#3364));
#3336 = ORIENTED_EDGE('',*,*,#3307,.F.);
#3337 = ORIENTED_EDGE('',*,*,#1409,.T.);
#3338 = ORIENTED_EDGE('',*,*,#2396,.T.);
#3339 = ORIENTED_EDGE('',*,*,#2345,.F.);
#3340 = ORIENTED_EDGE('',*,*,#3341,.T.);
#3341 = EDGE_CURVE('',#2318,#3342,#3344,.T.);
#3342 = VERTEX_POINT('',#3343);
#3343 = CARTESIAN_POINT('',(26.162950903902,57.27564927611,-19.05));
#3344 = SURFACE_CURVE('',#3345,(#3350,#3357),.PCURVE_S1.);
#3345 = CIRCLE('',#3346,6.);
#3346 = AXIS2_PLACEMENT_3D('',#3347,#3348,#3349);
#3347 = CARTESIAN_POINT('',(26.162950903902,57.27564927611,-13.05));
#3348 = DIRECTION('',(-0.707106781187,-0.707106781187,-0.));
#3349 = DIRECTION('',(0.,0.,-1.));
#3350 = PCURVE('',#1425,#3351);
#3351 = DEFINITIONAL_REPRESENTATION('',(#3352),#3356);
#3352 = CIRCLE('',#3353,6.);
#3353 = AXIS2_PLACEMENT_2D('',#3354,#3355);
#3354 = CARTESIAN_POINT('',(50.,-6.));
#3355 = DIRECTION('',(0.,1.));
#3356 = ( GEOMETRIC_REPRESENTATION_CONTEXT(2) 
PARAMETRIC_REPRESENTATION_CONTEXT() REPRESENTATION_CONTEXT('2D SPACE',''
  ) );
#3357 = PCURVE('',#2333,#3358);
#3358 = DEFINITIONAL_REPRESENTATION('',(#3359),#3363);
#3359 = LINE('',#3360,#3361);
#3360 = CARTESIAN_POINT('',(-4.712388980385,0.));
#3361 = VECTOR('',#3362,1.);
#3362 = DIRECTION('',(1.,0.));
#3363 = ( GEOMETRIC_REPRESENTATION_CONTEXT(2) 
PARAMETRIC_REPRESENTATION_CONTEXT() REPRESENTATION_CONTEXT('2D SPACE',''
  ) );
#3364 = ORIENTED_EDGE('',*,*,#3365,.F.);
#3365 = EDGE_CURVE('',#3285,#3342,#3366,.T.);
#3366 = SURFACE_CURVE('',#3367,(#3371,#3378),.PCURVE_S1.);
#3367 = LINE('',#3368,#3369);
#3368 = CARTESIAN_POINT('',(61.51828996323,21.920310216783,-19.05));
#3369 = VECTOR('',#3370,1.);
#3370 = DIRECTION('',(-0.707106781187,0.707106781187,0.));
#3371 = PCURVE('',#1425,#3372);
#3372 = DEFINITIONAL_REPRESENTATION('',(#3373),#3377);
#3373 = LINE('',#3374,#3375);
#3374 = CARTESIAN_POINT('',(0.,0.));
#3375 = VECTOR('',#3376,1.);
#3376 = DIRECTION('',(1.,0.));
#3377 = ( GEOMETRIC_REPRESENTATION_CONTEXT(2) 
PARAMETRIC_REPRESENTATION_CONTEXT() REPRESENTATION_CONTEXT('2D SPACE',''
  ) );
#3378 = PCURVE('',#3175,#3379);
#3379 = DEFINITIONAL_REPRESENTATION('',(#3380),#3384);
#3380 = LINE('',#3381,#3382);
#3381 = CARTESIAN_POINT('',(3.,-28.));
#3382 = VECTOR('',#3383,1.);
#3383 = DIRECTION('',(1.014653635757E-17,1.));
#3384 = ( GEOMETRIC_REPRESENTATION_CONTEXT(2) 
PARAMETRIC_REPRESENTATION_CONTEXT() REPRESENTATION_CONTEXT('2D SPACE',''
  ) );
#3385 = FACE_BOUND('',#3386,.F.);
#3386 = EDGE_LOOP('',(#3387));
#3387 = ORIENTED_EDGE('',*,*,#3388,.F.);
#3388 = EDGE_CURVE('',#3389,#3389,#3391,.T.);
#3389 = VERTEX_POINT('',#3390);
#3390 = CARTESIAN_POINT('',(56.427121138686,27.011479041326,-8.2));
#3391 = SURFACE_CURVE('',#3392,(#3397,#3404),.PCURVE_S1.);
#3392 = CIRCLE('',#3393,1.7);
#3393 = AXIS2_PLACEMENT_3D('',#3394,#3395,#3396);
#3394 = CARTESIAN_POINT('',(57.629202666704,25.809397513309,-8.2));
#3395 = DIRECTION('',(-0.707106781187,-0.707106781187,-0.));
#3396 = DIRECTION('',(-0.707106781187,0.707106781187,0.));
#3397 = PCURVE('',#1425,#3398);
#3398 = DEFINITIONAL_REPRESENTATION('',(#3399),#3403);
#3399 = CIRCLE('',#3400,1.7);
#3400 = AXIS2_PLACEMENT_2D('',#3401,#3402);
#3401 = CARTESIAN_POINT('',(5.5,-10.85));
#3402 = DIRECTION('',(1.,0.));
#3403 = ( GEOMETRIC_REPRESENTATION_CONTEXT(2) 
PARAMETRIC_REPRESENTATION_CONTEXT() REPRESENTATION_CONTEXT('2D SPACE',''
  ) );
#3404 = PCURVE('',#3405,#3410);
#3405 = CYLINDRICAL_SURFACE('',#3406,1.7);
#3406 = AXIS2_PLACEMENT_3D('',#3407,#3408,#3409);
#3407 = CARTESIAN_POINT('',(52.679455198398,20.859650045003,-8.2));
#3408 = DIRECTION('',(-0.707106781187,-0.707106781187,-0.));
#3409 = DIRECTION('',(-0.707106781187,0.707106781187,0.));
#3410 = DEFINITIONAL_REPRESENTATION('',(#3411),#3415);
#3411 = LINE('',#3412,#3413);
#3412 = CARTESIAN_POINT('',(-6.28318530718,-7.));
#3413 = VECTOR('',#3414,1.);
#3414 = DIRECTION('',(1.,-0.));
#3415 = ( GEOMETRIC_REPRESENTATION_CONTEXT(2) 
PARAMETRIC_REPRESENTATION_CONTEXT() REPRESENTATION_CONTEXT('2D SPACE',''
  ) );
#3416 = FACE_BOUND('',#3417,.F.);
#3417 = EDGE_LOOP('',(#3418));
#3418 = ORIENTED_EDGE('',*,*,#3419,.F.);
#3419 = EDGE_CURVE('',#3420,#3420,#3422,.T.);
#3420 = VERTEX_POINT('',#3421);
#3421 = CARTESIAN_POINT('',(39.385847712091,44.052752467922,-8.9));
#3422 = SURFACE_CURVE('',#3423,(#3428,#3435),.PCURVE_S1.);
#3423 = CIRCLE('',#3424,3.3);
#3424 = AXIS2_PLACEMENT_3D('',#3425,#3426,#3427);
#3425 = CARTESIAN_POINT('',(41.719300090006,41.719300090006,-8.9));
#3426 = DIRECTION('',(-0.707106781187,-0.707106781187,-0.));
#3427 = DIRECTION('',(-0.707106781187,0.707106781187,0.));
#3428 = PCURVE('',#1425,#3429);
#3429 = DEFINITIONAL_REPRESENTATION('',(#3430),#3434);
#3430 = CIRCLE('',#3431,3.3);
#3431 = AXIS2_PLACEMENT_2D('',#3432,#3433);
#3432 = CARTESIAN_POINT('',(28.,-10.15));
#3433 = DIRECTION('',(1.,0.));
#3434 = ( GEOMETRIC_REPRESENTATION_CONTEXT(2) 
PARAMETRIC_REPRESENTATION_CONTEXT() REPRESENTATION_CONTEXT('2D SPACE',''
  ) );
#3435 = PCURVE('',#3436,#3441);
#3436 = CYLINDRICAL_SURFACE('',#3437,3.3);
#3437 = AXIS2_PLACEMENT_3D('',#3438,#3439,#3440);
#3438 = CARTESIAN_POINT('',(36.7695526217,36.7695526217,-8.9));
#3439 = DIRECTION('',(-0.707106781187,-0.707106781187,-0.));
#3440 = DIRECTION('',(-0.707106781187,0.707106781187,0.));
#3441 = DEFINITIONAL_REPRESENTATION('',(#3442),#3446);
#3442 = LINE('',#3443,#3444);
#3443 = CARTESIAN_POINT('',(-6.28318530718,-7.));
#3444 = VECTOR('',#3445,1.);
#3445 = DIRECTION('',(1.,-0.));
#3446 = ( GEOMETRIC_REPRESENTATION_CONTEXT(2) 
PARAMETRIC_REPRESENTATION_CONTEXT() REPRESENTATION_CONTEXT('2D SPACE',''
  ) );
#3447 = FACE_BOUND('',#3448,.F.);
#3448 = EDGE_LOOP('',(#3449));
#3449 = ORIENTED_EDGE('',*,*,#3450,.F.);
#3450 = EDGE_CURVE('',#3451,#3451,#3453,.T.);
#3451 = VERTEX_POINT('',#3452);
#3452 = CARTESIAN_POINT('',(24.607315985292,58.831284194721,-8.2));
#3453 = SURFACE_CURVE('',#3454,(#3459,#3466),.PCURVE_S1.);
#3454 = CIRCLE('',#3455,1.7);
#3455 = AXIS2_PLACEMENT_3D('',#3456,#3457,#3458);
#3456 = CARTESIAN_POINT('',(25.809397513309,57.629202666704,-8.2));
#3457 = DIRECTION('',(-0.707106781187,-0.707106781187,-0.));
#3458 = DIRECTION('',(-0.707106781187,0.707106781187,0.));
#3459 = PCURVE('',#1425,#3460);
#3460 = DEFINITIONAL_REPRESENTATION('',(#3461),#3465);
#3461 = CIRCLE('',#3462,1.7);
#3462 = AXIS2_PLACEMENT_2D('',#3463,#3464);
#3463 = CARTESIAN_POINT('',(50.5,-10.85));
#3464 = DIRECTION('',(1.,0.));
#3465 = ( GEOMETRIC_REPRESENTATION_CONTEXT(2) 
PARAMETRIC_REPRESENTATION_CONTEXT() REPRESENTATION_CONTEXT('2D SPACE',''
  ) );
#3466 = PCURVE('',#3467,#3472);
#3467 = CYLINDRICAL_SURFACE('',#3468,1.7);
#3468 = AXIS2_PLACEMENT_3D('',#3469,#3470,#3471);
#3469 = CARTESIAN_POINT('',(20.859650045003,52.679455198398,-8.2));
#3470 = DIRECTION('',(-0.707106781187,-0.707106781187,-0.));
#3471 = DIRECTION('',(-0.707106781187,0.707106781187,0.));
#3472 = DEFINITIONAL_REPRESENTATION('',(#3473),#3477);
#3473 = LINE('',#3474,#3475);
#3474 = CARTESIAN_POINT('',(-6.28318530718,-7.));
#3475 = VECTOR('',#3476,1.);
#3476 = DIRECTION('',(1.,-0.));
#3477 = ( GEOMETRIC_REPRESENTATION_CONTEXT(2) 
PARAMETRIC_REPRESENTATION_CONTEXT() REPRESENTATION_CONTEXT('2D SPACE',''
  ) );
#3478 = ADVANCED_FACE('',(#3479),#1563,.F.);
#3479 = FACE_BOUND('',#3480,.T.);
#3480 = EDGE_LOOP('',(#3481,#3482,#3503,#3504));
#3481 = ORIENTED_EDGE('',*,*,#1542,.T.);
#3482 = ORIENTED_EDGE('',*,*,#3483,.T.);
#3483 = EDGE_CURVE('',#1543,#2421,#3484,.T.);
#3484 = SEAM_CURVE('',#3485,(#3489,#3496),.PCURVE_S1.);
#3485 = LINE('',#3486,#3487);
#3486 = CARTESIAN_POINT('',(-15.5,-34.64101615137,-20.));
#3487 = VECTOR('',#3488,1.);
#3488 = DIRECTION('',(0.,0.,1.));
#3489 = PCURVE('',#1563,#3490);
#3490 = DEFINITIONAL_REPRESENTATION('',(#3491),#3495);
#3491 = LINE('',#3492,#3493);
#3492 = CARTESIAN_POINT('',(-6.28318530718,0.));
#3493 = VECTOR('',#3494,1.);
#3494 = DIRECTION('',(-0.,-1.));
#3495 = ( GEOMETRIC_REPRESENTATION_CONTEXT(2) 
PARAMETRIC_REPRESENTATION_CONTEXT() REPRESENTATION_CONTEXT('2D SPACE',''
  ) );
#3496 = PCURVE('',#1563,#3497);
#3497 = DEFINITIONAL_REPRESENTATION('',(#3498),#3502);
#3498 = LINE('',#3499,#3500);
#3499 = CARTESIAN_POINT('',(-0.,0.));
#3500 = VECTOR('',#3501,1.);
#3501 = DIRECTION('',(-0.,-1.));
#3502 = ( GEOMETRIC_REPRESENTATION_CONTEXT(2) 
PARAMETRIC_REPRESENTATION_CONTEXT() REPRESENTATION_CONTEXT('2D SPACE',''
  ) );
#3503 = ORIENTED_EDGE('',*,*,#2420,.F.);
#3504 = ORIENTED_EDGE('',*,*,#3483,.F.);
#3505 = ADVANCED_FACE('',(#3506),#1598,.F.);
#3506 = FACE_BOUND('',#3507,.T.);
#3507 = EDGE_LOOP('',(#3508,#3509,#3530,#3531));
#3508 = ORIENTED_EDGE('',*,*,#1577,.T.);
#3509 = ORIENTED_EDGE('',*,*,#3510,.T.);
#3510 = EDGE_CURVE('',#1578,#2451,#3511,.T.);
#3511 = SEAM_CURVE('',#3512,(#3516,#3523),.PCURVE_S1.);
#3512 = LINE('',#3513,#3514);
#3513 = CARTESIAN_POINT('',(-35.5,4.898587196589E-15,-20.));
#3514 = VECTOR('',#3515,1.);
#3515 = DIRECTION('',(0.,0.,1.));
#3516 = PCURVE('',#1598,#3517);
#3517 = DEFINITIONAL_REPRESENTATION('',(#3518),#3522);
#3518 = LINE('',#3519,#3520);
#3519 = CARTESIAN_POINT('',(-6.28318530718,0.));
#3520 = VECTOR('',#3521,1.);
#3521 = DIRECTION('',(-0.,-1.));
#3522 = ( GEOMETRIC_REPRESENTATION_CONTEXT(2) 
PARAMETRIC_REPRESENTATION_CONTEXT() REPRESENTATION_CONTEXT('2D SPACE',''
  ) );
#3523 = PCURVE('',#1598,#3524);
#3524 = DEFINITIONAL_REPRESENTATION('',(#3525),#3529);
#3525 = LINE('',#3526,#3527);
#3526 = CARTESIAN_POINT('',(-0.,0.));
#3527 = VECTOR('',#3528,1.);
#3528 = DIRECTION('',(-0.,-1.));
#3529 = ( GEOMETRIC_REPRESENTATION_CONTEXT(2) 
PARAMETRIC_REPRESENTATION_CONTEXT() REPRESENTATION_CONTEXT('2D SPACE',''
  ) );
#3530 = ORIENTED_EDGE('',*,*,#2450,.F.);
#3531 = ORIENTED_EDGE('',*,*,#3510,.F.);
#3532 = ADVANCED_FACE('',(#3533),#1633,.F.);
#3533 = FACE_BOUND('',#3534,.T.);
#3534 = EDGE_LOOP('',(#3535,#3536,#3557,#3558));
#3535 = ORIENTED_EDGE('',*,*,#1612,.T.);
#3536 = ORIENTED_EDGE('',*,*,#3537,.T.);
#3537 = EDGE_CURVE('',#1613,#2481,#3538,.T.);
#3538 = SEAM_CURVE('',#3539,(#3543,#3550),.PCURVE_S1.);
#3539 = LINE('',#3540,#3541);
#3540 = CARTESIAN_POINT('',(24.5,-34.64101615137,-20.));
#3541 = VECTOR('',#3542,1.);
#3542 = DIRECTION('',(0.,0.,1.));
#3543 = PCURVE('',#1633,#3544);
#3544 = DEFINITIONAL_REPRESENTATION('',(#3545),#3549);
#3545 = LINE('',#3546,#3547);
#3546 = CARTESIAN_POINT('',(-6.28318530718,0.));
#3547 = VECTOR('',#3548,1.);
#3548 = DIRECTION('',(-0.,-1.));
#3549 = ( GEOMETRIC_REPRESENTATION_CONTEXT(2) 
PARAMETRIC_REPRESENTATION_CONTEXT() REPRESENTATION_CONTEXT('2D SPACE',''
  ) );
#3550 = PCURVE('',#1633,#3551);
#3551 = DEFINITIONAL_REPRESENTATION('',(#3552),#3556);
#3552 = LINE('',#3553,#3554);
#3553 = CARTESIAN_POINT('',(-0.,0.));
#3554 = VECTOR('',#3555,1.);
#3555 = DIRECTION('',(-0.,-1.));
#3556 = ( GEOMETRIC_REPRESENTATION_CONTEXT(2) 
PARAMETRIC_REPRESENTATION_CONTEXT() REPRESENTATION_CONTEXT('2D SPACE',''
  ) );
#3557 = ORIENTED_EDGE('',*,*,#2480,.F.);
#3558 = ORIENTED_EDGE('',*,*,#3537,.F.);
#3559 = ADVANCED_FACE('',(#3560),#1666,.T.);
#3560 = FACE_BOUND('',#3561,.F.);
#3561 = EDGE_LOOP('',(#3562,#3593,#3612,#3613));
#3562 = ORIENTED_EDGE('',*,*,#3563,.F.);
#3563 = EDGE_CURVE('',#3564,#3566,#3568,.T.);
#3564 = VERTEX_POINT('',#3565);
#3565 = CARTESIAN_POINT('',(15.130472102606,19.775712729312,-3.));
#3566 = VERTEX_POINT('',#3567);
#3567 = CARTESIAN_POINT('',(3.1,24.706274506692,-3.));
#3568 = SURFACE_CURVE('',#3569,(#3574,#3581),.PCURVE_S1.);
#3569 = CIRCLE('',#3570,24.9);
#3570 = AXIS2_PLACEMENT_3D('',#3571,#3572,#3573);
#3571 = CARTESIAN_POINT('',(0.,0.,-3.));
#3572 = DIRECTION('',(0.,-0.,1.));
#3573 = DIRECTION('',(0.607649482032,0.794205330494,0.));
#3574 = PCURVE('',#1666,#3575);
#3575 = DEFINITIONAL_REPRESENTATION('',(#3576),#3580);
#3576 = LINE('',#3577,#3578);
#3577 = CARTESIAN_POINT('',(-0.917698683377,0.));
#3578 = VECTOR('',#3579,1.);
#3579 = DIRECTION('',(-1.,0.));
#3580 = ( GEOMETRIC_REPRESENTATION_CONTEXT(2) 
PARAMETRIC_REPRESENTATION_CONTEXT() REPRESENTATION_CONTEXT('2D SPACE',''
  ) );
#3581 = PCURVE('',#3582,#3587);
#3582 = PLANE('',#3583);
#3583 = AXIS2_PLACEMENT_3D('',#3584,#3585,#3586);
#3584 = CARTESIAN_POINT('',(-1.757352780774E-15,1.619572327868E-15,-3.)
  );
#3585 = DIRECTION('',(0.,0.,1.));
#3586 = DIRECTION('',(1.,0.,-0.));
#3587 = DEFINITIONAL_REPRESENTATION('',(#3588),#3592);
#3588 = CIRCLE('',#3589,24.9);
#3589 = AXIS2_PLACEMENT_2D('',#3590,#3591);
#3590 = CARTESIAN_POINT('',(1.757352780774E-15,-1.619572327868E-15));
#3591 = DIRECTION('',(0.607649482032,0.794205330494));
#3592 = ( GEOMETRIC_REPRESENTATION_CONTEXT(2) 
PARAMETRIC_REPRESENTATION_CONTEXT() REPRESENTATION_CONTEXT('2D SPACE',''
  ) );
#3593 = ORIENTED_EDGE('',*,*,#3594,.F.);
#3594 = EDGE_CURVE('',#1648,#3564,#3595,.T.);
#3595 = SURFACE_CURVE('',#3596,(#3600,#3606),.PCURVE_S1.);
#3596 = LINE('',#3597,#3598);
#3597 = CARTESIAN_POINT('',(15.130472102606,19.775712729312,-3.));
#3598 = VECTOR('',#3599,1.);
#3599 = DIRECTION('',(-0.,-0.,-1.));
#3600 = PCURVE('',#1666,#3601);
#3601 = DEFINITIONAL_REPRESENTATION('',(#3602),#3605);
#3602 = B_SPLINE_CURVE_WITH_KNOTS('',1,(#3603,#3604),.UNSPECIFIED.,.F.,
  .F.,(2,2),(-3.,0.),.PIECEWISE_BEZIER_KNOTS.);
#3603 = CARTESIAN_POINT('',(-0.917698683377,-3.));
#3604 = CARTESIAN_POINT('',(-0.917698683377,0.));
#3605 = ( GEOMETRIC_REPRESENTATION_CONTEXT(2) 
PARAMETRIC_REPRESENTATION_CONTEXT() REPRESENTATION_CONTEXT('2D SPACE',''
  ) );
#3606 = PCURVE('',#1699,#3607);
#3607 = DEFINITIONAL_REPRESENTATION('',(#3608),#3611);
#3608 = B_SPLINE_CURVE_WITH_KNOTS('',1,(#3609,#3610),.UNSPECIFIED.,.F.,
  .F.,(2,2),(-3.0000006,5.999999999062E-07),.PIECEWISE_BEZIER_KNOTS.);
#3609 = CARTESIAN_POINT('',(-2.452586113075,-20.0000006));
#3610 = CARTESIAN_POINT('',(-2.452586113075,-16.9999994));
#3611 = ( GEOMETRIC_REPRESENTATION_CONTEXT(2) 
PARAMETRIC_REPRESENTATION_CONTEXT() REPRESENTATION_CONTEXT('2D SPACE',''
  ) );
#3612 = ORIENTED_EDGE('',*,*,#1647,.T.);
#3613 = ORIENTED_EDGE('',*,*,#3614,.T.);
#3614 = EDGE_CURVE('',#1650,#3566,#3615,.T.);
#3615 = SURFACE_CURVE('',#3616,(#3620,#3626),.PCURVE_S1.);
#3616 = LINE('',#3617,#3618);
#3617 = CARTESIAN_POINT('',(3.1,24.706274506692,-3.));
#3618 = VECTOR('',#3619,1.);
#3619 = DIRECTION('',(-0.,-0.,-1.));
#3620 = PCURVE('',#1666,#3621);
#3621 = DEFINITIONAL_REPRESENTATION('',(#3622),#3625);
#3622 = B_SPLINE_CURVE_WITH_KNOTS('',1,(#3623,#3624),.UNSPECIFIED.,.F.,
  .F.,(2,2),(-3.0000006,5.999999999062E-07),.PIECEWISE_BEZIER_KNOTS.);
#3623 = CARTESIAN_POINT('',(-1.445974456059,-3.0000006));
#3624 = CARTESIAN_POINT('',(-1.445974456059,5.999999999062E-07));
#3625 = ( GEOMETRIC_REPRESENTATION_CONTEXT(2) 
PARAMETRIC_REPRESENTATION_CONTEXT() REPRESENTATION_CONTEXT('2D SPACE',''
  ) );
#3626 = PCURVE('',#2054,#3627);
#3627 = DEFINITIONAL_REPRESENTATION('',(#3628),#3631);
#3628 = B_SPLINE_CURVE_WITH_KNOTS('',1,(#3629,#3630),.UNSPECIFIED.,.F.,
  .F.,(2,2),(-3.0000006,5.999999999062E-07),.PIECEWISE_BEZIER_KNOTS.);
#3629 = CARTESIAN_POINT('',(1.693725493308,-20.0000006));
#3630 = CARTESIAN_POINT('',(1.693725493308,-16.9999994));
#3631 = ( GEOMETRIC_REPRESENTATION_CONTEXT(2) 
PARAMETRIC_REPRESENTATION_CONTEXT() REPRESENTATION_CONTEXT('2D SPACE',''
  ) );
#3632 = ADVANCED_FACE('',(#3633),#1699,.F.);
#3633 = FACE_BOUND('',#3634,.T.);
#3634 = EDGE_LOOP('',(#3635,#3636,#3657,#3658,#3679,#3712,#3731,#3732,
    #3733,#3734,#3755,#3781));
#3635 = ORIENTED_EDGE('',*,*,#1678,.T.);
#3636 = ORIENTED_EDGE('',*,*,#3637,.T.);
#3637 = EDGE_CURVE('',#1679,#2677,#3638,.T.);
#3638 = SEAM_CURVE('',#3639,(#3643,#3650),.PCURVE_S1.);
#3639 = LINE('',#3640,#3641);
#3640 = CARTESIAN_POINT('',(20.977669529664,17.677669529664,-20.));
#3641 = VECTOR('',#3642,1.);
#3642 = DIRECTION('',(0.,0.,1.));
#3643 = PCURVE('',#1699,#3644);
#3644 = DEFINITIONAL_REPRESENTATION('',(#3645),#3649);
#3645 = LINE('',#3646,#3647);
#3646 = CARTESIAN_POINT('',(-6.28318530718,0.));
#3647 = VECTOR('',#3648,1.);
#3648 = DIRECTION('',(-0.,-1.));
#3649 = ( GEOMETRIC_REPRESENTATION_CONTEXT(2) 
PARAMETRIC_REPRESENTATION_CONTEXT() REPRESENTATION_CONTEXT('2D SPACE',''
  ) );
#3650 = PCURVE('',#1699,#3651);
#3651 = DEFINITIONAL_REPRESENTATION('',(#3652),#3656);
#3652 = LINE('',#3653,#3654);
#3653 = CARTESIAN_POINT('',(-0.,0.));
#3654 = VECTOR('',#3655,1.);
#3655 = DIRECTION('',(-0.,-1.));
#3656 = ( GEOMETRIC_REPRESENTATION_CONTEXT(2) 
PARAMETRIC_REPRESENTATION_CONTEXT() REPRESENTATION_CONTEXT('2D SPACE',''
  ) );
#3657 = ORIENTED_EDGE('',*,*,#2676,.F.);
#3658 = ORIENTED_EDGE('',*,*,#3659,.T.);
#3659 = EDGE_CURVE('',#2644,#3660,#3662,.T.);
#3660 = VERTEX_POINT('',#3661);
#3661 = CARTESIAN_POINT('',(15.262543549402,19.926483994991,2.));
#3662 = SURFACE_CURVE('',#3663,(#3667,#3673),.PCURVE_S1.);
#3663 = LINE('',#3664,#3665);
#3664 = CARTESIAN_POINT('',(15.262543549402,19.926483994991,2.));
#3665 = VECTOR('',#3666,1.);
#3666 = DIRECTION('',(-0.,-0.,-1.));
#3667 = PCURVE('',#1699,#3668);
#3668 = DEFINITIONAL_REPRESENTATION('',(#3669),#3672);
#3669 = B_SPLINE_CURVE_WITH_KNOTS('',1,(#3670,#3671),.UNSPECIFIED.,.F.,
  .F.,(2,2),(-4.0000006,5.999999999062E-07),.PIECEWISE_BEZIER_KNOTS.);
#3670 = CARTESIAN_POINT('',(-2.391838400878,-26.0000006));
#3671 = CARTESIAN_POINT('',(-2.391838400878,-21.9999994));
#3672 = ( GEOMETRIC_REPRESENTATION_CONTEXT(2) 
PARAMETRIC_REPRESENTATION_CONTEXT() REPRESENTATION_CONTEXT('2D SPACE',''
  ) );
#3673 = PCURVE('',#2664,#3674);
#3674 = DEFINITIONAL_REPRESENTATION('',(#3675),#3678);
#3675 = B_SPLINE_CURVE_WITH_KNOTS('',1,(#3676,#3677),.UNSPECIFIED.,.F.,
  .F.,(2,2),(-4.,0.),.PIECEWISE_BEZIER_KNOTS.);
#3676 = CARTESIAN_POINT('',(-0.91716976839,-4.));
#3677 = CARTESIAN_POINT('',(-0.91716976839,0.));
#3678 = ( GEOMETRIC_REPRESENTATION_CONTEXT(2) 
PARAMETRIC_REPRESENTATION_CONTEXT() REPRESENTATION_CONTEXT('2D SPACE',''
  ) );
#3679 = ORIENTED_EDGE('',*,*,#3680,.F.);
#3680 = EDGE_CURVE('',#3681,#3660,#3683,.T.);
#3681 = VERTEX_POINT('',#3682);
#3682 = CARTESIAN_POINT('',(19.926483994991,15.262543549402,2.));
#3683 = SURFACE_CURVE('',#3684,(#3689,#3696),.PCURVE_S1.);
#3684 = CIRCLE('',#3685,3.3);
#3685 = AXIS2_PLACEMENT_3D('',#3686,#3687,#3688);
#3686 = CARTESIAN_POINT('',(17.677669529664,17.677669529664,2.));
#3687 = DIRECTION('',(0.,0.,-1.));
#3688 = DIRECTION('',(1.,0.,0.));
#3689 = PCURVE('',#1699,#3690);
#3690 = DEFINITIONAL_REPRESENTATION('',(#3691),#3695);
#3691 = LINE('',#3692,#3693);
#3692 = CARTESIAN_POINT('',(-6.28318530718,-22.));
#3693 = VECTOR('',#3694,1.);
#3694 = DIRECTION('',(1.,-0.));
#3695 = ( GEOMETRIC_REPRESENTATION_CONTEXT(2) 
PARAMETRIC_REPRESENTATION_CONTEXT() REPRESENTATION_CONTEXT('2D SPACE',''
  ) );
#3696 = PCURVE('',#3697,#3702);
#3697 = PLANE('',#3698);
#3698 = AXIS2_PLACEMENT_3D('',#3699,#3700,#3701);
#3699 = CARTESIAN_POINT('',(-1.743349969771E-15,7.187288144848E-16,2.));
#3700 = DIRECTION('',(0.,0.,1.));
#3701 = DIRECTION('',(1.,0.,-0.));
#3702 = DEFINITIONAL_REPRESENTATION('',(#3703),#3711);
#3703 = ( BOUNDED_CURVE() B_SPLINE_CURVE(2,(#3704,#3705,#3706,#3707,
#3708,#3709,#3710),.UNSPECIFIED.,.T.,.F.) B_SPLINE_CURVE_WITH_KNOTS((1,2
    ,2,2,2,1),(-2.094395102393,0.,2.094395102393,4.188790204786,
6.28318530718,8.377580409573),.UNSPECIFIED.) CURVE() 
GEOMETRIC_REPRESENTATION_ITEM() RATIONAL_B_SPLINE_CURVE((1.,0.5,1.,0.5,
1.,0.5,1.)) REPRESENTATION_ITEM('') );
#3704 = CARTESIAN_POINT('',(20.977669529664,17.677669529664));
#3705 = CARTESIAN_POINT('',(20.977669529664,11.961901864686));
#3706 = CARTESIAN_POINT('',(16.027669529664,14.819785697175));
#3707 = CARTESIAN_POINT('',(11.077669529664,17.677669529664));
#3708 = CARTESIAN_POINT('',(16.027669529664,20.535553362152));
#3709 = CARTESIAN_POINT('',(20.977669529664,23.393437194641));
#3710 = CARTESIAN_POINT('',(20.977669529664,17.677669529664));
#3711 = ( GEOMETRIC_REPRESENTATION_CONTEXT(2) 
PARAMETRIC_REPRESENTATION_CONTEXT() REPRESENTATION_CONTEXT('2D SPACE',''
  ) );
#3712 = ORIENTED_EDGE('',*,*,#3713,.F.);
#3713 = EDGE_CURVE('',#2705,#3681,#3714,.T.);
#3714 = SURFACE_CURVE('',#3715,(#3719,#3725),.PCURVE_S1.);
#3715 = LINE('',#3716,#3717);
#3716 = CARTESIAN_POINT('',(19.926483994991,15.262543549402,2.));
#3717 = VECTOR('',#3718,1.);
#3718 = DIRECTION('',(-0.,-0.,-1.));
#3719 = PCURVE('',#1699,#3720);
#3720 = DEFINITIONAL_REPRESENTATION('',(#3721),#3724);
#3721 = B_SPLINE_CURVE_WITH_KNOTS('',1,(#3722,#3723),.UNSPECIFIED.,.F.,
  .F.,(2,2),(-4.0000006,5.999999999062E-07),.PIECEWISE_BEZIER_KNOTS.);
#3722 = CARTESIAN_POINT('',(-5.462143233096,-26.0000006));
#3723 = CARTESIAN_POINT('',(-5.462143233096,-21.9999994));
#3724 = ( GEOMETRIC_REPRESENTATION_CONTEXT(2) 
PARAMETRIC_REPRESENTATION_CONTEXT() REPRESENTATION_CONTEXT('2D SPACE',''
  ) );
#3725 = PCURVE('',#2753,#3726);
#3726 = DEFINITIONAL_REPRESENTATION('',(#3727),#3730);
#3727 = B_SPLINE_CURVE_WITH_KNOTS('',1,(#3728,#3729),.UNSPECIFIED.,.F.,
  .F.,(2,2),(-4.,0.),.PIECEWISE_BEZIER_KNOTS.);
#3728 = CARTESIAN_POINT('',(-6.936811865585,-4.));
#3729 = CARTESIAN_POINT('',(-6.936811865585,0.));
#3730 = ( GEOMETRIC_REPRESENTATION_CONTEXT(2) 
PARAMETRIC_REPRESENTATION_CONTEXT() REPRESENTATION_CONTEXT('2D SPACE',''
  ) );
#3731 = ORIENTED_EDGE('',*,*,#2704,.F.);
#3732 = ORIENTED_EDGE('',*,*,#3637,.F.);
#3733 = ORIENTED_EDGE('',*,*,#1711,.T.);
#3734 = ORIENTED_EDGE('',*,*,#3735,.T.);
#3735 = EDGE_CURVE('',#1712,#3736,#3738,.T.);
#3736 = VERTEX_POINT('',#3737);
#3737 = CARTESIAN_POINT('',(19.775712729312,15.130472102606,-3.));
#3738 = SURFACE_CURVE('',#3739,(#3743,#3749),.PCURVE_S1.);
#3739 = LINE('',#3740,#3741);
#3740 = CARTESIAN_POINT('',(19.775712729312,15.130472102606,-3.));
#3741 = VECTOR('',#3742,1.);
#3742 = DIRECTION('',(-0.,-0.,-1.));
#3743 = PCURVE('',#1699,#3744);
#3744 = DEFINITIONAL_REPRESENTATION('',(#3745),#3748);
#3745 = B_SPLINE_CURVE_WITH_KNOTS('',1,(#3746,#3747),.UNSPECIFIED.,.F.,
  .F.,(2,2),(-3.0000006,5.999999999062E-07),.PIECEWISE_BEZIER_KNOTS.);
#3746 = CARTESIAN_POINT('',(-5.401395520899,-20.0000006));
#3747 = CARTESIAN_POINT('',(-5.401395520899,-16.9999994));
#3748 = ( GEOMETRIC_REPRESENTATION_CONTEXT(2) 
PARAMETRIC_REPRESENTATION_CONTEXT() REPRESENTATION_CONTEXT('2D SPACE',''
  ) );
#3749 = PCURVE('',#1756,#3750);
#3750 = DEFINITIONAL_REPRESENTATION('',(#3751),#3754);
#3751 = B_SPLINE_CURVE_WITH_KNOTS('',1,(#3752,#3753),.UNSPECIFIED.,.F.,
  .F.,(2,2),(-3.,0.),.PIECEWISE_BEZIER_KNOTS.);
#3752 = CARTESIAN_POINT('',(-6.936282950598,-3.));
#3753 = CARTESIAN_POINT('',(-6.936282950598,0.));
#3754 = ( GEOMETRIC_REPRESENTATION_CONTEXT(2) 
PARAMETRIC_REPRESENTATION_CONTEXT() REPRESENTATION_CONTEXT('2D SPACE',''
  ) );
#3755 = ORIENTED_EDGE('',*,*,#3756,.T.);
#3756 = EDGE_CURVE('',#3736,#3564,#3757,.T.);
#3757 = SURFACE_CURVE('',#3758,(#3763,#3770),.PCURVE_S1.);
#3758 = CIRCLE('',#3759,3.3);
#3759 = AXIS2_PLACEMENT_3D('',#3760,#3761,#3762);
#3760 = CARTESIAN_POINT('',(17.677669529664,17.677669529664,-3.));
#3761 = DIRECTION('',(0.,0.,-1.));
#3762 = DIRECTION('',(1.,0.,0.));
#3763 = PCURVE('',#1699,#3764);
#3764 = DEFINITIONAL_REPRESENTATION('',(#3765),#3769);
#3765 = LINE('',#3766,#3767);
#3766 = CARTESIAN_POINT('',(-6.28318530718,-17.));
#3767 = VECTOR('',#3768,1.);
#3768 = DIRECTION('',(1.,-0.));
#3769 = ( GEOMETRIC_REPRESENTATION_CONTEXT(2) 
PARAMETRIC_REPRESENTATION_CONTEXT() REPRESENTATION_CONTEXT('2D SPACE',''
  ) );
#3770 = PCURVE('',#3582,#3771);
#3771 = DEFINITIONAL_REPRESENTATION('',(#3772),#3780);
#3772 = ( BOUNDED_CURVE() B_SPLINE_CURVE(2,(#3773,#3774,#3775,#3776,
#3777,#3778,#3779),.UNSPECIFIED.,.T.,.F.) B_SPLINE_CURVE_WITH_KNOTS((1,2
    ,2,2,2,1),(-2.094395102393,0.,2.094395102393,4.188790204786,
6.28318530718,8.377580409573),.UNSPECIFIED.) CURVE() 
GEOMETRIC_REPRESENTATION_ITEM() RATIONAL_B_SPLINE_CURVE((1.,0.5,1.,0.5,
1.,0.5,1.)) REPRESENTATION_ITEM('') );
#3773 = CARTESIAN_POINT('',(20.977669529664,17.677669529664));
#3774 = CARTESIAN_POINT('',(20.977669529664,11.961901864686));
#3775 = CARTESIAN_POINT('',(16.027669529664,14.819785697175));
#3776 = CARTESIAN_POINT('',(11.077669529664,17.677669529664));
#3777 = CARTESIAN_POINT('',(16.027669529664,20.535553362152));
#3778 = CARTESIAN_POINT('',(20.977669529664,23.393437194641));
#3779 = CARTESIAN_POINT('',(20.977669529664,17.677669529664));
#3780 = ( GEOMETRIC_REPRESENTATION_CONTEXT(2) 
PARAMETRIC_REPRESENTATION_CONTEXT() REPRESENTATION_CONTEXT('2D SPACE',''
  ) );
#3781 = ORIENTED_EDGE('',*,*,#3594,.F.);
#3782 = ADVANCED_FACE('',(#3783),#2054,.F.);
#3783 = FACE_BOUND('',#3784,.F.);
#3784 = EDGE_LOOP('',(#3785,#3786,#3807,#3808,#3829,#3850,#3878,#3897));
#3785 = ORIENTED_EDGE('',*,*,#2041,.T.);
#3786 = ORIENTED_EDGE('',*,*,#3787,.T.);
#3787 = EDGE_CURVE('',#2009,#2595,#3788,.T.);
#3788 = SURFACE_CURVE('',#3789,(#3793,#3800),.PCURVE_S1.);
#3789 = LINE('',#3790,#3791);
#3790 = CARTESIAN_POINT('',(3.1,26.4,-20.));
#3791 = VECTOR('',#3792,1.);
#3792 = DIRECTION('',(0.,0.,1.));
#3793 = PCURVE('',#2054,#3794);
#3794 = DEFINITIONAL_REPRESENTATION('',(#3795),#3799);
#3795 = LINE('',#3796,#3797);
#3796 = CARTESIAN_POINT('',(0.,0.));
#3797 = VECTOR('',#3798,1.);
#3798 = DIRECTION('',(0.,-1.));
#3799 = ( GEOMETRIC_REPRESENTATION_CONTEXT(2) 
PARAMETRIC_REPRESENTATION_CONTEXT() REPRESENTATION_CONTEXT('2D SPACE',''
  ) );
#3800 = PCURVE('',#2029,#3801);
#3801 = DEFINITIONAL_REPRESENTATION('',(#3802),#3806);
#3802 = LINE('',#3803,#3804);
#3803 = CARTESIAN_POINT('',(3.14159265359,0.));
#3804 = VECTOR('',#3805,1.);
#3805 = DIRECTION('',(0.,-1.));
#3806 = ( GEOMETRIC_REPRESENTATION_CONTEXT(2) 
PARAMETRIC_REPRESENTATION_CONTEXT() REPRESENTATION_CONTEXT('2D SPACE',''
  ) );
#3807 = ORIENTED_EDGE('',*,*,#2622,.F.);
#3808 = ORIENTED_EDGE('',*,*,#3809,.T.);
#3809 = EDGE_CURVE('',#2623,#3810,#3812,.T.);
#3810 = VERTEX_POINT('',#3811);
#3811 = CARTESIAN_POINT('',(3.1,24.907830094169,2.));
#3812 = SURFACE_CURVE('',#3813,(#3817,#3823),.PCURVE_S1.);
#3813 = LINE('',#3814,#3815);
#3814 = CARTESIAN_POINT('',(3.1,24.907830094169,2.));
#3815 = VECTOR('',#3816,1.);
#3816 = DIRECTION('',(-0.,-0.,-1.));
#3817 = PCURVE('',#2054,#3818);
#3818 = DEFINITIONAL_REPRESENTATION('',(#3819),#3822);
#3819 = B_SPLINE_CURVE_WITH_KNOTS('',1,(#3820,#3821),.UNSPECIFIED.,.F.,
  .F.,(2,2),(-4.0000006,5.999999999062E-07),.PIECEWISE_BEZIER_KNOTS.);
#3820 = CARTESIAN_POINT('',(1.492169905831,-26.0000006));
#3821 = CARTESIAN_POINT('',(1.492169905831,-21.9999994));
#3822 = ( GEOMETRIC_REPRESENTATION_CONTEXT(2) 
PARAMETRIC_REPRESENTATION_CONTEXT() REPRESENTATION_CONTEXT('2D SPACE',''
  ) );
#3823 = PCURVE('',#2664,#3824);
#3824 = DEFINITIONAL_REPRESENTATION('',(#3825),#3828);
#3825 = B_SPLINE_CURVE_WITH_KNOTS('',1,(#3826,#3827),.UNSPECIFIED.,.F.,
  .F.,(2,2),(-4.0000006,5.999999999062E-07),.PIECEWISE_BEZIER_KNOTS.);
#3826 = CARTESIAN_POINT('',(-1.446974187935,-4.0000006));
#3827 = CARTESIAN_POINT('',(-1.446974187935,5.999999999062E-07));
#3828 = ( GEOMETRIC_REPRESENTATION_CONTEXT(2) 
PARAMETRIC_REPRESENTATION_CONTEXT() REPRESENTATION_CONTEXT('2D SPACE',''
  ) );
#3829 = ORIENTED_EDGE('',*,*,#3830,.F.);
#3830 = EDGE_CURVE('',#3831,#3810,#3833,.T.);
#3831 = VERTEX_POINT('',#3832);
#3832 = CARTESIAN_POINT('',(3.1,23.6,2.));
#3833 = SURFACE_CURVE('',#3834,(#3838,#3844),.PCURVE_S1.);
#3834 = LINE('',#3835,#3836);
#3835 = CARTESIAN_POINT('',(3.1,13.2,2.));
#3836 = VECTOR('',#3837,1.);
#3837 = DIRECTION('',(1.110223024625E-16,1.,-0.));
#3838 = PCURVE('',#2054,#3839);
#3839 = DEFINITIONAL_REPRESENTATION('',(#3840),#3843);
#3840 = B_SPLINE_CURVE_WITH_KNOTS('',1,(#3841,#3842),.UNSPECIFIED.,.F.,
  .F.,(2,2),(10.4,11.9),.PIECEWISE_BEZIER_KNOTS.);
#3841 = CARTESIAN_POINT('',(2.8,-22.));
#3842 = CARTESIAN_POINT('',(1.3,-22.));
#3843 = ( GEOMETRIC_REPRESENTATION_CONTEXT(2) 
PARAMETRIC_REPRESENTATION_CONTEXT() REPRESENTATION_CONTEXT('2D SPACE',''
  ) );
#3844 = PCURVE('',#3697,#3845);
#3845 = DEFINITIONAL_REPRESENTATION('',(#3846),#3849);
#3846 = B_SPLINE_CURVE_WITH_KNOTS('',1,(#3847,#3848),.UNSPECIFIED.,.F.,
  .F.,(2,2),(10.4,11.9),.PIECEWISE_BEZIER_KNOTS.);
#3847 = CARTESIAN_POINT('',(3.1,23.6));
#3848 = CARTESIAN_POINT('',(3.1,25.1));
#3849 = ( GEOMETRIC_REPRESENTATION_CONTEXT(2) 
PARAMETRIC_REPRESENTATION_CONTEXT() REPRESENTATION_CONTEXT('2D SPACE',''
  ) );
#3850 = ORIENTED_EDGE('',*,*,#3851,.F.);
#3851 = EDGE_CURVE('',#3852,#3831,#3854,.T.);
#3852 = VERTEX_POINT('',#3853);
#3853 = CARTESIAN_POINT('',(3.1,23.6,-3.));
#3854 = SURFACE_CURVE('',#3855,(#3859,#3866),.PCURVE_S1.);
#3855 = LINE('',#3856,#3857);
#3856 = CARTESIAN_POINT('',(3.1,23.6,-20.));
#3857 = VECTOR('',#3858,1.);
#3858 = DIRECTION('',(0.,0.,1.));
#3859 = PCURVE('',#2054,#3860);
#3860 = DEFINITIONAL_REPRESENTATION('',(#3861),#3865);
#3861 = LINE('',#3862,#3863);
#3862 = CARTESIAN_POINT('',(2.8,0.));
#3863 = VECTOR('',#3864,1.);
#3864 = DIRECTION('',(0.,-1.));
#3865 = ( GEOMETRIC_REPRESENTATION_CONTEXT(2) 
PARAMETRIC_REPRESENTATION_CONTEXT() REPRESENTATION_CONTEXT('2D SPACE',''
  ) );
#3866 = PCURVE('',#3867,#3872);
#3867 = CYLINDRICAL_SURFACE('',#3868,3.1);
#3868 = AXIS2_PLACEMENT_3D('',#3869,#3870,#3871);
#3869 = CARTESIAN_POINT('',(1.09668586407E-15,23.6,-20.));
#3870 = DIRECTION('',(0.,0.,-1.));
#3871 = DIRECTION('',(1.,3.223228136009E-17,0.));
#3872 = DEFINITIONAL_REPRESENTATION('',(#3873),#3877);
#3873 = LINE('',#3874,#3875);
#3874 = CARTESIAN_POINT('',(0.,0.));
#3875 = VECTOR('',#3876,1.);
#3876 = DIRECTION('',(0.,-1.));
#3877 = ( GEOMETRIC_REPRESENTATION_CONTEXT(2) 
PARAMETRIC_REPRESENTATION_CONTEXT() REPRESENTATION_CONTEXT('2D SPACE',''
  ) );
#3878 = ORIENTED_EDGE('',*,*,#3879,.T.);
#3879 = EDGE_CURVE('',#3852,#3566,#3880,.T.);
#3880 = SURFACE_CURVE('',#3881,(#3885,#3891),.PCURVE_S1.);
#3881 = LINE('',#3882,#3883);
#3882 = CARTESIAN_POINT('',(3.1,13.2,-3.));
#3883 = VECTOR('',#3884,1.);
#3884 = DIRECTION('',(1.110223024625E-16,1.,-0.));
#3885 = PCURVE('',#2054,#3886);
#3886 = DEFINITIONAL_REPRESENTATION('',(#3887),#3890);
#3887 = B_SPLINE_CURVE_WITH_KNOTS('',1,(#3888,#3889),.UNSPECIFIED.,.F.,
  .F.,(2,2),(10.4,11.7),.PIECEWISE_BEZIER_KNOTS.);
#3888 = CARTESIAN_POINT('',(2.8,-17.));
#3889 = CARTESIAN_POINT('',(1.5,-17.));
#3890 = ( GEOMETRIC_REPRESENTATION_CONTEXT(2) 
PARAMETRIC_REPRESENTATION_CONTEXT() REPRESENTATION_CONTEXT('2D SPACE',''
  ) );
#3891 = PCURVE('',#3582,#3892);
#3892 = DEFINITIONAL_REPRESENTATION('',(#3893),#3896);
#3893 = B_SPLINE_CURVE_WITH_KNOTS('',1,(#3894,#3895),.UNSPECIFIED.,.F.,
  .F.,(2,2),(10.4,11.7),.PIECEWISE_BEZIER_KNOTS.);
#3894 = CARTESIAN_POINT('',(3.1,23.6));
#3895 = CARTESIAN_POINT('',(3.1,24.9));
#3896 = ( GEOMETRIC_REPRESENTATION_CONTEXT(2) 
PARAMETRIC_REPRESENTATION_CONTEXT() REPRESENTATION_CONTEXT('2D SPACE',''
  ) );
#3897 = ORIENTED_EDGE('',*,*,#3614,.F.);
#3898 = ADVANCED_FACE('',(#3899),#2029,.F.);
#3899 = FACE_BOUND('',#3900,.F.);
#3900 = EDGE_LOOP('',(#3901,#3902,#3923,#3924));
#3901 = ORIENTED_EDGE('',*,*,#2008,.F.);
#3902 = ORIENTED_EDGE('',*,*,#3903,.T.);
#3903 = EDGE_CURVE('',#1983,#2574,#3904,.T.);
#3904 = SURFACE_CURVE('',#3905,(#3909,#3916),.PCURVE_S1.);
#3905 = LINE('',#3906,#3907);
#3906 = CARTESIAN_POINT('',(-3.1,26.4,-20.));
#3907 = VECTOR('',#3908,1.);
#3908 = DIRECTION('',(0.,0.,1.));
#3909 = PCURVE('',#2029,#3910);
#3910 = DEFINITIONAL_REPRESENTATION('',(#3911),#3915);
#3911 = LINE('',#3912,#3913);
#3912 = CARTESIAN_POINT('',(0.,0.));
#3913 = VECTOR('',#3914,1.);
#3914 = DIRECTION('',(0.,-1.));
#3915 = ( GEOMETRIC_REPRESENTATION_CONTEXT(2) 
PARAMETRIC_REPRESENTATION_CONTEXT() REPRESENTATION_CONTEXT('2D SPACE',''
  ) );
#3916 = PCURVE('',#1997,#3917);
#3917 = DEFINITIONAL_REPRESENTATION('',(#3918),#3922);
#3918 = LINE('',#3919,#3920);
#3919 = CARTESIAN_POINT('',(2.8,0.));
#3920 = VECTOR('',#3921,1.);
#3921 = DIRECTION('',(0.,-1.));
#3922 = ( GEOMETRIC_REPRESENTATION_CONTEXT(2) 
PARAMETRIC_REPRESENTATION_CONTEXT() REPRESENTATION_CONTEXT('2D SPACE',''
  ) );
#3923 = ORIENTED_EDGE('',*,*,#2594,.T.);
#3924 = ORIENTED_EDGE('',*,*,#3787,.F.);
#3925 = ADVANCED_FACE('',(#3926),#1756,.T.);
#3926 = FACE_BOUND('',#3927,.F.);
#3927 = EDGE_LOOP('',(#3928,#3952,#3971,#3972));
#3928 = ORIENTED_EDGE('',*,*,#3929,.F.);
#3929 = EDGE_CURVE('',#3930,#3736,#3932,.T.);
#3930 = VERTEX_POINT('',#3931);
#3931 = CARTESIAN_POINT('',(19.775712729312,-15.1304721026,-3.));
#3932 = SURFACE_CURVE('',#3933,(#3938,#3945),.PCURVE_S1.);
#3933 = CIRCLE('',#3934,24.9);
#3934 = AXIS2_PLACEMENT_3D('',#3935,#3936,#3937);
#3935 = CARTESIAN_POINT('',(0.,0.,-3.));
#3936 = DIRECTION('',(0.,-0.,1.));
#3937 = DIRECTION('',(0.607649482032,0.794205330494,0.));
#3938 = PCURVE('',#1756,#3939);
#3939 = DEFINITIONAL_REPRESENTATION('',(#3940),#3944);
#3940 = LINE('',#3941,#3942);
#3941 = CARTESIAN_POINT('',(-0.917698683377,0.));
#3942 = VECTOR('',#3943,1.);
#3943 = DIRECTION('',(-1.,0.));
#3944 = ( GEOMETRIC_REPRESENTATION_CONTEXT(2) 
PARAMETRIC_REPRESENTATION_CONTEXT() REPRESENTATION_CONTEXT('2D SPACE',''
  ) );
#3945 = PCURVE('',#3582,#3946);
#3946 = DEFINITIONAL_REPRESENTATION('',(#3947),#3951);
#3947 = CIRCLE('',#3948,24.9);
#3948 = AXIS2_PLACEMENT_2D('',#3949,#3950);
#3949 = CARTESIAN_POINT('',(1.757352780774E-15,-1.619572327868E-15));
#3950 = DIRECTION('',(0.607649482032,0.794205330494));
#3951 = ( GEOMETRIC_REPRESENTATION_CONTEXT(2) 
PARAMETRIC_REPRESENTATION_CONTEXT() REPRESENTATION_CONTEXT('2D SPACE',''
  ) );
#3952 = ORIENTED_EDGE('',*,*,#3953,.F.);
#3953 = EDGE_CURVE('',#1740,#3930,#3954,.T.);
#3954 = SURFACE_CURVE('',#3955,(#3959,#3965),.PCURVE_S1.);
#3955 = LINE('',#3956,#3957);
#3956 = CARTESIAN_POINT('',(19.775712729312,-15.1304721026,-3.));
#3957 = VECTOR('',#3958,1.);
#3958 = DIRECTION('',(-0.,-0.,-1.));
#3959 = PCURVE('',#1756,#3960);
#3960 = DEFINITIONAL_REPRESENTATION('',(#3961),#3964);
#3961 = B_SPLINE_CURVE_WITH_KNOTS('',1,(#3962,#3963),.UNSPECIFIED.,.F.,
  .F.,(2,2),(-3.0000006,5.999999999062E-07),.PIECEWISE_BEZIER_KNOTS.);
#3962 = CARTESIAN_POINT('',(-5.630087663761,-3.0000006));
#3963 = CARTESIAN_POINT('',(-5.630087663761,5.999999999062E-07));
#3964 = ( GEOMETRIC_REPRESENTATION_CONTEXT(2) 
PARAMETRIC_REPRESENTATION_CONTEXT() REPRESENTATION_CONTEXT('2D SPACE',''
  ) );
#3965 = PCURVE('',#1789,#3966);
#3966 = DEFINITIONAL_REPRESENTATION('',(#3967),#3970);
#3967 = B_SPLINE_CURVE_WITH_KNOTS('',1,(#3968,#3969),.UNSPECIFIED.,.F.,
  .F.,(2,2),(-3.0000006,5.999999999062E-07),.PIECEWISE_BEZIER_KNOTS.);
#3968 = CARTESIAN_POINT('',(-0.88178978628,-20.0000006));
#3969 = CARTESIAN_POINT('',(-0.88178978628,-16.9999994));
#3970 = ( GEOMETRIC_REPRESENTATION_CONTEXT(2) 
PARAMETRIC_REPRESENTATION_CONTEXT() REPRESENTATION_CONTEXT('2D SPACE',''
  ) );
#3971 = ORIENTED_EDGE('',*,*,#1739,.T.);
#3972 = ORIENTED_EDGE('',*,*,#3735,.T.);
#3973 = ADVANCED_FACE('',(#3974),#1997,.F.);
#3974 = FACE_BOUND('',#3975,.F.);
#3975 = EDGE_LOOP('',(#3976,#3999,#4022,#4043,#4062,#4063,#4064,#4065));
#3976 = ORIENTED_EDGE('',*,*,#3977,.T.);
#3977 = EDGE_CURVE('',#3978,#3980,#3982,.T.);
#3978 = VERTEX_POINT('',#3979);
#3979 = CARTESIAN_POINT('',(-3.1,24.706274506692,-3.));
#3980 = VERTEX_POINT('',#3981);
#3981 = CARTESIAN_POINT('',(-3.1,23.6,-3.));
#3982 = SURFACE_CURVE('',#3983,(#3987,#3993),.PCURVE_S1.);
#3983 = LINE('',#3984,#3985);
#3984 = CARTESIAN_POINT('',(-3.1,11.8,-3.));
#3985 = VECTOR('',#3986,1.);
#3986 = DIRECTION('',(-1.110223024625E-16,-1.,0.));
#3987 = PCURVE('',#1997,#3988);
#3988 = DEFINITIONAL_REPRESENTATION('',(#3989),#3992);
#3989 = B_SPLINE_CURVE_WITH_KNOTS('',1,(#3990,#3991),.UNSPECIFIED.,.F.,
  .F.,(2,2),(-13.1,-11.8),.PIECEWISE_BEZIER_KNOTS.);
#3990 = CARTESIAN_POINT('',(1.3,-17.));
#3991 = CARTESIAN_POINT('',(0.,-17.));
#3992 = ( GEOMETRIC_REPRESENTATION_CONTEXT(2) 
PARAMETRIC_REPRESENTATION_CONTEXT() REPRESENTATION_CONTEXT('2D SPACE',''
  ) );
#3993 = PCURVE('',#3582,#3994);
#3994 = DEFINITIONAL_REPRESENTATION('',(#3995),#3998);
#3995 = B_SPLINE_CURVE_WITH_KNOTS('',1,(#3996,#3997),.UNSPECIFIED.,.F.,
  .F.,(2,2),(-13.1,-11.8),.PIECEWISE_BEZIER_KNOTS.);
#3996 = CARTESIAN_POINT('',(-3.1,24.9));
#3997 = CARTESIAN_POINT('',(-3.1,23.6));
#3998 = ( GEOMETRIC_REPRESENTATION_CONTEXT(2) 
PARAMETRIC_REPRESENTATION_CONTEXT() REPRESENTATION_CONTEXT('2D SPACE',''
  ) );
#3999 = ORIENTED_EDGE('',*,*,#4000,.T.);
#4000 = EDGE_CURVE('',#3980,#4001,#4003,.T.);
#4001 = VERTEX_POINT('',#4002);
#4002 = CARTESIAN_POINT('',(-3.1,23.6,2.));
#4003 = SURFACE_CURVE('',#4004,(#4008,#4015),.PCURVE_S1.);
#4004 = LINE('',#4005,#4006);
#4005 = CARTESIAN_POINT('',(-3.1,23.6,-20.));
#4006 = VECTOR('',#4007,1.);
#4007 = DIRECTION('',(0.,0.,1.));
#4008 = PCURVE('',#1997,#4009);
#4009 = DEFINITIONAL_REPRESENTATION('',(#4010),#4014);
#4010 = LINE('',#4011,#4012);
#4011 = CARTESIAN_POINT('',(0.,0.));
#4012 = VECTOR('',#4013,1.);
#4013 = DIRECTION('',(0.,-1.));
#4014 = ( GEOMETRIC_REPRESENTATION_CONTEXT(2) 
PARAMETRIC_REPRESENTATION_CONTEXT() REPRESENTATION_CONTEXT('2D SPACE',''
  ) );
#4015 = PCURVE('',#3867,#4016);
#4016 = DEFINITIONAL_REPRESENTATION('',(#4017),#4021);
#4017 = LINE('',#4018,#4019);
#4018 = CARTESIAN_POINT('',(3.14159265359,0.));
#4019 = VECTOR('',#4020,1.);
#4020 = DIRECTION('',(0.,-1.));
#4021 = ( GEOMETRIC_REPRESENTATION_CONTEXT(2) 
PARAMETRIC_REPRESENTATION_CONTEXT() REPRESENTATION_CONTEXT('2D SPACE',''
  ) );
#4022 = ORIENTED_EDGE('',*,*,#4023,.F.);
#4023 = EDGE_CURVE('',#4024,#4001,#4026,.T.);
#4024 = VERTEX_POINT('',#4025);
#4025 = CARTESIAN_POINT('',(-3.1,24.907830094169,2.));
#4026 = SURFACE_CURVE('',#4027,(#4031,#4037),.PCURVE_S1.);
#4027 = LINE('',#4028,#4029);
#4028 = CARTESIAN_POINT('',(-3.1,11.8,2.));
#4029 = VECTOR('',#4030,1.);
#4030 = DIRECTION('',(-1.110223024625E-16,-1.,0.));
#4031 = PCURVE('',#1997,#4032);
#4032 = DEFINITIONAL_REPRESENTATION('',(#4033),#4036);
#4033 = B_SPLINE_CURVE_WITH_KNOTS('',1,(#4034,#4035),.UNSPECIFIED.,.F.,
  .F.,(2,2),(-13.3,-11.8),.PIECEWISE_BEZIER_KNOTS.);
#4034 = CARTESIAN_POINT('',(1.5,-22.));
#4035 = CARTESIAN_POINT('',(0.,-22.));
#4036 = ( GEOMETRIC_REPRESENTATION_CONTEXT(2) 
PARAMETRIC_REPRESENTATION_CONTEXT() REPRESENTATION_CONTEXT('2D SPACE',''
  ) );
#4037 = PCURVE('',#3697,#4038);
#4038 = DEFINITIONAL_REPRESENTATION('',(#4039),#4042);
#4039 = B_SPLINE_CURVE_WITH_KNOTS('',1,(#4040,#4041),.UNSPECIFIED.,.F.,
  .F.,(2,2),(-13.3,-11.8),.PIECEWISE_BEZIER_KNOTS.);
#4040 = CARTESIAN_POINT('',(-3.1,25.1));
#4041 = CARTESIAN_POINT('',(-3.1,23.6));
#4042 = ( GEOMETRIC_REPRESENTATION_CONTEXT(2) 
PARAMETRIC_REPRESENTATION_CONTEXT() REPRESENTATION_CONTEXT('2D SPACE',''
  ) );
#4043 = ORIENTED_EDGE('',*,*,#4044,.F.);
#4044 = EDGE_CURVE('',#2541,#4024,#4045,.T.);
#4045 = SURFACE_CURVE('',#4046,(#4050,#4056),.PCURVE_S1.);
#4046 = LINE('',#4047,#4048);
#4047 = CARTESIAN_POINT('',(-3.1,24.907830094169,2.));
#4048 = VECTOR('',#4049,1.);
#4049 = DIRECTION('',(-0.,-0.,-1.));
#4050 = PCURVE('',#1997,#4051);
#4051 = DEFINITIONAL_REPRESENTATION('',(#4052),#4055);
#4052 = B_SPLINE_CURVE_WITH_KNOTS('',1,(#4053,#4054),.UNSPECIFIED.,.F.,
  .F.,(2,2),(-4.0000006,5.999999999062E-07),.PIECEWISE_BEZIER_KNOTS.);
#4053 = CARTESIAN_POINT('',(1.307830094169,-26.0000006));
#4054 = CARTESIAN_POINT('',(1.307830094169,-21.9999994));
#4055 = ( GEOMETRIC_REPRESENTATION_CONTEXT(2) 
PARAMETRIC_REPRESENTATION_CONTEXT() REPRESENTATION_CONTEXT('2D SPACE',''
  ) );
#4056 = PCURVE('',#2561,#4057);
#4057 = DEFINITIONAL_REPRESENTATION('',(#4058),#4061);
#4058 = B_SPLINE_CURVE_WITH_KNOTS('',1,(#4059,#4060),.UNSPECIFIED.,.F.,
  .F.,(2,2),(-4.0000006,5.999999999062E-07),.PIECEWISE_BEZIER_KNOTS.);
#4059 = CARTESIAN_POINT('',(-1.694618465655,-4.0000006));
#4060 = CARTESIAN_POINT('',(-1.694618465655,5.999999999062E-07));
#4061 = ( GEOMETRIC_REPRESENTATION_CONTEXT(2) 
PARAMETRIC_REPRESENTATION_CONTEXT() REPRESENTATION_CONTEXT('2D SPACE',''
  ) );
#4062 = ORIENTED_EDGE('',*,*,#2573,.F.);
#4063 = ORIENTED_EDGE('',*,*,#3903,.F.);
#4064 = ORIENTED_EDGE('',*,*,#1982,.T.);
#4065 = ORIENTED_EDGE('',*,*,#4066,.T.);
#4066 = EDGE_CURVE('',#1954,#3978,#4067,.T.);
#4067 = SURFACE_CURVE('',#4068,(#4072,#4078),.PCURVE_S1.);
#4068 = LINE('',#4069,#4070);
#4069 = CARTESIAN_POINT('',(-3.1,24.706274506692,-3.));
#4070 = VECTOR('',#4071,1.);
#4071 = DIRECTION('',(-0.,-0.,-1.));
#4072 = PCURVE('',#1997,#4073);
#4073 = DEFINITIONAL_REPRESENTATION('',(#4074),#4077);
#4074 = B_SPLINE_CURVE_WITH_KNOTS('',1,(#4075,#4076),.UNSPECIFIED.,.F.,
  .F.,(2,2),(-3.0000006,5.999999999062E-07),.PIECEWISE_BEZIER_KNOTS.);
#4075 = CARTESIAN_POINT('',(1.106274506692,-20.0000006));
#4076 = CARTESIAN_POINT('',(1.106274506692,-16.9999994));
#4077 = ( GEOMETRIC_REPRESENTATION_CONTEXT(2) 
PARAMETRIC_REPRESENTATION_CONTEXT() REPRESENTATION_CONTEXT('2D SPACE',''
  ) );
#4078 = PCURVE('',#1970,#4079);
#4079 = DEFINITIONAL_REPRESENTATION('',(#4080),#4083);
#4080 = B_SPLINE_CURVE_WITH_KNOTS('',1,(#4081,#4082),.UNSPECIFIED.,.F.,
  .F.,(2,2),(-3.0000006,5.999999999062E-07),.PIECEWISE_BEZIER_KNOTS.);
#4081 = CARTESIAN_POINT('',(-1.695618197531,-3.0000006));
#4082 = CARTESIAN_POINT('',(-1.695618197531,5.999999999062E-07));
#4083 = ( GEOMETRIC_REPRESENTATION_CONTEXT(2) 
PARAMETRIC_REPRESENTATION_CONTEXT() REPRESENTATION_CONTEXT('2D SPACE',''
  ) );
#4084 = ADVANCED_FACE('',(#4085),#1789,.F.);
#4085 = FACE_BOUND('',#4086,.T.);
#4086 = EDGE_LOOP('',(#4087,#4088,#4109,#4110,#4131,#4159,#4178,#4179,
    #4180,#4181,#4202,#4228));
#4087 = ORIENTED_EDGE('',*,*,#1768,.T.);
#4088 = ORIENTED_EDGE('',*,*,#4089,.T.);
#4089 = EDGE_CURVE('',#1769,#2766,#4090,.T.);
#4090 = SEAM_CURVE('',#4091,(#4095,#4102),.PCURVE_S1.);
#4091 = LINE('',#4092,#4093);
#4092 = CARTESIAN_POINT('',(20.977669529664,-17.67766952966,-20.));
#4093 = VECTOR('',#4094,1.);
#4094 = DIRECTION('',(0.,0.,1.));
#4095 = PCURVE('',#1789,#4096);
#4096 = DEFINITIONAL_REPRESENTATION('',(#4097),#4101);
#4097 = LINE('',#4098,#4099);
#4098 = CARTESIAN_POINT('',(-6.28318530718,0.));
#4099 = VECTOR('',#4100,1.);
#4100 = DIRECTION('',(-0.,-1.));
#4101 = ( GEOMETRIC_REPRESENTATION_CONTEXT(2) 
PARAMETRIC_REPRESENTATION_CONTEXT() REPRESENTATION_CONTEXT('2D SPACE',''
  ) );
#4102 = PCURVE('',#1789,#4103);
#4103 = DEFINITIONAL_REPRESENTATION('',(#4104),#4108);
#4104 = LINE('',#4105,#4106);
#4105 = CARTESIAN_POINT('',(-0.,0.));
#4106 = VECTOR('',#4107,1.);
#4107 = DIRECTION('',(-0.,-1.));
#4108 = ( GEOMETRIC_REPRESENTATION_CONTEXT(2) 
PARAMETRIC_REPRESENTATION_CONTEXT() REPRESENTATION_CONTEXT('2D SPACE',''
  ) );
#4109 = ORIENTED_EDGE('',*,*,#2765,.F.);
#4110 = ORIENTED_EDGE('',*,*,#4111,.T.);
#4111 = EDGE_CURVE('',#2733,#4112,#4114,.T.);
#4112 = VERTEX_POINT('',#4113);
#4113 = CARTESIAN_POINT('',(19.926483994991,-15.2625435494,2.));
#4114 = SURFACE_CURVE('',#4115,(#4119,#4125),.PCURVE_S1.);
#4115 = LINE('',#4116,#4117);
#4116 = CARTESIAN_POINT('',(19.926483994991,-15.2625435494,2.));
#4117 = VECTOR('',#4118,1.);
#4118 = DIRECTION('',(-0.,-0.,-1.));
#4119 = PCURVE('',#1789,#4120);
#4120 = DEFINITIONAL_REPRESENTATION('',(#4121),#4124);
#4121 = B_SPLINE_CURVE_WITH_KNOTS('',1,(#4122,#4123),.UNSPECIFIED.,.F.,
  .F.,(2,2),(-4.0000006,5.999999999062E-07),.PIECEWISE_BEZIER_KNOTS.);
#4122 = CARTESIAN_POINT('',(-0.821042074083,-26.0000006));
#4123 = CARTESIAN_POINT('',(-0.821042074083,-21.9999994));
#4124 = ( GEOMETRIC_REPRESENTATION_CONTEXT(2) 
PARAMETRIC_REPRESENTATION_CONTEXT() REPRESENTATION_CONTEXT('2D SPACE',''
  ) );
#4125 = PCURVE('',#2753,#4126);
#4126 = DEFINITIONAL_REPRESENTATION('',(#4127),#4130);
#4127 = B_SPLINE_CURVE_WITH_KNOTS('',1,(#4128,#4129),.UNSPECIFIED.,.F.,
  .F.,(2,2),(-4.0000006,5.999999999062E-07),.PIECEWISE_BEZIER_KNOTS.);
#4128 = CARTESIAN_POINT('',(-5.629558748774,-4.0000006));
#4129 = CARTESIAN_POINT('',(-5.629558748774,5.999999999062E-07));
#4130 = ( GEOMETRIC_REPRESENTATION_CONTEXT(2) 
PARAMETRIC_REPRESENTATION_CONTEXT() REPRESENTATION_CONTEXT('2D SPACE',''
  ) );
#4131 = ORIENTED_EDGE('',*,*,#4132,.F.);
#4132 = EDGE_CURVE('',#4133,#4112,#4135,.T.);
#4133 = VERTEX_POINT('',#4134);
#4134 = CARTESIAN_POINT('',(15.262543549402,-19.92648399499,2.));
#4135 = SURFACE_CURVE('',#4136,(#4141,#4148),.PCURVE_S1.);
#4136 = CIRCLE('',#4137,3.3);
#4137 = AXIS2_PLACEMENT_3D('',#4138,#4139,#4140);
#4138 = CARTESIAN_POINT('',(17.677669529664,-17.67766952966,2.));
#4139 = DIRECTION('',(0.,0.,-1.));
#4140 = DIRECTION('',(1.,0.,0.));
#4141 = PCURVE('',#1789,#4142);
#4142 = DEFINITIONAL_REPRESENTATION('',(#4143),#4147);
#4143 = LINE('',#4144,#4145);
#4144 = CARTESIAN_POINT('',(-6.28318530718,-22.));
#4145 = VECTOR('',#4146,1.);
#4146 = DIRECTION('',(1.,-0.));
#4147 = ( GEOMETRIC_REPRESENTATION_CONTEXT(2) 
PARAMETRIC_REPRESENTATION_CONTEXT() REPRESENTATION_CONTEXT('2D SPACE',''
  ) );
#4148 = PCURVE('',#3697,#4149);
#4149 = DEFINITIONAL_REPRESENTATION('',(#4150),#4158);
#4150 = ( BOUNDED_CURVE() B_SPLINE_CURVE(2,(#4151,#4152,#4153,#4154,
#4155,#4156,#4157),.UNSPECIFIED.,.T.,.F.) B_SPLINE_CURVE_WITH_KNOTS((1,2
    ,2,2,2,1),(-2.094395102393,0.,2.094395102393,4.188790204786,
6.28318530718,8.377580409573),.UNSPECIFIED.) CURVE() 
GEOMETRIC_REPRESENTATION_ITEM() RATIONAL_B_SPLINE_CURVE((1.,0.5,1.,0.5,
1.,0.5,1.)) REPRESENTATION_ITEM('') );
#4151 = CARTESIAN_POINT('',(20.977669529664,-17.67766952966));
#4152 = CARTESIAN_POINT('',(20.977669529664,-23.39343719464));
#4153 = CARTESIAN_POINT('',(16.027669529664,-20.53555336215));
#4154 = CARTESIAN_POINT('',(11.077669529664,-17.67766952966));
#4155 = CARTESIAN_POINT('',(16.027669529664,-14.81978569717));
#4156 = CARTESIAN_POINT('',(20.977669529664,-11.96190186468));
#4157 = CARTESIAN_POINT('',(20.977669529664,-17.67766952966));
#4158 = ( GEOMETRIC_REPRESENTATION_CONTEXT(2) 
PARAMETRIC_REPRESENTATION_CONTEXT() REPRESENTATION_CONTEXT('2D SPACE',''
  ) );
#4159 = ORIENTED_EDGE('',*,*,#4160,.F.);
#4160 = EDGE_CURVE('',#2794,#4133,#4161,.T.);
#4161 = SURFACE_CURVE('',#4162,(#4166,#4172),.PCURVE_S1.);
#4162 = LINE('',#4163,#4164);
#4163 = CARTESIAN_POINT('',(15.262543549402,-19.92648399499,2.));
#4164 = VECTOR('',#4165,1.);
#4165 = DIRECTION('',(-0.,-0.,-1.));
#4166 = PCURVE('',#1789,#4167);
#4167 = DEFINITIONAL_REPRESENTATION('',(#4168),#4171);
#4168 = B_SPLINE_CURVE_WITH_KNOTS('',1,(#4169,#4170),.UNSPECIFIED.,.F.,
  .F.,(2,2),(-4.0000006,5.999999999062E-07),.PIECEWISE_BEZIER_KNOTS.);
#4169 = CARTESIAN_POINT('',(-3.891346906301,-26.0000006));
#4170 = CARTESIAN_POINT('',(-3.891346906301,-21.9999994));
#4171 = ( GEOMETRIC_REPRESENTATION_CONTEXT(2) 
PARAMETRIC_REPRESENTATION_CONTEXT() REPRESENTATION_CONTEXT('2D SPACE',''
  ) );
#4172 = PCURVE('',#2842,#4173);
#4173 = DEFINITIONAL_REPRESENTATION('',(#4174),#4177);
#4174 = B_SPLINE_CURVE_WITH_KNOTS('',1,(#4175,#4176),.UNSPECIFIED.,.F.,
  .F.,(2,2),(-4.0000006,5.999999999062E-07),.PIECEWISE_BEZIER_KNOTS.);
#4175 = CARTESIAN_POINT('',(-5.36601553879,-4.0000006));
#4176 = CARTESIAN_POINT('',(-5.36601553879,5.999999999062E-07));
#4177 = ( GEOMETRIC_REPRESENTATION_CONTEXT(2) 
PARAMETRIC_REPRESENTATION_CONTEXT() REPRESENTATION_CONTEXT('2D SPACE',''
  ) );
#4178 = ORIENTED_EDGE('',*,*,#2793,.F.);
#4179 = ORIENTED_EDGE('',*,*,#4089,.F.);
#4180 = ORIENTED_EDGE('',*,*,#1801,.T.);
#4181 = ORIENTED_EDGE('',*,*,#4182,.T.);
#4182 = EDGE_CURVE('',#1802,#4183,#4185,.T.);
#4183 = VERTEX_POINT('',#4184);
#4184 = CARTESIAN_POINT('',(15.130472102606,-19.77571272931,-3.));
#4185 = SURFACE_CURVE('',#4186,(#4190,#4196),.PCURVE_S1.);
#4186 = LINE('',#4187,#4188);
#4187 = CARTESIAN_POINT('',(15.130472102606,-19.77571272931,-3.));
#4188 = VECTOR('',#4189,1.);
#4189 = DIRECTION('',(-0.,-0.,-1.));
#4190 = PCURVE('',#1789,#4191);
#4191 = DEFINITIONAL_REPRESENTATION('',(#4192),#4195);
#4192 = B_SPLINE_CURVE_WITH_KNOTS('',1,(#4193,#4194),.UNSPECIFIED.,.F.,
  .F.,(2,2),(-3.0000006,5.999999999062E-07),.PIECEWISE_BEZIER_KNOTS.);
#4193 = CARTESIAN_POINT('',(-3.830599194105,-20.0000006));
#4194 = CARTESIAN_POINT('',(-3.830599194105,-16.9999994));
#4195 = ( GEOMETRIC_REPRESENTATION_CONTEXT(2) 
PARAMETRIC_REPRESENTATION_CONTEXT() REPRESENTATION_CONTEXT('2D SPACE',''
  ) );
#4196 = PCURVE('',#1846,#4197);
#4197 = DEFINITIONAL_REPRESENTATION('',(#4198),#4201);
#4198 = B_SPLINE_CURVE_WITH_KNOTS('',1,(#4199,#4200),.UNSPECIFIED.,.F.,
  .F.,(2,2),(-3.0000006,5.999999999062E-07),.PIECEWISE_BEZIER_KNOTS.);
#4199 = CARTESIAN_POINT('',(-5.365486623803,-3.0000006));
#4200 = CARTESIAN_POINT('',(-5.365486623803,5.999999999062E-07));
#4201 = ( GEOMETRIC_REPRESENTATION_CONTEXT(2) 
PARAMETRIC_REPRESENTATION_CONTEXT() REPRESENTATION_CONTEXT('2D SPACE',''
  ) );
#4202 = ORIENTED_EDGE('',*,*,#4203,.T.);
#4203 = EDGE_CURVE('',#4183,#3930,#4204,.T.);
#4204 = SURFACE_CURVE('',#4205,(#4210,#4217),.PCURVE_S1.);
#4205 = CIRCLE('',#4206,3.3);
#4206 = AXIS2_PLACEMENT_3D('',#4207,#4208,#4209);
#4207 = CARTESIAN_POINT('',(17.677669529664,-17.67766952966,-3.));
#4208 = DIRECTION('',(0.,0.,-1.));
#4209 = DIRECTION('',(1.,0.,0.));
#4210 = PCURVE('',#1789,#4211);
#4211 = DEFINITIONAL_REPRESENTATION('',(#4212),#4216);
#4212 = LINE('',#4213,#4214);
#4213 = CARTESIAN_POINT('',(-6.28318530718,-17.));
#4214 = VECTOR('',#4215,1.);
#4215 = DIRECTION('',(1.,-0.));
#4216 = ( GEOMETRIC_REPRESENTATION_CONTEXT(2) 
PARAMETRIC_REPRESENTATION_CONTEXT() REPRESENTATION_CONTEXT('2D SPACE',''
  ) );
#4217 = PCURVE('',#3582,#4218);
#4218 = DEFINITIONAL_REPRESENTATION('',(#4219),#4227);
#4219 = ( BOUNDED_CURVE() B_SPLINE_CURVE(2,(#4220,#4221,#4222,#4223,
#4224,#4225,#4226),.UNSPECIFIED.,.T.,.F.) B_SPLINE_CURVE_WITH_KNOTS((1,2
    ,2,2,2,1),(-2.094395102393,0.,2.094395102393,4.188790204786,
6.28318530718,8.377580409573),.UNSPECIFIED.) CURVE() 
GEOMETRIC_REPRESENTATION_ITEM() RATIONAL_B_SPLINE_CURVE((1.,0.5,1.,0.5,
1.,0.5,1.)) REPRESENTATION_ITEM('') );
#4220 = CARTESIAN_POINT('',(20.977669529664,-17.67766952966));
#4221 = CARTESIAN_POINT('',(20.977669529664,-23.39343719464));
#4222 = CARTESIAN_POINT('',(16.027669529664,-20.53555336215));
#4223 = CARTESIAN_POINT('',(11.077669529664,-17.67766952966));
#4224 = CARTESIAN_POINT('',(16.027669529664,-14.81978569717));
#4225 = CARTESIAN_POINT('',(20.977669529664,-11.96190186468));
#4226 = CARTESIAN_POINT('',(20.977669529664,-17.67766952966));
#4227 = ( GEOMETRIC_REPRESENTATION_CONTEXT(2) 
PARAMETRIC_REPRESENTATION_CONTEXT() REPRESENTATION_CONTEXT('2D SPACE',''
  ) );
#4228 = ORIENTED_EDGE('',*,*,#3953,.F.);
#4229 = ADVANCED_FACE('',(#4230),#1970,.T.);
#4230 = FACE_BOUND('',#4231,.F.);
#4231 = EDGE_LOOP('',(#4232,#4256,#4257,#4258));
#4232 = ORIENTED_EDGE('',*,*,#4233,.F.);
#4233 = EDGE_CURVE('',#3978,#4234,#4236,.T.);
#4234 = VERTEX_POINT('',#4235);
#4235 = CARTESIAN_POINT('',(-15.1304721026,19.775712729312,-3.));
#4236 = SURFACE_CURVE('',#4237,(#4242,#4249),.PCURVE_S1.);
#4237 = CIRCLE('',#4238,24.9);
#4238 = AXIS2_PLACEMENT_3D('',#4239,#4240,#4241);
#4239 = CARTESIAN_POINT('',(0.,0.,-3.));
#4240 = DIRECTION('',(0.,-0.,1.));
#4241 = DIRECTION('',(0.607649482032,0.794205330494,0.));
#4242 = PCURVE('',#1970,#4243);
#4243 = DEFINITIONAL_REPRESENTATION('',(#4244),#4248);
#4244 = LINE('',#4245,#4246);
#4245 = CARTESIAN_POINT('',(-0.917698683377,0.));
#4246 = VECTOR('',#4247,1.);
#4247 = DIRECTION('',(-1.,0.));
#4248 = ( GEOMETRIC_REPRESENTATION_CONTEXT(2) 
PARAMETRIC_REPRESENTATION_CONTEXT() REPRESENTATION_CONTEXT('2D SPACE',''
  ) );
#4249 = PCURVE('',#3582,#4250);
#4250 = DEFINITIONAL_REPRESENTATION('',(#4251),#4255);
#4251 = CIRCLE('',#4252,24.9);
#4252 = AXIS2_PLACEMENT_2D('',#4253,#4254);
#4253 = CARTESIAN_POINT('',(1.757352780774E-15,-1.619572327868E-15));
#4254 = DIRECTION('',(0.607649482032,0.794205330494));
#4255 = ( GEOMETRIC_REPRESENTATION_CONTEXT(2) 
PARAMETRIC_REPRESENTATION_CONTEXT() REPRESENTATION_CONTEXT('2D SPACE',''
  ) );
#4256 = ORIENTED_EDGE('',*,*,#4066,.F.);
#4257 = ORIENTED_EDGE('',*,*,#1953,.T.);
#4258 = ORIENTED_EDGE('',*,*,#4259,.T.);
#4259 = EDGE_CURVE('',#1921,#4234,#4260,.T.);
#4260 = SURFACE_CURVE('',#4261,(#4265,#4271),.PCURVE_S1.);
#4261 = LINE('',#4262,#4263);
#4262 = CARTESIAN_POINT('',(-15.1304721026,19.775712729312,-3.));
#4263 = VECTOR('',#4264,1.);
#4264 = DIRECTION('',(-0.,-0.,-1.));
#4265 = PCURVE('',#1970,#4266);
#4266 = DEFINITIONAL_REPRESENTATION('',(#4267),#4270);
#4267 = B_SPLINE_CURVE_WITH_KNOTS('',1,(#4268,#4269),.UNSPECIFIED.,.F.,
  .F.,(2,2),(-3.0000006,5.999999999062E-07),.PIECEWISE_BEZIER_KNOTS.);
#4268 = CARTESIAN_POINT('',(-2.223893970213,-3.0000006));
#4269 = CARTESIAN_POINT('',(-2.223893970213,5.999999999062E-07));
#4270 = ( GEOMETRIC_REPRESENTATION_CONTEXT(2) 
PARAMETRIC_REPRESENTATION_CONTEXT() REPRESENTATION_CONTEXT('2D SPACE',''
  ) );
#4271 = PCURVE('',#1941,#4272);
#4272 = DEFINITIONAL_REPRESENTATION('',(#4273),#4276);
#4273 = B_SPLINE_CURVE_WITH_KNOTS('',1,(#4274,#4275),.UNSPECIFIED.,.F.,
  .F.,(2,2),(-3.0000006,5.999999999062E-07),.PIECEWISE_BEZIER_KNOTS.);
#4274 = CARTESIAN_POINT('',(-0.689006540515,-20.0000006));
#4275 = CARTESIAN_POINT('',(-0.689006540515,-16.9999994));
#4276 = ( GEOMETRIC_REPRESENTATION_CONTEXT(2) 
PARAMETRIC_REPRESENTATION_CONTEXT() REPRESENTATION_CONTEXT('2D SPACE',''
  ) );
#4277 = ADVANCED_FACE('',(#4278),#1941,.F.);
#4278 = FACE_BOUND('',#4279,.T.);
#4279 = EDGE_LOOP('',(#4280,#4308,#4331,#4359,#4378,#4379,#4400,#4426,
    #4427,#4455,#4474,#4475));
#4280 = ORIENTED_EDGE('',*,*,#4281,.T.);
#4281 = EDGE_CURVE('',#4234,#4282,#4284,.T.);
#4282 = VERTEX_POINT('',#4283);
#4283 = CARTESIAN_POINT('',(-14.37766952966,17.677669529664,-3.));
#4284 = SURFACE_CURVE('',#4285,(#4290,#4297),.PCURVE_S1.);
#4285 = CIRCLE('',#4286,3.3);
#4286 = AXIS2_PLACEMENT_3D('',#4287,#4288,#4289);
#4287 = CARTESIAN_POINT('',(-17.67766952966,17.677669529664,-3.));
#4288 = DIRECTION('',(0.,0.,-1.));
#4289 = DIRECTION('',(1.,0.,0.));
#4290 = PCURVE('',#1941,#4291);
#4291 = DEFINITIONAL_REPRESENTATION('',(#4292),#4296);
#4292 = LINE('',#4293,#4294);
#4293 = CARTESIAN_POINT('',(-6.28318530718,-17.));
#4294 = VECTOR('',#4295,1.);
#4295 = DIRECTION('',(1.,-0.));
#4296 = ( GEOMETRIC_REPRESENTATION_CONTEXT(2) 
PARAMETRIC_REPRESENTATION_CONTEXT() REPRESENTATION_CONTEXT('2D SPACE',''
  ) );
#4297 = PCURVE('',#3582,#4298);
#4298 = DEFINITIONAL_REPRESENTATION('',(#4299),#4307);
#4299 = ( BOUNDED_CURVE() B_SPLINE_CURVE(2,(#4300,#4301,#4302,#4303,
#4304,#4305,#4306),.UNSPECIFIED.,.T.,.F.) B_SPLINE_CURVE_WITH_KNOTS((1,2
    ,2,2,2,1),(-2.094395102393,0.,2.094395102393,4.188790204786,
6.28318530718,8.377580409573),.UNSPECIFIED.) CURVE() 
GEOMETRIC_REPRESENTATION_ITEM() RATIONAL_B_SPLINE_CURVE((1.,0.5,1.,0.5,
1.,0.5,1.)) REPRESENTATION_ITEM('') );
#4300 = CARTESIAN_POINT('',(-14.37766952966,17.677669529664));
#4301 = CARTESIAN_POINT('',(-14.37766952966,11.961901864686));
#4302 = CARTESIAN_POINT('',(-19.32766952966,14.819785697175));
#4303 = CARTESIAN_POINT('',(-24.27766952966,17.677669529664));
#4304 = CARTESIAN_POINT('',(-19.32766952966,20.535553362152));
#4305 = CARTESIAN_POINT('',(-14.37766952966,23.393437194641));
#4306 = CARTESIAN_POINT('',(-14.37766952966,17.677669529664));
#4307 = ( GEOMETRIC_REPRESENTATION_CONTEXT(2) 
PARAMETRIC_REPRESENTATION_CONTEXT() REPRESENTATION_CONTEXT('2D SPACE',''
  ) );
#4308 = ORIENTED_EDGE('',*,*,#4309,.T.);
#4309 = EDGE_CURVE('',#4282,#4310,#4312,.T.);
#4310 = VERTEX_POINT('',#4311);
#4311 = CARTESIAN_POINT('',(-14.37766952966,17.677669529664,2.));
#4312 = SEAM_CURVE('',#4313,(#4317,#4324),.PCURVE_S1.);
#4313 = LINE('',#4314,#4315);
#4314 = CARTESIAN_POINT('',(-14.37766952966,17.677669529664,-20.));
#4315 = VECTOR('',#4316,1.);
#4316 = DIRECTION('',(0.,0.,1.));
#4317 = PCURVE('',#1941,#4318);
#4318 = DEFINITIONAL_REPRESENTATION('',(#4319),#4323);
#4319 = LINE('',#4320,#4321);
#4320 = CARTESIAN_POINT('',(-6.28318530718,0.));
#4321 = VECTOR('',#4322,1.);
#4322 = DIRECTION('',(-0.,-1.));
#4323 = ( GEOMETRIC_REPRESENTATION_CONTEXT(2) 
PARAMETRIC_REPRESENTATION_CONTEXT() REPRESENTATION_CONTEXT('2D SPACE',''
  ) );
#4324 = PCURVE('',#1941,#4325);
#4325 = DEFINITIONAL_REPRESENTATION('',(#4326),#4330);
#4326 = LINE('',#4327,#4328);
#4327 = CARTESIAN_POINT('',(-0.,0.));
#4328 = VECTOR('',#4329,1.);
#4329 = DIRECTION('',(-0.,-1.));
#4330 = ( GEOMETRIC_REPRESENTATION_CONTEXT(2) 
PARAMETRIC_REPRESENTATION_CONTEXT() REPRESENTATION_CONTEXT('2D SPACE',''
  ) );
#4331 = ORIENTED_EDGE('',*,*,#4332,.F.);
#4332 = EDGE_CURVE('',#4333,#4310,#4335,.T.);
#4333 = VERTEX_POINT('',#4334);
#4334 = CARTESIAN_POINT('',(-15.2625435494,19.926483994991,2.));
#4335 = SURFACE_CURVE('',#4336,(#4341,#4348),.PCURVE_S1.);
#4336 = CIRCLE('',#4337,3.3);
#4337 = AXIS2_PLACEMENT_3D('',#4338,#4339,#4340);
#4338 = CARTESIAN_POINT('',(-17.67766952966,17.677669529664,2.));
#4339 = DIRECTION('',(0.,0.,-1.));
#4340 = DIRECTION('',(1.,0.,0.));
#4341 = PCURVE('',#1941,#4342);
#4342 = DEFINITIONAL_REPRESENTATION('',(#4343),#4347);
#4343 = LINE('',#4344,#4345);
#4344 = CARTESIAN_POINT('',(-6.28318530718,-22.));
#4345 = VECTOR('',#4346,1.);
#4346 = DIRECTION('',(1.,-0.));
#4347 = ( GEOMETRIC_REPRESENTATION_CONTEXT(2) 
PARAMETRIC_REPRESENTATION_CONTEXT() REPRESENTATION_CONTEXT('2D SPACE',''
  ) );
#4348 = PCURVE('',#3697,#4349);
#4349 = DEFINITIONAL_REPRESENTATION('',(#4350),#4358);
#4350 = ( BOUNDED_CURVE() B_SPLINE_CURVE(2,(#4351,#4352,#4353,#4354,
#4355,#4356,#4357),.UNSPECIFIED.,.T.,.F.) B_SPLINE_CURVE_WITH_KNOTS((1,2
    ,2,2,2,1),(-2.094395102393,0.,2.094395102393,4.188790204786,
6.28318530718,8.377580409573),.UNSPECIFIED.) CURVE() 
GEOMETRIC_REPRESENTATION_ITEM() RATIONAL_B_SPLINE_CURVE((1.,0.5,1.,0.5,
1.,0.5,1.)) REPRESENTATION_ITEM('') );
#4351 = CARTESIAN_POINT('',(-14.37766952966,17.677669529664));
#4352 = CARTESIAN_POINT('',(-14.37766952966,11.961901864686));
#4353 = CARTESIAN_POINT('',(-19.32766952966,14.819785697175));
#4354 = CARTESIAN_POINT('',(-24.27766952966,17.677669529664));
#4355 = CARTESIAN_POINT('',(-19.32766952966,20.535553362152));
#4356 = CARTESIAN_POINT('',(-14.37766952966,23.393437194641));
#4357 = CARTESIAN_POINT('',(-14.37766952966,17.677669529664));
#4358 = ( GEOMETRIC_REPRESENTATION_CONTEXT(2) 
PARAMETRIC_REPRESENTATION_CONTEXT() REPRESENTATION_CONTEXT('2D SPACE',''
  ) );
#4359 = ORIENTED_EDGE('',*,*,#4360,.F.);
#4360 = EDGE_CURVE('',#2513,#4333,#4361,.T.);
#4361 = SURFACE_CURVE('',#4362,(#4366,#4372),.PCURVE_S1.);
#4362 = LINE('',#4363,#4364);
#4363 = CARTESIAN_POINT('',(-15.2625435494,19.926483994991,2.));
#4364 = VECTOR('',#4365,1.);
#4365 = DIRECTION('',(-0.,-0.,-1.));
#4366 = PCURVE('',#1941,#4367);
#4367 = DEFINITIONAL_REPRESENTATION('',(#4368),#4371);
#4368 = B_SPLINE_CURVE_WITH_KNOTS('',1,(#4369,#4370),.UNSPECIFIED.,.F.,
  .F.,(2,2),(-4.0000006,5.999999999062E-07),.PIECEWISE_BEZIER_KNOTS.);
#4369 = CARTESIAN_POINT('',(-0.749754252712,-26.0000006));
#4370 = CARTESIAN_POINT('',(-0.749754252712,-21.9999994));
#4371 = ( GEOMETRIC_REPRESENTATION_CONTEXT(2) 
PARAMETRIC_REPRESENTATION_CONTEXT() REPRESENTATION_CONTEXT('2D SPACE',''
  ) );
#4372 = PCURVE('',#2561,#4373);
#4373 = DEFINITIONAL_REPRESENTATION('',(#4374),#4377);
#4374 = B_SPLINE_CURVE_WITH_KNOTS('',1,(#4375,#4376),.UNSPECIFIED.,.F.,
  .F.,(2,2),(-4.0000006,5.999999999062E-07),.PIECEWISE_BEZIER_KNOTS.);
#4375 = CARTESIAN_POINT('',(-2.2244228852,-4.0000006));
#4376 = CARTESIAN_POINT('',(-2.2244228852,5.999999999062E-07));
#4377 = ( GEOMETRIC_REPRESENTATION_CONTEXT(2) 
PARAMETRIC_REPRESENTATION_CONTEXT() REPRESENTATION_CONTEXT('2D SPACE',''
  ) );
#4378 = ORIENTED_EDGE('',*,*,#2510,.F.);
#4379 = ORIENTED_EDGE('',*,*,#4380,.T.);
#4380 = EDGE_CURVE('',#2511,#4381,#4383,.T.);
#4381 = VERTEX_POINT('',#4382);
#4382 = CARTESIAN_POINT('',(-19.92648399499,15.262543549402,2.));
#4383 = SURFACE_CURVE('',#4384,(#4388,#4394),.PCURVE_S1.);
#4384 = LINE('',#4385,#4386);
#4385 = CARTESIAN_POINT('',(-19.92648399499,15.262543549402,2.));
#4386 = VECTOR('',#4387,1.);
#4387 = DIRECTION('',(-0.,-0.,-1.));
#4388 = PCURVE('',#1941,#4389);
#4389 = DEFINITIONAL_REPRESENTATION('',(#4390),#4393);
#4390 = B_SPLINE_CURVE_WITH_KNOTS('',1,(#4391,#4392),.UNSPECIFIED.,.F.,
  .F.,(2,2),(-4.0000006,5.999999999062E-07),.PIECEWISE_BEZIER_KNOTS.);
#4391 = CARTESIAN_POINT('',(-3.962634727673,-26.0000006));
#4392 = CARTESIAN_POINT('',(-3.962634727673,-21.9999994));
#4393 = ( GEOMETRIC_REPRESENTATION_CONTEXT(2) 
PARAMETRIC_REPRESENTATION_CONTEXT() REPRESENTATION_CONTEXT('2D SPACE',''
  ) );
#4394 = PCURVE('',#2901,#4395);
#4395 = DEFINITIONAL_REPRESENTATION('',(#4396),#4399);
#4396 = B_SPLINE_CURVE_WITH_KNOTS('',1,(#4397,#4398),.UNSPECIFIED.,.F.,
  .F.,(2,2),(-4.0000006,5.999999999062E-07),.PIECEWISE_BEZIER_KNOTS.);
#4397 = CARTESIAN_POINT('',(-2.487966095185,-4.0000006));
#4398 = CARTESIAN_POINT('',(-2.487966095185,5.999999999062E-07));
#4399 = ( GEOMETRIC_REPRESENTATION_CONTEXT(2) 
PARAMETRIC_REPRESENTATION_CONTEXT() REPRESENTATION_CONTEXT('2D SPACE',''
  ) );
#4400 = ORIENTED_EDGE('',*,*,#4401,.F.);
#4401 = EDGE_CURVE('',#4310,#4381,#4402,.T.);
#4402 = SURFACE_CURVE('',#4403,(#4408,#4415),.PCURVE_S1.);
#4403 = CIRCLE('',#4404,3.3);
#4404 = AXIS2_PLACEMENT_3D('',#4405,#4406,#4407);
#4405 = CARTESIAN_POINT('',(-17.67766952966,17.677669529664,2.));
#4406 = DIRECTION('',(0.,0.,-1.));
#4407 = DIRECTION('',(1.,0.,0.));
#4408 = PCURVE('',#1941,#4409);
#4409 = DEFINITIONAL_REPRESENTATION('',(#4410),#4414);
#4410 = LINE('',#4411,#4412);
#4411 = CARTESIAN_POINT('',(-6.28318530718,-22.));
#4412 = VECTOR('',#4413,1.);
#4413 = DIRECTION('',(1.,-0.));
#4414 = ( GEOMETRIC_REPRESENTATION_CONTEXT(2) 
PARAMETRIC_REPRESENTATION_CONTEXT() REPRESENTATION_CONTEXT('2D SPACE',''
  ) );
#4415 = PCURVE('',#3697,#4416);
#4416 = DEFINITIONAL_REPRESENTATION('',(#4417),#4425);
#4417 = ( BOUNDED_CURVE() B_SPLINE_CURVE(2,(#4418,#4419,#4420,#4421,
#4422,#4423,#4424),.UNSPECIFIED.,.T.,.F.) B_SPLINE_CURVE_WITH_KNOTS((1,2
    ,2,2,2,1),(-2.094395102393,0.,2.094395102393,4.188790204786,
6.28318530718,8.377580409573),.UNSPECIFIED.) CURVE() 
GEOMETRIC_REPRESENTATION_ITEM() RATIONAL_B_SPLINE_CURVE((1.,0.5,1.,0.5,
1.,0.5,1.)) REPRESENTATION_ITEM('') );
#4418 = CARTESIAN_POINT('',(-14.37766952966,17.677669529664));
#4419 = CARTESIAN_POINT('',(-14.37766952966,11.961901864686));
#4420 = CARTESIAN_POINT('',(-19.32766952966,14.819785697175));
#4421 = CARTESIAN_POINT('',(-24.27766952966,17.677669529664));
#4422 = CARTESIAN_POINT('',(-19.32766952966,20.535553362152));
#4423 = CARTESIAN_POINT('',(-14.37766952966,23.393437194641));
#4424 = CARTESIAN_POINT('',(-14.37766952966,17.677669529664));
#4425 = ( GEOMETRIC_REPRESENTATION_CONTEXT(2) 
PARAMETRIC_REPRESENTATION_CONTEXT() REPRESENTATION_CONTEXT('2D SPACE',''
  ) );
#4426 = ORIENTED_EDGE('',*,*,#4309,.F.);
#4427 = ORIENTED_EDGE('',*,*,#4428,.T.);
#4428 = EDGE_CURVE('',#4282,#4429,#4431,.T.);
#4429 = VERTEX_POINT('',#4430);
#4430 = CARTESIAN_POINT('',(-19.77571272931,15.130472102606,-3.));
#4431 = SURFACE_CURVE('',#4432,(#4437,#4444),.PCURVE_S1.);
#4432 = CIRCLE('',#4433,3.3);
#4433 = AXIS2_PLACEMENT_3D('',#4434,#4435,#4436);
#4434 = CARTESIAN_POINT('',(-17.67766952966,17.677669529664,-3.));
#4435 = DIRECTION('',(0.,0.,-1.));
#4436 = DIRECTION('',(1.,0.,0.));
#4437 = PCURVE('',#1941,#4438);
#4438 = DEFINITIONAL_REPRESENTATION('',(#4439),#4443);
#4439 = LINE('',#4440,#4441);
#4440 = CARTESIAN_POINT('',(-6.28318530718,-17.));
#4441 = VECTOR('',#4442,1.);
#4442 = DIRECTION('',(1.,-0.));
#4443 = ( GEOMETRIC_REPRESENTATION_CONTEXT(2) 
PARAMETRIC_REPRESENTATION_CONTEXT() REPRESENTATION_CONTEXT('2D SPACE',''
  ) );
#4444 = PCURVE('',#3582,#4445);
#4445 = DEFINITIONAL_REPRESENTATION('',(#4446),#4454);
#4446 = ( BOUNDED_CURVE() B_SPLINE_CURVE(2,(#4447,#4448,#4449,#4450,
#4451,#4452,#4453),.UNSPECIFIED.,.T.,.F.) B_SPLINE_CURVE_WITH_KNOTS((1,2
    ,2,2,2,1),(-2.094395102393,0.,2.094395102393,4.188790204786,
6.28318530718,8.377580409573),.UNSPECIFIED.) CURVE() 
GEOMETRIC_REPRESENTATION_ITEM() RATIONAL_B_SPLINE_CURVE((1.,0.5,1.,0.5,
1.,0.5,1.)) REPRESENTATION_ITEM('') );
#4447 = CARTESIAN_POINT('',(-14.37766952966,17.677669529664));
#4448 = CARTESIAN_POINT('',(-14.37766952966,11.961901864686));
#4449 = CARTESIAN_POINT('',(-19.32766952966,14.819785697175));
#4450 = CARTESIAN_POINT('',(-24.27766952966,17.677669529664));
#4451 = CARTESIAN_POINT('',(-19.32766952966,20.535553362152));
#4452 = CARTESIAN_POINT('',(-14.37766952966,23.393437194641));
#4453 = CARTESIAN_POINT('',(-14.37766952966,17.677669529664));
#4454 = ( GEOMETRIC_REPRESENTATION_CONTEXT(2) 
PARAMETRIC_REPRESENTATION_CONTEXT() REPRESENTATION_CONTEXT('2D SPACE',''
  ) );
#4455 = ORIENTED_EDGE('',*,*,#4456,.F.);
#4456 = EDGE_CURVE('',#1892,#4429,#4457,.T.);
#4457 = SURFACE_CURVE('',#4458,(#4462,#4468),.PCURVE_S1.);
#4458 = LINE('',#4459,#4460);
#4459 = CARTESIAN_POINT('',(-19.77571272931,15.130472102606,-3.));
#4460 = VECTOR('',#4461,1.);
#4461 = DIRECTION('',(-0.,-0.,-1.));
#4462 = PCURVE('',#1941,#4463);
#4463 = DEFINITIONAL_REPRESENTATION('',(#4464),#4467);
#4464 = B_SPLINE_CURVE_WITH_KNOTS('',1,(#4465,#4466),.UNSPECIFIED.,.F.,
  .F.,(2,2),(-3.0000006,5.999999999062E-07),.PIECEWISE_BEZIER_KNOTS.);
#4465 = CARTESIAN_POINT('',(-4.02338243987,-20.0000006));
#4466 = CARTESIAN_POINT('',(-4.02338243987,-16.9999994));
#4467 = ( GEOMETRIC_REPRESENTATION_CONTEXT(2) 
PARAMETRIC_REPRESENTATION_CONTEXT() REPRESENTATION_CONTEXT('2D SPACE',''
  ) );
#4468 = PCURVE('',#1908,#4469);
#4469 = DEFINITIONAL_REPRESENTATION('',(#4470),#4473);
#4470 = B_SPLINE_CURVE_WITH_KNOTS('',1,(#4471,#4472),.UNSPECIFIED.,.F.,
  .F.,(2,2),(-3.0000006,5.999999999062E-07),.PIECEWISE_BEZIER_KNOTS.);
#4471 = CARTESIAN_POINT('',(-2.488495010172,-3.0000006));
#4472 = CARTESIAN_POINT('',(-2.488495010172,5.999999999062E-07));
#4473 = ( GEOMETRIC_REPRESENTATION_CONTEXT(2) 
PARAMETRIC_REPRESENTATION_CONTEXT() REPRESENTATION_CONTEXT('2D SPACE',''
  ) );
#4474 = ORIENTED_EDGE('',*,*,#1920,.T.);
#4475 = ORIENTED_EDGE('',*,*,#4259,.T.);
#4476 = ADVANCED_FACE('',(#4477),#1846,.T.);
#4477 = FACE_BOUND('',#4478,.F.);
#4478 = EDGE_LOOP('',(#4479,#4503,#4522,#4523));
#4479 = ORIENTED_EDGE('',*,*,#4480,.F.);
#4480 = EDGE_CURVE('',#4481,#4183,#4483,.T.);
#4481 = VERTEX_POINT('',#4482);
#4482 = CARTESIAN_POINT('',(-15.1304721026,-19.77571272931,-3.));
#4483 = SURFACE_CURVE('',#4484,(#4489,#4496),.PCURVE_S1.);
#4484 = CIRCLE('',#4485,24.9);
#4485 = AXIS2_PLACEMENT_3D('',#4486,#4487,#4488);
#4486 = CARTESIAN_POINT('',(0.,0.,-3.));
#4487 = DIRECTION('',(0.,-0.,1.));
#4488 = DIRECTION('',(0.607649482032,0.794205330494,0.));
#4489 = PCURVE('',#1846,#4490);
#4490 = DEFINITIONAL_REPRESENTATION('',(#4491),#4495);
#4491 = LINE('',#4492,#4493);
#4492 = CARTESIAN_POINT('',(-0.917698683377,0.));
#4493 = VECTOR('',#4494,1.);
#4494 = DIRECTION('',(-1.,0.));
#4495 = ( GEOMETRIC_REPRESENTATION_CONTEXT(2) 
PARAMETRIC_REPRESENTATION_CONTEXT() REPRESENTATION_CONTEXT('2D SPACE',''
  ) );
#4496 = PCURVE('',#3582,#4497);
#4497 = DEFINITIONAL_REPRESENTATION('',(#4498),#4502);
#4498 = CIRCLE('',#4499,24.9);
#4499 = AXIS2_PLACEMENT_2D('',#4500,#4501);
#4500 = CARTESIAN_POINT('',(1.757352780774E-15,-1.619572327868E-15));
#4501 = DIRECTION('',(0.607649482032,0.794205330494));
#4502 = ( GEOMETRIC_REPRESENTATION_CONTEXT(2) 
PARAMETRIC_REPRESENTATION_CONTEXT() REPRESENTATION_CONTEXT('2D SPACE',''
  ) );
#4503 = ORIENTED_EDGE('',*,*,#4504,.F.);
#4504 = EDGE_CURVE('',#1830,#4481,#4505,.T.);
#4505 = SURFACE_CURVE('',#4506,(#4510,#4516),.PCURVE_S1.);
#4506 = LINE('',#4507,#4508);
#4507 = CARTESIAN_POINT('',(-15.1304721026,-19.77571272931,-3.));
#4508 = VECTOR('',#4509,1.);
#4509 = DIRECTION('',(-0.,-0.,-1.));
#4510 = PCURVE('',#1846,#4511);
#4511 = DEFINITIONAL_REPRESENTATION('',(#4512),#4515);
#4512 = B_SPLINE_CURVE_WITH_KNOTS('',1,(#4513,#4514),.UNSPECIFIED.,.F.,
  .F.,(2,2),(-3.0000006,5.999999999062E-07),.PIECEWISE_BEZIER_KNOTS.);
#4513 = CARTESIAN_POINT('',(-4.059291336966,-3.0000006));
#4514 = CARTESIAN_POINT('',(-4.059291336966,5.999999999062E-07));
#4515 = ( GEOMETRIC_REPRESENTATION_CONTEXT(2) 
PARAMETRIC_REPRESENTATION_CONTEXT() REPRESENTATION_CONTEXT('2D SPACE',''
  ) );
#4516 = PCURVE('',#1879,#4517);
#4517 = DEFINITIONAL_REPRESENTATION('',(#4518),#4521);
#4518 = B_SPLINE_CURVE_WITH_KNOTS('',1,(#4519,#4520),.UNSPECIFIED.,.F.,
  .F.,(2,2),(-3.0000006,5.999999999062E-07),.PIECEWISE_BEZIER_KNOTS.);
#4519 = CARTESIAN_POINT('',(-5.594178766665,-20.0000006));
#4520 = CARTESIAN_POINT('',(-5.594178766665,-16.9999994));
#4521 = ( GEOMETRIC_REPRESENTATION_CONTEXT(2) 
PARAMETRIC_REPRESENTATION_CONTEXT() REPRESENTATION_CONTEXT('2D SPACE',''
  ) );
#4522 = ORIENTED_EDGE('',*,*,#1829,.T.);
#4523 = ORIENTED_EDGE('',*,*,#4182,.T.);
#4524 = ADVANCED_FACE('',(#4525),#1908,.T.);
#4525 = FACE_BOUND('',#4526,.F.);
#4526 = EDGE_LOOP('',(#4527,#4551,#4552,#4553));
#4527 = ORIENTED_EDGE('',*,*,#4528,.F.);
#4528 = EDGE_CURVE('',#4429,#4529,#4531,.T.);
#4529 = VERTEX_POINT('',#4530);
#4530 = CARTESIAN_POINT('',(-19.77571272931,-15.1304721026,-3.));
#4531 = SURFACE_CURVE('',#4532,(#4537,#4544),.PCURVE_S1.);
#4532 = CIRCLE('',#4533,24.9);
#4533 = AXIS2_PLACEMENT_3D('',#4534,#4535,#4536);
#4534 = CARTESIAN_POINT('',(0.,0.,-3.));
#4535 = DIRECTION('',(0.,-0.,1.));
#4536 = DIRECTION('',(0.607649482032,0.794205330494,0.));
#4537 = PCURVE('',#1908,#4538);
#4538 = DEFINITIONAL_REPRESENTATION('',(#4539),#4543);
#4539 = LINE('',#4540,#4541);
#4540 = CARTESIAN_POINT('',(-0.917698683377,0.));
#4541 = VECTOR('',#4542,1.);
#4542 = DIRECTION('',(-1.,0.));
#4543 = ( GEOMETRIC_REPRESENTATION_CONTEXT(2) 
PARAMETRIC_REPRESENTATION_CONTEXT() REPRESENTATION_CONTEXT('2D SPACE',''
  ) );
#4544 = PCURVE('',#3582,#4545);
#4545 = DEFINITIONAL_REPRESENTATION('',(#4546),#4550);
#4546 = CIRCLE('',#4547,24.9);
#4547 = AXIS2_PLACEMENT_2D('',#4548,#4549);
#4548 = CARTESIAN_POINT('',(1.757352780774E-15,-1.619572327868E-15));
#4549 = DIRECTION('',(0.607649482032,0.794205330494));
#4550 = ( GEOMETRIC_REPRESENTATION_CONTEXT(2) 
PARAMETRIC_REPRESENTATION_CONTEXT() REPRESENTATION_CONTEXT('2D SPACE',''
  ) );
#4551 = ORIENTED_EDGE('',*,*,#4456,.F.);
#4552 = ORIENTED_EDGE('',*,*,#1891,.T.);
#4553 = ORIENTED_EDGE('',*,*,#4554,.T.);
#4554 = EDGE_CURVE('',#1859,#4529,#4555,.T.);
#4555 = SURFACE_CURVE('',#4556,(#4560,#4566),.PCURVE_S1.);
#4556 = LINE('',#4557,#4558);
#4557 = CARTESIAN_POINT('',(-19.77571272931,-15.1304721026,-3.));
#4558 = VECTOR('',#4559,1.);
#4559 = DIRECTION('',(-0.,-0.,-1.));
#4560 = PCURVE('',#1908,#4561);
#4561 = DEFINITIONAL_REPRESENTATION('',(#4562),#4565);
#4562 = B_SPLINE_CURVE_WITH_KNOTS('',1,(#4563,#4564),.UNSPECIFIED.,.F.,
  .F.,(2,2),(-3.0000006,5.999999999062E-07),.PIECEWISE_BEZIER_KNOTS.);
#4563 = CARTESIAN_POINT('',(-3.794690297008,-3.0000006));
#4564 = CARTESIAN_POINT('',(-3.794690297008,5.999999999062E-07));
#4565 = ( GEOMETRIC_REPRESENTATION_CONTEXT(2) 
PARAMETRIC_REPRESENTATION_CONTEXT() REPRESENTATION_CONTEXT('2D SPACE',''
  ) );
#4566 = PCURVE('',#1879,#4567);
#4567 = DEFINITIONAL_REPRESENTATION('',(#4568),#4571);
#4568 = B_SPLINE_CURVE_WITH_KNOTS('',1,(#4569,#4570),.UNSPECIFIED.,.F.,
  .F.,(2,2),(-3.0000006,5.999999999062E-07),.PIECEWISE_BEZIER_KNOTS.);
#4569 = CARTESIAN_POINT('',(-2.25980286731,-20.0000006));
#4570 = CARTESIAN_POINT('',(-2.25980286731,-16.9999994));
#4571 = ( GEOMETRIC_REPRESENTATION_CONTEXT(2) 
PARAMETRIC_REPRESENTATION_CONTEXT() REPRESENTATION_CONTEXT('2D SPACE',''
  ) );
#4572 = ADVANCED_FACE('',(#4573),#1879,.F.);
#4573 = FACE_BOUND('',#4574,.T.);
#4574 = EDGE_LOOP('',(#4575,#4603,#4626,#4654,#4673,#4674,#4695,#4721,
    #4722,#4748,#4749,#4750));
#4575 = ORIENTED_EDGE('',*,*,#4576,.T.);
#4576 = EDGE_CURVE('',#4529,#4577,#4579,.T.);
#4577 = VERTEX_POINT('',#4578);
#4578 = CARTESIAN_POINT('',(-14.37766952966,-17.67766952966,-3.));
#4579 = SURFACE_CURVE('',#4580,(#4585,#4592),.PCURVE_S1.);
#4580 = CIRCLE('',#4581,3.3);
#4581 = AXIS2_PLACEMENT_3D('',#4582,#4583,#4584);
#4582 = CARTESIAN_POINT('',(-17.67766952966,-17.67766952966,-3.));
#4583 = DIRECTION('',(0.,0.,-1.));
#4584 = DIRECTION('',(1.,0.,0.));
#4585 = PCURVE('',#1879,#4586);
#4586 = DEFINITIONAL_REPRESENTATION('',(#4587),#4591);
#4587 = LINE('',#4588,#4589);
#4588 = CARTESIAN_POINT('',(-6.28318530718,-17.));
#4589 = VECTOR('',#4590,1.);
#4590 = DIRECTION('',(1.,-0.));
#4591 = ( GEOMETRIC_REPRESENTATION_CONTEXT(2) 
PARAMETRIC_REPRESENTATION_CONTEXT() REPRESENTATION_CONTEXT('2D SPACE',''
  ) );
#4592 = PCURVE('',#3582,#4593);
#4593 = DEFINITIONAL_REPRESENTATION('',(#4594),#4602);
#4594 = ( BOUNDED_CURVE() B_SPLINE_CURVE(2,(#4595,#4596,#4597,#4598,
#4599,#4600,#4601),.UNSPECIFIED.,.T.,.F.) B_SPLINE_CURVE_WITH_KNOTS((1,2
    ,2,2,2,1),(-2.094395102393,0.,2.094395102393,4.188790204786,
6.28318530718,8.377580409573),.UNSPECIFIED.) CURVE() 
GEOMETRIC_REPRESENTATION_ITEM() RATIONAL_B_SPLINE_CURVE((1.,0.5,1.,0.5,
1.,0.5,1.)) REPRESENTATION_ITEM('') );
#4595 = CARTESIAN_POINT('',(-14.37766952966,-17.67766952966));
#4596 = CARTESIAN_POINT('',(-14.37766952966,-23.39343719464));
#4597 = CARTESIAN_POINT('',(-19.32766952966,-20.53555336215));
#4598 = CARTESIAN_POINT('',(-24.27766952966,-17.67766952966));
#4599 = CARTESIAN_POINT('',(-19.32766952966,-14.81978569717));
#4600 = CARTESIAN_POINT('',(-14.37766952966,-11.96190186468));
#4601 = CARTESIAN_POINT('',(-14.37766952966,-17.67766952966));
#4602 = ( GEOMETRIC_REPRESENTATION_CONTEXT(2) 
PARAMETRIC_REPRESENTATION_CONTEXT() REPRESENTATION_CONTEXT('2D SPACE',''
  ) );
#4603 = ORIENTED_EDGE('',*,*,#4604,.T.);
#4604 = EDGE_CURVE('',#4577,#4605,#4607,.T.);
#4605 = VERTEX_POINT('',#4606);
#4606 = CARTESIAN_POINT('',(-14.37766952966,-17.67766952966,2.));
#4607 = SEAM_CURVE('',#4608,(#4612,#4619),.PCURVE_S1.);
#4608 = LINE('',#4609,#4610);
#4609 = CARTESIAN_POINT('',(-14.37766952966,-17.67766952966,-20.));
#4610 = VECTOR('',#4611,1.);
#4611 = DIRECTION('',(0.,0.,1.));
#4612 = PCURVE('',#1879,#4613);
#4613 = DEFINITIONAL_REPRESENTATION('',(#4614),#4618);
#4614 = LINE('',#4615,#4616);
#4615 = CARTESIAN_POINT('',(-6.28318530718,0.));
#4616 = VECTOR('',#4617,1.);
#4617 = DIRECTION('',(-0.,-1.));
#4618 = ( GEOMETRIC_REPRESENTATION_CONTEXT(2) 
PARAMETRIC_REPRESENTATION_CONTEXT() REPRESENTATION_CONTEXT('2D SPACE',''
  ) );
#4619 = PCURVE('',#1879,#4620);
#4620 = DEFINITIONAL_REPRESENTATION('',(#4621),#4625);
#4621 = LINE('',#4622,#4623);
#4622 = CARTESIAN_POINT('',(-0.,0.));
#4623 = VECTOR('',#4624,1.);
#4624 = DIRECTION('',(-0.,-1.));
#4625 = ( GEOMETRIC_REPRESENTATION_CONTEXT(2) 
PARAMETRIC_REPRESENTATION_CONTEXT() REPRESENTATION_CONTEXT('2D SPACE',''
  ) );
#4626 = ORIENTED_EDGE('',*,*,#4627,.F.);
#4627 = EDGE_CURVE('',#4628,#4605,#4630,.T.);
#4628 = VERTEX_POINT('',#4629);
#4629 = CARTESIAN_POINT('',(-19.92648399499,-15.2625435494,2.));
#4630 = SURFACE_CURVE('',#4631,(#4636,#4643),.PCURVE_S1.);
#4631 = CIRCLE('',#4632,3.3);
#4632 = AXIS2_PLACEMENT_3D('',#4633,#4634,#4635);
#4633 = CARTESIAN_POINT('',(-17.67766952966,-17.67766952966,2.));
#4634 = DIRECTION('',(0.,0.,-1.));
#4635 = DIRECTION('',(1.,0.,0.));
#4636 = PCURVE('',#1879,#4637);
#4637 = DEFINITIONAL_REPRESENTATION('',(#4638),#4642);
#4638 = LINE('',#4639,#4640);
#4639 = CARTESIAN_POINT('',(-6.28318530718,-22.));
#4640 = VECTOR('',#4641,1.);
#4641 = DIRECTION('',(1.,-0.));
#4642 = ( GEOMETRIC_REPRESENTATION_CONTEXT(2) 
PARAMETRIC_REPRESENTATION_CONTEXT() REPRESENTATION_CONTEXT('2D SPACE',''
  ) );
#4643 = PCURVE('',#3697,#4644);
#4644 = DEFINITIONAL_REPRESENTATION('',(#4645),#4653);
#4645 = ( BOUNDED_CURVE() B_SPLINE_CURVE(2,(#4646,#4647,#4648,#4649,
#4650,#4651,#4652),.UNSPECIFIED.,.T.,.F.) B_SPLINE_CURVE_WITH_KNOTS((1,2
    ,2,2,2,1),(-2.094395102393,0.,2.094395102393,4.188790204786,
6.28318530718,8.377580409573),.UNSPECIFIED.) CURVE() 
GEOMETRIC_REPRESENTATION_ITEM() RATIONAL_B_SPLINE_CURVE((1.,0.5,1.,0.5,
1.,0.5,1.)) REPRESENTATION_ITEM('') );
#4646 = CARTESIAN_POINT('',(-14.37766952966,-17.67766952966));
#4647 = CARTESIAN_POINT('',(-14.37766952966,-23.39343719464));
#4648 = CARTESIAN_POINT('',(-19.32766952966,-20.53555336215));
#4649 = CARTESIAN_POINT('',(-24.27766952966,-17.67766952966));
#4650 = CARTESIAN_POINT('',(-19.32766952966,-14.81978569717));
#4651 = CARTESIAN_POINT('',(-14.37766952966,-11.96190186468));
#4652 = CARTESIAN_POINT('',(-14.37766952966,-17.67766952966));
#4653 = ( GEOMETRIC_REPRESENTATION_CONTEXT(2) 
PARAMETRIC_REPRESENTATION_CONTEXT() REPRESENTATION_CONTEXT('2D SPACE',''
  ) );
#4654 = ORIENTED_EDGE('',*,*,#4655,.F.);
#4655 = EDGE_CURVE('',#2855,#4628,#4656,.T.);
#4656 = SURFACE_CURVE('',#4657,(#4661,#4667),.PCURVE_S1.);
#4657 = LINE('',#4658,#4659);
#4658 = CARTESIAN_POINT('',(-19.92648399499,-15.2625435494,2.));
#4659 = VECTOR('',#4660,1.);
#4660 = DIRECTION('',(-0.,-0.,-1.));
#4661 = PCURVE('',#1879,#4662);
#4662 = DEFINITIONAL_REPRESENTATION('',(#4663),#4666);
#4663 = B_SPLINE_CURVE_WITH_KNOTS('',1,(#4664,#4665),.UNSPECIFIED.,.F.,
  .F.,(2,2),(-4.0000006,5.999999999062E-07),.PIECEWISE_BEZIER_KNOTS.);
#4664 = CARTESIAN_POINT('',(-2.320550579506,-26.0000006));
#4665 = CARTESIAN_POINT('',(-2.320550579506,-21.9999994));
#4666 = ( GEOMETRIC_REPRESENTATION_CONTEXT(2) 
PARAMETRIC_REPRESENTATION_CONTEXT() REPRESENTATION_CONTEXT('2D SPACE',''
  ) );
#4667 = PCURVE('',#2901,#4668);
#4668 = DEFINITIONAL_REPRESENTATION('',(#4669),#4672);
#4669 = B_SPLINE_CURVE_WITH_KNOTS('',1,(#4670,#4671),.UNSPECIFIED.,.F.,
  .F.,(2,2),(-4.0000006,5.999999999062E-07),.PIECEWISE_BEZIER_KNOTS.);
#4670 = CARTESIAN_POINT('',(-3.795219211995,-4.0000006));
#4671 = CARTESIAN_POINT('',(-3.795219211995,5.999999999062E-07));
#4672 = ( GEOMETRIC_REPRESENTATION_CONTEXT(2) 
PARAMETRIC_REPRESENTATION_CONTEXT() REPRESENTATION_CONTEXT('2D SPACE',''
  ) );
#4673 = ORIENTED_EDGE('',*,*,#2854,.F.);
#4674 = ORIENTED_EDGE('',*,*,#4675,.T.);
#4675 = EDGE_CURVE('',#2822,#4676,#4678,.T.);
#4676 = VERTEX_POINT('',#4677);
#4677 = CARTESIAN_POINT('',(-15.2625435494,-19.92648399499,2.));
#4678 = SURFACE_CURVE('',#4679,(#4683,#4689),.PCURVE_S1.);
#4679 = LINE('',#4680,#4681);
#4680 = CARTESIAN_POINT('',(-15.2625435494,-19.92648399499,2.));
#4681 = VECTOR('',#4682,1.);
#4682 = DIRECTION('',(-0.,-0.,-1.));
#4683 = PCURVE('',#1879,#4684);
#4684 = DEFINITIONAL_REPRESENTATION('',(#4685),#4688);
#4685 = B_SPLINE_CURVE_WITH_KNOTS('',1,(#4686,#4687),.UNSPECIFIED.,.F.,
  .F.,(2,2),(-4.0000006,5.999999999062E-07),.PIECEWISE_BEZIER_KNOTS.);
#4686 = CARTESIAN_POINT('',(-5.533431054468,-26.0000006));
#4687 = CARTESIAN_POINT('',(-5.533431054468,-21.9999994));
#4688 = ( GEOMETRIC_REPRESENTATION_CONTEXT(2) 
PARAMETRIC_REPRESENTATION_CONTEXT() REPRESENTATION_CONTEXT('2D SPACE',''
  ) );
#4689 = PCURVE('',#2842,#4690);
#4690 = DEFINITIONAL_REPRESENTATION('',(#4691),#4694);
#4691 = B_SPLINE_CURVE_WITH_KNOTS('',1,(#4692,#4693),.UNSPECIFIED.,.F.,
  .F.,(2,2),(-4.0000006,5.999999999062E-07),.PIECEWISE_BEZIER_KNOTS.);
#4692 = CARTESIAN_POINT('',(-4.058762421979,-4.0000006));
#4693 = CARTESIAN_POINT('',(-4.058762421979,5.999999999062E-07));
#4694 = ( GEOMETRIC_REPRESENTATION_CONTEXT(2) 
PARAMETRIC_REPRESENTATION_CONTEXT() REPRESENTATION_CONTEXT('2D SPACE',''
  ) );
#4695 = ORIENTED_EDGE('',*,*,#4696,.F.);
#4696 = EDGE_CURVE('',#4605,#4676,#4697,.T.);
#4697 = SURFACE_CURVE('',#4698,(#4703,#4710),.PCURVE_S1.);
#4698 = CIRCLE('',#4699,3.3);
#4699 = AXIS2_PLACEMENT_3D('',#4700,#4701,#4702);
#4700 = CARTESIAN_POINT('',(-17.67766952966,-17.67766952966,2.));
#4701 = DIRECTION('',(0.,0.,-1.));
#4702 = DIRECTION('',(1.,0.,0.));
#4703 = PCURVE('',#1879,#4704);
#4704 = DEFINITIONAL_REPRESENTATION('',(#4705),#4709);
#4705 = LINE('',#4706,#4707);
#4706 = CARTESIAN_POINT('',(-6.28318530718,-22.));
#4707 = VECTOR('',#4708,1.);
#4708 = DIRECTION('',(1.,-0.));
#4709 = ( GEOMETRIC_REPRESENTATION_CONTEXT(2) 
PARAMETRIC_REPRESENTATION_CONTEXT() REPRESENTATION_CONTEXT('2D SPACE',''
  ) );
#4710 = PCURVE('',#3697,#4711);
#4711 = DEFINITIONAL_REPRESENTATION('',(#4712),#4720);
#4712 = ( BOUNDED_CURVE() B_SPLINE_CURVE(2,(#4713,#4714,#4715,#4716,
#4717,#4718,#4719),.UNSPECIFIED.,.T.,.F.) B_SPLINE_CURVE_WITH_KNOTS((1,2
    ,2,2,2,1),(-2.094395102393,0.,2.094395102393,4.188790204786,
6.28318530718,8.377580409573),.UNSPECIFIED.) CURVE() 
GEOMETRIC_REPRESENTATION_ITEM() RATIONAL_B_SPLINE_CURVE((1.,0.5,1.,0.5,
1.,0.5,1.)) REPRESENTATION_ITEM('') );
#4713 = CARTESIAN_POINT('',(-14.37766952966,-17.67766952966));
#4714 = CARTESIAN_POINT('',(-14.37766952966,-23.39343719464));
#4715 = CARTESIAN_POINT('',(-19.32766952966,-20.53555336215));
#4716 = CARTESIAN_POINT('',(-24.27766952966,-17.67766952966));
#4717 = CARTESIAN_POINT('',(-19.32766952966,-14.81978569717));
#4718 = CARTESIAN_POINT('',(-14.37766952966,-11.96190186468));
#4719 = CARTESIAN_POINT('',(-14.37766952966,-17.67766952966));
#4720 = ( GEOMETRIC_REPRESENTATION_CONTEXT(2) 
PARAMETRIC_REPRESENTATION_CONTEXT() REPRESENTATION_CONTEXT('2D SPACE',''
  ) );
#4721 = ORIENTED_EDGE('',*,*,#4604,.F.);
#4722 = ORIENTED_EDGE('',*,*,#4723,.T.);
#4723 = EDGE_CURVE('',#4577,#4481,#4724,.T.);
#4724 = SURFACE_CURVE('',#4725,(#4730,#4737),.PCURVE_S1.);
#4725 = CIRCLE('',#4726,3.3);
#4726 = AXIS2_PLACEMENT_3D('',#4727,#4728,#4729);
#4727 = CARTESIAN_POINT('',(-17.67766952966,-17.67766952966,-3.));
#4728 = DIRECTION('',(0.,0.,-1.));
#4729 = DIRECTION('',(1.,0.,0.));
#4730 = PCURVE('',#1879,#4731);
#4731 = DEFINITIONAL_REPRESENTATION('',(#4732),#4736);
#4732 = LINE('',#4733,#4734);
#4733 = CARTESIAN_POINT('',(-6.28318530718,-17.));
#4734 = VECTOR('',#4735,1.);
#4735 = DIRECTION('',(1.,-0.));
#4736 = ( GEOMETRIC_REPRESENTATION_CONTEXT(2) 
PARAMETRIC_REPRESENTATION_CONTEXT() REPRESENTATION_CONTEXT('2D SPACE',''
  ) );
#4737 = PCURVE('',#3582,#4738);
#4738 = DEFINITIONAL_REPRESENTATION('',(#4739),#4747);
#4739 = ( BOUNDED_CURVE() B_SPLINE_CURVE(2,(#4740,#4741,#4742,#4743,
#4744,#4745,#4746),.UNSPECIFIED.,.T.,.F.) B_SPLINE_CURVE_WITH_KNOTS((1,2
    ,2,2,2,1),(-2.094395102393,0.,2.094395102393,4.188790204786,
6.28318530718,8.377580409573),.UNSPECIFIED.) CURVE() 
GEOMETRIC_REPRESENTATION_ITEM() RATIONAL_B_SPLINE_CURVE((1.,0.5,1.,0.5,
1.,0.5,1.)) REPRESENTATION_ITEM('') );
#4740 = CARTESIAN_POINT('',(-14.37766952966,-17.67766952966));
#4741 = CARTESIAN_POINT('',(-14.37766952966,-23.39343719464));
#4742 = CARTESIAN_POINT('',(-19.32766952966,-20.53555336215));
#4743 = CARTESIAN_POINT('',(-24.27766952966,-17.67766952966));
#4744 = CARTESIAN_POINT('',(-19.32766952966,-14.81978569717));
#4745 = CARTESIAN_POINT('',(-14.37766952966,-11.96190186468));
#4746 = CARTESIAN_POINT('',(-14.37766952966,-17.67766952966));
#4747 = ( GEOMETRIC_REPRESENTATION_CONTEXT(2) 
PARAMETRIC_REPRESENTATION_CONTEXT() REPRESENTATION_CONTEXT('2D SPACE',''
  ) );
#4748 = ORIENTED_EDGE('',*,*,#4504,.F.);
#4749 = ORIENTED_EDGE('',*,*,#1858,.T.);
#4750 = ORIENTED_EDGE('',*,*,#4554,.T.);
#4751 = ADVANCED_FACE('',(#4752),#2088,.F.);
#4752 = FACE_BOUND('',#4753,.T.);
#4753 = EDGE_LOOP('',(#4754,#4755,#4776,#4777));
#4754 = ORIENTED_EDGE('',*,*,#2067,.T.);
#4755 = ORIENTED_EDGE('',*,*,#4756,.T.);
#4756 = EDGE_CURVE('',#2068,#2916,#4757,.T.);
#4757 = SEAM_CURVE('',#4758,(#4762,#4769),.PCURVE_S1.);
#4758 = LINE('',#4759,#4760);
#4759 = CARTESIAN_POINT('',(44.5,0.,-20.));
#4760 = VECTOR('',#4761,1.);
#4761 = DIRECTION('',(0.,0.,1.));
#4762 = PCURVE('',#2088,#4763);
#4763 = DEFINITIONAL_REPRESENTATION('',(#4764),#4768);
#4764 = LINE('',#4765,#4766);
#4765 = CARTESIAN_POINT('',(-6.28318530718,0.));
#4766 = VECTOR('',#4767,1.);
#4767 = DIRECTION('',(-0.,-1.));
#4768 = ( GEOMETRIC_REPRESENTATION_CONTEXT(2) 
PARAMETRIC_REPRESENTATION_CONTEXT() REPRESENTATION_CONTEXT('2D SPACE',''
  ) );
#4769 = PCURVE('',#2088,#4770);
#4770 = DEFINITIONAL_REPRESENTATION('',(#4771),#4775);
#4771 = LINE('',#4772,#4773);
#4772 = CARTESIAN_POINT('',(-0.,0.));
#4773 = VECTOR('',#4774,1.);
#4774 = DIRECTION('',(-0.,-1.));
#4775 = ( GEOMETRIC_REPRESENTATION_CONTEXT(2) 
PARAMETRIC_REPRESENTATION_CONTEXT() REPRESENTATION_CONTEXT('2D SPACE',''
  ) );
#4776 = ORIENTED_EDGE('',*,*,#2915,.F.);
#4777 = ORIENTED_EDGE('',*,*,#4756,.F.);
#4778 = ADVANCED_FACE('',(#4779),#2123,.F.);
#4779 = FACE_BOUND('',#4780,.T.);
#4780 = EDGE_LOOP('',(#4781,#4782,#4803,#4804));
#4781 = ORIENTED_EDGE('',*,*,#2102,.T.);
#4782 = ORIENTED_EDGE('',*,*,#4783,.T.);
#4783 = EDGE_CURVE('',#2103,#2946,#4784,.T.);
#4784 = SEAM_CURVE('',#4785,(#4789,#4796),.PCURVE_S1.);
#4785 = LINE('',#4786,#4787);
#4786 = CARTESIAN_POINT('',(-15.5,34.641016151378,-20.));
#4787 = VECTOR('',#4788,1.);
#4788 = DIRECTION('',(0.,0.,1.));
#4789 = PCURVE('',#2123,#4790);
#4790 = DEFINITIONAL_REPRESENTATION('',(#4791),#4795);
#4791 = LINE('',#4792,#4793);
#4792 = CARTESIAN_POINT('',(-6.28318530718,0.));
#4793 = VECTOR('',#4794,1.);
#4794 = DIRECTION('',(-0.,-1.));
#4795 = ( GEOMETRIC_REPRESENTATION_CONTEXT(2) 
PARAMETRIC_REPRESENTATION_CONTEXT() REPRESENTATION_CONTEXT('2D SPACE',''
  ) );
#4796 = PCURVE('',#2123,#4797);
#4797 = DEFINITIONAL_REPRESENTATION('',(#4798),#4802);
#4798 = LINE('',#4799,#4800);
#4799 = CARTESIAN_POINT('',(-0.,0.));
#4800 = VECTOR('',#4801,1.);
#4801 = DIRECTION('',(-0.,-1.));
#4802 = ( GEOMETRIC_REPRESENTATION_CONTEXT(2) 
PARAMETRIC_REPRESENTATION_CONTEXT() REPRESENTATION_CONTEXT('2D SPACE',''
  ) );
#4803 = ORIENTED_EDGE('',*,*,#2945,.F.);
#4804 = ORIENTED_EDGE('',*,*,#4783,.F.);
#4805 = ADVANCED_FACE('',(#4806),#2158,.F.);
#4806 = FACE_BOUND('',#4807,.T.);
#4807 = EDGE_LOOP('',(#4808,#4809,#4830,#4831));
#4808 = ORIENTED_EDGE('',*,*,#2137,.T.);
#4809 = ORIENTED_EDGE('',*,*,#4810,.T.);
#4810 = EDGE_CURVE('',#2138,#2976,#4811,.T.);
#4811 = SEAM_CURVE('',#4812,(#4816,#4823),.PCURVE_S1.);
#4812 = LINE('',#4813,#4814);
#4813 = CARTESIAN_POINT('',(24.5,34.641016151378,-20.));
#4814 = VECTOR('',#4815,1.);
#4815 = DIRECTION('',(0.,0.,1.));
#4816 = PCURVE('',#2158,#4817);
#4817 = DEFINITIONAL_REPRESENTATION('',(#4818),#4822);
#4818 = LINE('',#4819,#4820);
#4819 = CARTESIAN_POINT('',(-6.28318530718,0.));
#4820 = VECTOR('',#4821,1.);
#4821 = DIRECTION('',(-0.,-1.));
#4822 = ( GEOMETRIC_REPRESENTATION_CONTEXT(2) 
PARAMETRIC_REPRESENTATION_CONTEXT() REPRESENTATION_CONTEXT('2D SPACE',''
  ) );
#4823 = PCURVE('',#2158,#4824);
#4824 = DEFINITIONAL_REPRESENTATION('',(#4825),#4829);
#4825 = LINE('',#4826,#4827);
#4826 = CARTESIAN_POINT('',(-0.,0.));
#4827 = VECTOR('',#4828,1.);
#4828 = DIRECTION('',(-0.,-1.));
#4829 = ( GEOMETRIC_REPRESENTATION_CONTEXT(2) 
PARAMETRIC_REPRESENTATION_CONTEXT() REPRESENTATION_CONTEXT('2D SPACE',''
  ) );
#4830 = ORIENTED_EDGE('',*,*,#2975,.F.);
#4831 = ORIENTED_EDGE('',*,*,#4810,.F.);
#4832 = ADVANCED_FACE('',(#4833),#2189,.F.);
#4833 = FACE_BOUND('',#4834,.F.);
#4834 = EDGE_LOOP('',(#4835,#4836,#4857,#4858));
#4835 = ORIENTED_EDGE('',*,*,#2172,.T.);
#4836 = ORIENTED_EDGE('',*,*,#4837,.T.);
#4837 = EDGE_CURVE('',#2175,#3008,#4838,.T.);
#4838 = SURFACE_CURVE('',#4839,(#4843,#4850),.PCURVE_S1.);
#4839 = LINE('',#4840,#4841);
#4840 = CARTESIAN_POINT('',(-4.1,38.6,-20.));
#4841 = VECTOR('',#4842,1.);
#4842 = DIRECTION('',(0.,0.,1.));
#4843 = PCURVE('',#2189,#4844);
#4844 = DEFINITIONAL_REPRESENTATION('',(#4845),#4849);
#4845 = LINE('',#4846,#4847);
#4846 = CARTESIAN_POINT('',(0.,0.));
#4847 = VECTOR('',#4848,1.);
#4848 = DIRECTION('',(0.,-1.));
#4849 = ( GEOMETRIC_REPRESENTATION_CONTEXT(2) 
PARAMETRIC_REPRESENTATION_CONTEXT() REPRESENTATION_CONTEXT('2D SPACE',''
  ) );
#4850 = PCURVE('',#2278,#4851);
#4851 = DEFINITIONAL_REPRESENTATION('',(#4852),#4856);
#4852 = LINE('',#4853,#4854);
#4853 = CARTESIAN_POINT('',(3.14159265359,0.));
#4854 = VECTOR('',#4855,1.);
#4855 = DIRECTION('',(0.,-1.));
#4856 = ( GEOMETRIC_REPRESENTATION_CONTEXT(2) 
PARAMETRIC_REPRESENTATION_CONTEXT() REPRESENTATION_CONTEXT('2D SPACE',''
  ) );
#4857 = ORIENTED_EDGE('',*,*,#3005,.F.);
#4858 = ORIENTED_EDGE('',*,*,#4859,.F.);
#4859 = EDGE_CURVE('',#2173,#3006,#4860,.T.);
#4860 = SURFACE_CURVE('',#4861,(#4865,#4872),.PCURVE_S1.);
#4861 = LINE('',#4862,#4863);
#4862 = CARTESIAN_POINT('',(-4.1,41.4,-20.));
#4863 = VECTOR('',#4864,1.);
#4864 = DIRECTION('',(0.,0.,1.));
#4865 = PCURVE('',#2189,#4866);
#4866 = DEFINITIONAL_REPRESENTATION('',(#4867),#4871);
#4867 = LINE('',#4868,#4869);
#4868 = CARTESIAN_POINT('',(2.8,0.));
#4869 = VECTOR('',#4870,1.);
#4870 = DIRECTION('',(0.,-1.));
#4871 = ( GEOMETRIC_REPRESENTATION_CONTEXT(2) 
PARAMETRIC_REPRESENTATION_CONTEXT() REPRESENTATION_CONTEXT('2D SPACE',''
  ) );
#4872 = PCURVE('',#2221,#4873);
#4873 = DEFINITIONAL_REPRESENTATION('',(#4874),#4878);
#4874 = LINE('',#4875,#4876);
#4875 = CARTESIAN_POINT('',(0.,0.));
#4876 = VECTOR('',#4877,1.);
#4877 = DIRECTION('',(0.,-1.));
#4878 = ( GEOMETRIC_REPRESENTATION_CONTEXT(2) 
PARAMETRIC_REPRESENTATION_CONTEXT() REPRESENTATION_CONTEXT('2D SPACE',''
  ) );
#4879 = ADVANCED_FACE('',(#4880),#2278,.F.);
#4880 = FACE_BOUND('',#4881,.F.);
#4881 = EDGE_LOOP('',(#4882,#4883,#4904,#4905));
#4882 = ORIENTED_EDGE('',*,*,#2259,.F.);
#4883 = ORIENTED_EDGE('',*,*,#4884,.T.);
#4884 = EDGE_CURVE('',#2234,#3057,#4885,.T.);
#4885 = SURFACE_CURVE('',#4886,(#4890,#4897),.PCURVE_S1.);
#4886 = LINE('',#4887,#4888);
#4887 = CARTESIAN_POINT('',(4.1,38.6,-20.));
#4888 = VECTOR('',#4889,1.);
#4889 = DIRECTION('',(0.,0.,1.));
#4890 = PCURVE('',#2278,#4891);
#4891 = DEFINITIONAL_REPRESENTATION('',(#4892),#4896);
#4892 = LINE('',#4893,#4894);
#4893 = CARTESIAN_POINT('',(0.,0.));
#4894 = VECTOR('',#4895,1.);
#4895 = DIRECTION('',(0.,-1.));
#4896 = ( GEOMETRIC_REPRESENTATION_CONTEXT(2) 
PARAMETRIC_REPRESENTATION_CONTEXT() REPRESENTATION_CONTEXT('2D SPACE',''
  ) );
#4897 = PCURVE('',#2248,#4898);
#4898 = DEFINITIONAL_REPRESENTATION('',(#4899),#4903);
#4899 = LINE('',#4900,#4901);
#4900 = CARTESIAN_POINT('',(2.8,0.));
#4901 = VECTOR('',#4902,1.);
#4902 = DIRECTION('',(0.,-1.));
#4903 = ( GEOMETRIC_REPRESENTATION_CONTEXT(2) 
PARAMETRIC_REPRESENTATION_CONTEXT() REPRESENTATION_CONTEXT('2D SPACE',''
  ) );
#4904 = ORIENTED_EDGE('',*,*,#3077,.T.);
#4905 = ORIENTED_EDGE('',*,*,#4837,.F.);
#4906 = ADVANCED_FACE('',(#4907),#2248,.F.);
#4907 = FACE_BOUND('',#4908,.F.);
#4908 = EDGE_LOOP('',(#4909,#4910,#4931,#4932));
#4909 = ORIENTED_EDGE('',*,*,#2233,.T.);
#4910 = ORIENTED_EDGE('',*,*,#4911,.T.);
#4911 = EDGE_CURVE('',#2201,#3029,#4912,.T.);
#4912 = SURFACE_CURVE('',#4913,(#4917,#4924),.PCURVE_S1.);
#4913 = LINE('',#4914,#4915);
#4914 = CARTESIAN_POINT('',(4.1,41.4,-20.));
#4915 = VECTOR('',#4916,1.);
#4916 = DIRECTION('',(0.,0.,1.));
#4917 = PCURVE('',#2248,#4918);
#4918 = DEFINITIONAL_REPRESENTATION('',(#4919),#4923);
#4919 = LINE('',#4920,#4921);
#4920 = CARTESIAN_POINT('',(0.,0.));
#4921 = VECTOR('',#4922,1.);
#4922 = DIRECTION('',(0.,-1.));
#4923 = ( GEOMETRIC_REPRESENTATION_CONTEXT(2) 
PARAMETRIC_REPRESENTATION_CONTEXT() REPRESENTATION_CONTEXT('2D SPACE',''
  ) );
#4924 = PCURVE('',#2221,#4925);
#4925 = DEFINITIONAL_REPRESENTATION('',(#4926),#4930);
#4926 = LINE('',#4927,#4928);
#4927 = CARTESIAN_POINT('',(3.14159265359,0.));
#4928 = VECTOR('',#4929,1.);
#4929 = DIRECTION('',(0.,-1.));
#4930 = ( GEOMETRIC_REPRESENTATION_CONTEXT(2) 
PARAMETRIC_REPRESENTATION_CONTEXT() REPRESENTATION_CONTEXT('2D SPACE',''
  ) );
#4931 = ORIENTED_EDGE('',*,*,#3056,.F.);
#4932 = ORIENTED_EDGE('',*,*,#4884,.F.);
#4933 = ADVANCED_FACE('',(#4934),#2221,.F.);
#4934 = FACE_BOUND('',#4935,.F.);
#4935 = EDGE_LOOP('',(#4936,#4937,#4938,#4939));
#4936 = ORIENTED_EDGE('',*,*,#2200,.F.);
#4937 = ORIENTED_EDGE('',*,*,#4859,.T.);
#4938 = ORIENTED_EDGE('',*,*,#3028,.T.);
#4939 = ORIENTED_EDGE('',*,*,#4911,.F.);
#4940 = ADVANCED_FACE('',(#4941),#2333,.T.);
#4941 = FACE_BOUND('',#4942,.T.);
#4942 = EDGE_LOOP('',(#4943,#4944,#4965,#4966));
#4943 = ORIENTED_EDGE('',*,*,#3341,.T.);
#4944 = ORIENTED_EDGE('',*,*,#4945,.T.);
#4945 = EDGE_CURVE('',#3342,#3107,#4946,.T.);
#4946 = SURFACE_CURVE('',#4947,(#4951,#4958),.PCURVE_S1.);
#4947 = LINE('',#4948,#4949);
#4948 = CARTESIAN_POINT('',(26.162950903902,57.27564927611,-19.05));
#4949 = VECTOR('',#4950,1.);
#4950 = DIRECTION('',(-0.707106781187,-0.707106781187,0.));
#4951 = PCURVE('',#2333,#4952);
#4952 = DEFINITIONAL_REPRESENTATION('',(#4953),#4957);
#4953 = LINE('',#4954,#4955);
#4954 = CARTESIAN_POINT('',(1.570796326795,0.));
#4955 = VECTOR('',#4956,1.);
#4956 = DIRECTION('',(0.,1.));
#4957 = ( GEOMETRIC_REPRESENTATION_CONTEXT(2) 
PARAMETRIC_REPRESENTATION_CONTEXT() REPRESENTATION_CONTEXT('2D SPACE',''
  ) );
#4958 = PCURVE('',#3175,#4959);
#4959 = DEFINITIONAL_REPRESENTATION('',(#4960),#4964);
#4960 = LINE('',#4961,#4962);
#4961 = CARTESIAN_POINT('',(3.,22.));
#4962 = VECTOR('',#4963,1.);
#4963 = DIRECTION('',(-1.,-1.014653635757E-17));
#4964 = ( GEOMETRIC_REPRESENTATION_CONTEXT(2) 
PARAMETRIC_REPRESENTATION_CONTEXT() REPRESENTATION_CONTEXT('2D SPACE',''
  ) );
#4965 = ORIENTED_EDGE('',*,*,#3106,.F.);
#4966 = ORIENTED_EDGE('',*,*,#2317,.F.);
#4967 = ADVANCED_FACE('',(#4968),#2901,.F.);
#4968 = FACE_BOUND('',#4969,.T.);
#4969 = EDGE_LOOP('',(#4970,#4971,#4972,#4998));
#4970 = ORIENTED_EDGE('',*,*,#2882,.F.);
#4971 = ORIENTED_EDGE('',*,*,#4655,.T.);
#4972 = ORIENTED_EDGE('',*,*,#4973,.T.);
#4973 = EDGE_CURVE('',#4628,#4381,#4974,.T.);
#4974 = SURFACE_CURVE('',#4975,(#4980,#4987),.PCURVE_S1.);
#4975 = CIRCLE('',#4976,25.1);
#4976 = AXIS2_PLACEMENT_3D('',#4977,#4978,#4979);
#4977 = CARTESIAN_POINT('',(0.,0.,2.));
#4978 = DIRECTION('',(0.,0.,-1.));
#4979 = DIRECTION('',(0.793883824502,0.60806946412,0.));
#4980 = PCURVE('',#2901,#4981);
#4981 = DEFINITIONAL_REPRESENTATION('',(#4982),#4986);
#4982 = LINE('',#4983,#4984);
#4983 = CARTESIAN_POINT('',(-6.936811865585,0.));
#4984 = VECTOR('',#4985,1.);
#4985 = DIRECTION('',(1.,-0.));
#4986 = ( GEOMETRIC_REPRESENTATION_CONTEXT(2) 
PARAMETRIC_REPRESENTATION_CONTEXT() REPRESENTATION_CONTEXT('2D SPACE',''
  ) );
#4987 = PCURVE('',#3697,#4988);
#4988 = DEFINITIONAL_REPRESENTATION('',(#4989),#4997);
#4989 = ( BOUNDED_CURVE() B_SPLINE_CURVE(2,(#4990,#4991,#4992,#4993,
#4994,#4995,#4996),.UNSPECIFIED.,.T.,.F.) B_SPLINE_CURVE_WITH_KNOTS((1,2
    ,2,2,2,1),(-2.094395102393,0.,2.094395102393,4.188790204786,
6.28318530718,8.377580409573),.UNSPECIFIED.) CURVE() 
GEOMETRIC_REPRESENTATION_ITEM() RATIONAL_B_SPLINE_CURVE((1.,0.5,1.,0.5,
1.,0.5,1.)) REPRESENTATION_ITEM('') );
#4990 = CARTESIAN_POINT('',(19.926483994991,15.262543549402));
#4991 = CARTESIAN_POINT('',(46.361984875287,-19.25113914613));
#4992 = CARTESIAN_POINT('',(3.254508442653,-24.88811312246));
#4993 = CARTESIAN_POINT('',(-39.85296798998,-30.5250870988));
#4994 = CARTESIAN_POINT('',(-23.18099243764,9.625569573065));
#4995 = CARTESIAN_POINT('',(-6.509016885306,49.776226244933));
#4996 = CARTESIAN_POINT('',(19.926483994991,15.262543549402));
#4997 = ( GEOMETRIC_REPRESENTATION_CONTEXT(2) 
PARAMETRIC_REPRESENTATION_CONTEXT() REPRESENTATION_CONTEXT('2D SPACE',''
  ) );
#4998 = ORIENTED_EDGE('',*,*,#4380,.F.);
#4999 = ADVANCED_FACE('',(#5000),#2561,.F.);
#5000 = FACE_BOUND('',#5001,.T.);
#5001 = EDGE_LOOP('',(#5002,#5003,#5004,#5030));
#5002 = ORIENTED_EDGE('',*,*,#2540,.F.);
#5003 = ORIENTED_EDGE('',*,*,#4360,.T.);
#5004 = ORIENTED_EDGE('',*,*,#5005,.T.);
#5005 = EDGE_CURVE('',#4333,#4024,#5006,.T.);
#5006 = SURFACE_CURVE('',#5007,(#5012,#5019),.PCURVE_S1.);
#5007 = CIRCLE('',#5008,25.1);
#5008 = AXIS2_PLACEMENT_3D('',#5009,#5010,#5011);
#5009 = CARTESIAN_POINT('',(0.,0.,2.));
#5010 = DIRECTION('',(0.,0.,-1.));
#5011 = DIRECTION('',(0.793883824502,0.60806946412,0.));
#5012 = PCURVE('',#2561,#5013);
#5013 = DEFINITIONAL_REPRESENTATION('',(#5014),#5018);
#5014 = LINE('',#5015,#5016);
#5015 = CARTESIAN_POINT('',(-6.936811865585,0.));
#5016 = VECTOR('',#5017,1.);
#5017 = DIRECTION('',(1.,-0.));
#5018 = ( GEOMETRIC_REPRESENTATION_CONTEXT(2) 
PARAMETRIC_REPRESENTATION_CONTEXT() REPRESENTATION_CONTEXT('2D SPACE',''
  ) );
#5019 = PCURVE('',#3697,#5020);
#5020 = DEFINITIONAL_REPRESENTATION('',(#5021),#5029);
#5021 = ( BOUNDED_CURVE() B_SPLINE_CURVE(2,(#5022,#5023,#5024,#5025,
#5026,#5027,#5028),.UNSPECIFIED.,.T.,.F.) B_SPLINE_CURVE_WITH_KNOTS((1,2
    ,2,2,2,1),(-2.094395102393,0.,2.094395102393,4.188790204786,
6.28318530718,8.377580409573),.UNSPECIFIED.) CURVE() 
GEOMETRIC_REPRESENTATION_ITEM() RATIONAL_B_SPLINE_CURVE((1.,0.5,1.,0.5,
1.,0.5,1.)) REPRESENTATION_ITEM('') );
#5022 = CARTESIAN_POINT('',(19.926483994991,15.262543549402));
#5023 = CARTESIAN_POINT('',(46.361984875287,-19.25113914613));
#5024 = CARTESIAN_POINT('',(3.254508442653,-24.88811312246));
#5025 = CARTESIAN_POINT('',(-39.85296798998,-30.5250870988));
#5026 = CARTESIAN_POINT('',(-23.18099243764,9.625569573065));
#5027 = CARTESIAN_POINT('',(-6.509016885306,49.776226244933));
#5028 = CARTESIAN_POINT('',(19.926483994991,15.262543549402));
#5029 = ( GEOMETRIC_REPRESENTATION_CONTEXT(2) 
PARAMETRIC_REPRESENTATION_CONTEXT() REPRESENTATION_CONTEXT('2D SPACE',''
  ) );
#5030 = ORIENTED_EDGE('',*,*,#4044,.F.);
#5031 = ADVANCED_FACE('',(#5032),#2842,.F.);
#5032 = FACE_BOUND('',#5033,.T.);
#5033 = EDGE_LOOP('',(#5034,#5035,#5036,#5062));
#5034 = ORIENTED_EDGE('',*,*,#2821,.F.);
#5035 = ORIENTED_EDGE('',*,*,#4160,.T.);
#5036 = ORIENTED_EDGE('',*,*,#5037,.T.);
#5037 = EDGE_CURVE('',#4133,#4676,#5038,.T.);
#5038 = SURFACE_CURVE('',#5039,(#5044,#5051),.PCURVE_S1.);
#5039 = CIRCLE('',#5040,25.1);
#5040 = AXIS2_PLACEMENT_3D('',#5041,#5042,#5043);
#5041 = CARTESIAN_POINT('',(0.,0.,2.));
#5042 = DIRECTION('',(0.,0.,-1.));
#5043 = DIRECTION('',(0.793883824502,0.60806946412,0.));
#5044 = PCURVE('',#2842,#5045);
#5045 = DEFINITIONAL_REPRESENTATION('',(#5046),#5050);
#5046 = LINE('',#5047,#5048);
#5047 = CARTESIAN_POINT('',(-6.936811865585,0.));
#5048 = VECTOR('',#5049,1.);
#5049 = DIRECTION('',(1.,-0.));
#5050 = ( GEOMETRIC_REPRESENTATION_CONTEXT(2) 
PARAMETRIC_REPRESENTATION_CONTEXT() REPRESENTATION_CONTEXT('2D SPACE',''
  ) );
#5051 = PCURVE('',#3697,#5052);
#5052 = DEFINITIONAL_REPRESENTATION('',(#5053),#5061);
#5053 = ( BOUNDED_CURVE() B_SPLINE_CURVE(2,(#5054,#5055,#5056,#5057,
#5058,#5059,#5060),.UNSPECIFIED.,.T.,.F.) B_SPLINE_CURVE_WITH_KNOTS((1,2
    ,2,2,2,1),(-2.094395102393,0.,2.094395102393,4.188790204786,
6.28318530718,8.377580409573),.UNSPECIFIED.) CURVE() 
GEOMETRIC_REPRESENTATION_ITEM() RATIONAL_B_SPLINE_CURVE((1.,0.5,1.,0.5,
1.,0.5,1.)) REPRESENTATION_ITEM('') );
#5054 = CARTESIAN_POINT('',(19.926483994991,15.262543549402));
#5055 = CARTESIAN_POINT('',(46.361984875287,-19.25113914613));
#5056 = CARTESIAN_POINT('',(3.254508442653,-24.88811312246));
#5057 = CARTESIAN_POINT('',(-39.85296798998,-30.5250870988));
#5058 = CARTESIAN_POINT('',(-23.18099243764,9.625569573065));
#5059 = CARTESIAN_POINT('',(-6.509016885306,49.776226244933));
#5060 = CARTESIAN_POINT('',(19.926483994991,15.262543549402));
#5061 = ( GEOMETRIC_REPRESENTATION_CONTEXT(2) 
PARAMETRIC_REPRESENTATION_CONTEXT() REPRESENTATION_CONTEXT('2D SPACE',''
  ) );
#5062 = ORIENTED_EDGE('',*,*,#4675,.F.);
#5063 = ADVANCED_FACE('',(#5064),#2664,.F.);
#5064 = FACE_BOUND('',#5065,.T.);
#5065 = EDGE_LOOP('',(#5066,#5067,#5068,#5094));
#5066 = ORIENTED_EDGE('',*,*,#2643,.F.);
#5067 = ORIENTED_EDGE('',*,*,#3809,.T.);
#5068 = ORIENTED_EDGE('',*,*,#5069,.T.);
#5069 = EDGE_CURVE('',#3810,#3660,#5070,.T.);
#5070 = SURFACE_CURVE('',#5071,(#5076,#5083),.PCURVE_S1.);
#5071 = CIRCLE('',#5072,25.1);
#5072 = AXIS2_PLACEMENT_3D('',#5073,#5074,#5075);
#5073 = CARTESIAN_POINT('',(0.,0.,2.));
#5074 = DIRECTION('',(0.,0.,-1.));
#5075 = DIRECTION('',(0.793883824502,0.60806946412,0.));
#5076 = PCURVE('',#2664,#5077);
#5077 = DEFINITIONAL_REPRESENTATION('',(#5078),#5082);
#5078 = LINE('',#5079,#5080);
#5079 = CARTESIAN_POINT('',(-6.936811865585,0.));
#5080 = VECTOR('',#5081,1.);
#5081 = DIRECTION('',(1.,-0.));
#5082 = ( GEOMETRIC_REPRESENTATION_CONTEXT(2) 
PARAMETRIC_REPRESENTATION_CONTEXT() REPRESENTATION_CONTEXT('2D SPACE',''
  ) );
#5083 = PCURVE('',#3697,#5084);
#5084 = DEFINITIONAL_REPRESENTATION('',(#5085),#5093);
#5085 = ( BOUNDED_CURVE() B_SPLINE_CURVE(2,(#5086,#5087,#5088,#5089,
#5090,#5091,#5092),.UNSPECIFIED.,.T.,.F.) B_SPLINE_CURVE_WITH_KNOTS((1,2
    ,2,2,2,1),(-2.094395102393,0.,2.094395102393,4.188790204786,
6.28318530718,8.377580409573),.UNSPECIFIED.) CURVE() 
GEOMETRIC_REPRESENTATION_ITEM() RATIONAL_B_SPLINE_CURVE((1.,0.5,1.,0.5,
1.,0.5,1.)) REPRESENTATION_ITEM('') );
#5086 = CARTESIAN_POINT('',(19.926483994991,15.262543549402));
#5087 = CARTESIAN_POINT('',(46.361984875287,-19.25113914613));
#5088 = CARTESIAN_POINT('',(3.254508442653,-24.88811312246));
#5089 = CARTESIAN_POINT('',(-39.85296798998,-30.5250870988));
#5090 = CARTESIAN_POINT('',(-23.18099243764,9.625569573065));
#5091 = CARTESIAN_POINT('',(-6.509016885306,49.776226244933));
#5092 = CARTESIAN_POINT('',(19.926483994991,15.262543549402));
#5093 = ( GEOMETRIC_REPRESENTATION_CONTEXT(2) 
PARAMETRIC_REPRESENTATION_CONTEXT() REPRESENTATION_CONTEXT('2D SPACE',''
  ) );
#5094 = ORIENTED_EDGE('',*,*,#3659,.F.);
#5095 = ADVANCED_FACE('',(#5096),#2753,.F.);
#5096 = FACE_BOUND('',#5097,.T.);
#5097 = EDGE_LOOP('',(#5098,#5099,#5100,#5126));
#5098 = ORIENTED_EDGE('',*,*,#2732,.F.);
#5099 = ORIENTED_EDGE('',*,*,#3713,.T.);
#5100 = ORIENTED_EDGE('',*,*,#5101,.T.);
#5101 = EDGE_CURVE('',#3681,#4112,#5102,.T.);
#5102 = SURFACE_CURVE('',#5103,(#5108,#5115),.PCURVE_S1.);
#5103 = CIRCLE('',#5104,25.1);
#5104 = AXIS2_PLACEMENT_3D('',#5105,#5106,#5107);
#5105 = CARTESIAN_POINT('',(0.,0.,2.));
#5106 = DIRECTION('',(0.,0.,-1.));
#5107 = DIRECTION('',(0.793883824502,0.60806946412,0.));
#5108 = PCURVE('',#2753,#5109);
#5109 = DEFINITIONAL_REPRESENTATION('',(#5110),#5114);
#5110 = LINE('',#5111,#5112);
#5111 = CARTESIAN_POINT('',(-6.936811865585,0.));
#5112 = VECTOR('',#5113,1.);
#5113 = DIRECTION('',(1.,-0.));
#5114 = ( GEOMETRIC_REPRESENTATION_CONTEXT(2) 
PARAMETRIC_REPRESENTATION_CONTEXT() REPRESENTATION_CONTEXT('2D SPACE',''
  ) );
#5115 = PCURVE('',#3697,#5116);
#5116 = DEFINITIONAL_REPRESENTATION('',(#5117),#5125);
#5117 = ( BOUNDED_CURVE() B_SPLINE_CURVE(2,(#5118,#5119,#5120,#5121,
#5122,#5123,#5124),.UNSPECIFIED.,.T.,.F.) B_SPLINE_CURVE_WITH_KNOTS((1,2
    ,2,2,2,1),(-2.094395102393,0.,2.094395102393,4.188790204786,
6.28318530718,8.377580409573),.UNSPECIFIED.) CURVE() 
GEOMETRIC_REPRESENTATION_ITEM() RATIONAL_B_SPLINE_CURVE((1.,0.5,1.,0.5,
1.,0.5,1.)) REPRESENTATION_ITEM('') );
#5118 = CARTESIAN_POINT('',(19.926483994991,15.262543549402));
#5119 = CARTESIAN_POINT('',(46.361984875287,-19.25113914613));
#5120 = CARTESIAN_POINT('',(3.254508442653,-24.88811312246));
#5121 = CARTESIAN_POINT('',(-39.85296798998,-30.5250870988));
#5122 = CARTESIAN_POINT('',(-23.18099243764,9.625569573065));
#5123 = CARTESIAN_POINT('',(-6.509016885306,49.776226244933));
#5124 = CARTESIAN_POINT('',(19.926483994991,15.262543549402));
#5125 = ( GEOMETRIC_REPRESENTATION_CONTEXT(2) 
PARAMETRIC_REPRESENTATION_CONTEXT() REPRESENTATION_CONTEXT('2D SPACE',''
  ) );
#5126 = ORIENTED_EDGE('',*,*,#4111,.F.);
#5127 = ADVANCED_FACE('',(#5128),#3175,.F.);
#5128 = FACE_BOUND('',#5129,.F.);
#5129 = EDGE_LOOP('',(#5130,#5131,#5132,#5133));
#5130 = ORIENTED_EDGE('',*,*,#3365,.T.);
#5131 = ORIENTED_EDGE('',*,*,#4945,.T.);
#5132 = ORIENTED_EDGE('',*,*,#3161,.T.);
#5133 = ORIENTED_EDGE('',*,*,#3284,.T.);
#5134 = ADVANCED_FACE('',(#5135),#3206,.F.);
#5135 = FACE_BOUND('',#5136,.F.);
#5136 = EDGE_LOOP('',(#5137,#5138,#5161,#5185,#5207));
#5137 = ORIENTED_EDGE('',*,*,#3189,.T.);
#5138 = ORIENTED_EDGE('',*,*,#5139,.T.);
#5139 = EDGE_CURVE('',#3190,#5140,#5142,.T.);
#5140 = VERTEX_POINT('',#5141);
#5141 = CARTESIAN_POINT('',(22.698127676088,54.517932829483,-6.5));
#5142 = SEAM_CURVE('',#5143,(#5147,#5154),.PCURVE_S1.);
#5143 = LINE('',#5144,#5145);
#5144 = CARTESIAN_POINT('',(21.56675682619,53.386561979584,-4.9));
#5145 = VECTOR('',#5146,1.);
#5146 = DIRECTION('',(0.5,0.5,-0.707106781187));
#5147 = PCURVE('',#3206,#5148);
#5148 = DEFINITIONAL_REPRESENTATION('',(#5149),#5153);
#5149 = LINE('',#5150,#5151);
#5150 = CARTESIAN_POINT('',(0.,-0.));
#5151 = VECTOR('',#5152,1.);
#5152 = DIRECTION('',(-0.,-1.));
#5153 = ( GEOMETRIC_REPRESENTATION_CONTEXT(2) 
PARAMETRIC_REPRESENTATION_CONTEXT() REPRESENTATION_CONTEXT('2D SPACE',''
  ) );
#5154 = PCURVE('',#3206,#5155);
#5155 = DEFINITIONAL_REPRESENTATION('',(#5156),#5160);
#5156 = LINE('',#5157,#5158);
#5157 = CARTESIAN_POINT('',(-6.28318530718,0.));
#5158 = VECTOR('',#5159,1.);
#5159 = DIRECTION('',(-0.,-1.));
#5160 = ( GEOMETRIC_REPRESENTATION_CONTEXT(2) 
PARAMETRIC_REPRESENTATION_CONTEXT() REPRESENTATION_CONTEXT('2D SPACE',''
  ) );
#5161 = ORIENTED_EDGE('',*,*,#5162,.F.);
#5162 = EDGE_CURVE('',#5163,#5140,#5165,.T.);
#5163 = VERTEX_POINT('',#5164);
#5164 = CARTESIAN_POINT('',(21.496046148071,55.7200143575,-8.2));
#5165 = SURFACE_CURVE('',#5166,(#5171,#5178),.PCURVE_S1.);
#5166 = CIRCLE('',#5167,1.7);
#5167 = AXIS2_PLACEMENT_3D('',#5168,#5169,#5170);
#5168 = CARTESIAN_POINT('',(22.698127676088,54.517932829483,-8.2));
#5169 = DIRECTION('',(0.707106781187,0.707106781187,-0.));
#5170 = DIRECTION('',(0.,0.,1.));
#5171 = PCURVE('',#3206,#5172);
#5172 = DEFINITIONAL_REPRESENTATION('',(#5173),#5177);
#5173 = LINE('',#5174,#5175);
#5174 = CARTESIAN_POINT('',(-0.,-1.6));
#5175 = VECTOR('',#5176,1.);
#5176 = DIRECTION('',(-1.,-0.));
#5177 = ( GEOMETRIC_REPRESENTATION_CONTEXT(2) 
PARAMETRIC_REPRESENTATION_CONTEXT() REPRESENTATION_CONTEXT('2D SPACE',''
  ) );
#5178 = PCURVE('',#3467,#5179);
#5179 = DEFINITIONAL_REPRESENTATION('',(#5180),#5184);
#5180 = LINE('',#5181,#5182);
#5181 = CARTESIAN_POINT('',(4.712388980385,-2.6));
#5182 = VECTOR('',#5183,1.);
#5183 = DIRECTION('',(-1.,0.));
#5184 = ( GEOMETRIC_REPRESENTATION_CONTEXT(2) 
PARAMETRIC_REPRESENTATION_CONTEXT() REPRESENTATION_CONTEXT('2D SPACE',''
  ) );
#5185 = ORIENTED_EDGE('',*,*,#5186,.F.);
#5186 = EDGE_CURVE('',#5140,#5163,#5187,.T.);
#5187 = SURFACE_CURVE('',#5188,(#5193,#5200),.PCURVE_S1.);
#5188 = CIRCLE('',#5189,1.7);
#5189 = AXIS2_PLACEMENT_3D('',#5190,#5191,#5192);
#5190 = CARTESIAN_POINT('',(22.698127676088,54.517932829483,-8.2));
#5191 = DIRECTION('',(0.707106781187,0.707106781187,-0.));
#5192 = DIRECTION('',(0.,0.,1.));
#5193 = PCURVE('',#3206,#5194);
#5194 = DEFINITIONAL_REPRESENTATION('',(#5195),#5199);
#5195 = LINE('',#5196,#5197);
#5196 = CARTESIAN_POINT('',(-0.,-1.6));
#5197 = VECTOR('',#5198,1.);
#5198 = DIRECTION('',(-1.,-0.));
#5199 = ( GEOMETRIC_REPRESENTATION_CONTEXT(2) 
PARAMETRIC_REPRESENTATION_CONTEXT() REPRESENTATION_CONTEXT('2D SPACE',''
  ) );
#5200 = PCURVE('',#3467,#5201);
#5201 = DEFINITIONAL_REPRESENTATION('',(#5202),#5206);
#5202 = LINE('',#5203,#5204);
#5203 = CARTESIAN_POINT('',(-1.570796326795,-2.6));
#5204 = VECTOR('',#5205,1.);
#5205 = DIRECTION('',(-1.,0.));
#5206 = ( GEOMETRIC_REPRESENTATION_CONTEXT(2) 
PARAMETRIC_REPRESENTATION_CONTEXT() REPRESENTATION_CONTEXT('2D SPACE',''
  ) );
#5207 = ORIENTED_EDGE('',*,*,#5139,.F.);
#5208 = ADVANCED_FACE('',(#5209),#3237,.F.);
#5209 = FACE_BOUND('',#5210,.F.);
#5210 = EDGE_LOOP('',(#5211,#5212,#5235,#5259,#5281));
#5211 = ORIENTED_EDGE('',*,*,#3220,.T.);
#5212 = ORIENTED_EDGE('',*,*,#5213,.T.);
#5213 = EDGE_CURVE('',#3221,#5214,#5216,.T.);
#5214 = VERTEX_POINT('',#5215);
#5215 = CARTESIAN_POINT('',(39.957630972794,39.957630972794,-5.6));
#5216 = SEAM_CURVE('',#5217,(#5221,#5228),.PCURVE_S1.);
#5217 = LINE('',#5218,#5219);
#5218 = CARTESIAN_POINT('',(37.476659402887,37.476659402887,-2.55));
#5219 = VECTOR('',#5220,1.);
#5220 = DIRECTION('',(0.533660262002,0.533660262002,-0.656059028991));
#5221 = PCURVE('',#3237,#5222);
#5222 = DEFINITIONAL_REPRESENTATION('',(#5223),#5227);
#5223 = LINE('',#5224,#5225);
#5224 = CARTESIAN_POINT('',(0.,-0.));
#5225 = VECTOR('',#5226,1.);
#5226 = DIRECTION('',(-0.,-1.));
#5227 = ( GEOMETRIC_REPRESENTATION_CONTEXT(2) 
PARAMETRIC_REPRESENTATION_CONTEXT() REPRESENTATION_CONTEXT('2D SPACE',''
  ) );
#5228 = PCURVE('',#3237,#5229);
#5229 = DEFINITIONAL_REPRESENTATION('',(#5230),#5234);
#5230 = LINE('',#5231,#5232);
#5231 = CARTESIAN_POINT('',(-6.28318530718,0.));
#5232 = VECTOR('',#5233,1.);
#5233 = DIRECTION('',(-0.,-1.));
#5234 = ( GEOMETRIC_REPRESENTATION_CONTEXT(2) 
PARAMETRIC_REPRESENTATION_CONTEXT() REPRESENTATION_CONTEXT('2D SPACE',''
  ) );
#5235 = ORIENTED_EDGE('',*,*,#5236,.F.);
#5236 = EDGE_CURVE('',#5237,#5214,#5239,.T.);
#5237 = VERTEX_POINT('',#5238);
#5238 = CARTESIAN_POINT('',(37.624178594878,42.291083350709,-8.9));
#5239 = SURFACE_CURVE('',#5240,(#5245,#5252),.PCURVE_S1.);
#5240 = CIRCLE('',#5241,3.3);
#5241 = AXIS2_PLACEMENT_3D('',#5242,#5243,#5244);
#5242 = CARTESIAN_POINT('',(39.957630972794,39.957630972794,-8.9));
#5243 = DIRECTION('',(0.707106781187,0.707106781187,-0.));
#5244 = DIRECTION('',(0.,0.,1.));
#5245 = PCURVE('',#3237,#5246);
#5246 = DEFINITIONAL_REPRESENTATION('',(#5247),#5251);
#5247 = LINE('',#5248,#5249);
#5248 = CARTESIAN_POINT('',(-0.,-3.508623642024));
#5249 = VECTOR('',#5250,1.);
#5250 = DIRECTION('',(-1.,-0.));
#5251 = ( GEOMETRIC_REPRESENTATION_CONTEXT(2) 
PARAMETRIC_REPRESENTATION_CONTEXT() REPRESENTATION_CONTEXT('2D SPACE',''
  ) );
#5252 = PCURVE('',#3436,#5253);
#5253 = DEFINITIONAL_REPRESENTATION('',(#5254),#5258);
#5254 = LINE('',#5255,#5256);
#5255 = CARTESIAN_POINT('',(4.712388980385,-4.508623642024));
#5256 = VECTOR('',#5257,1.);
#5257 = DIRECTION('',(-1.,0.));
#5258 = ( GEOMETRIC_REPRESENTATION_CONTEXT(2) 
PARAMETRIC_REPRESENTATION_CONTEXT() REPRESENTATION_CONTEXT('2D SPACE',''
  ) );
#5259 = ORIENTED_EDGE('',*,*,#5260,.F.);
#5260 = EDGE_CURVE('',#5214,#5237,#5261,.T.);
#5261 = SURFACE_CURVE('',#5262,(#5267,#5274),.PCURVE_S1.);
#5262 = CIRCLE('',#5263,3.3);
#5263 = AXIS2_PLACEMENT_3D('',#5264,#5265,#5266);
#5264 = CARTESIAN_POINT('',(39.957630972794,39.957630972794,-8.9));
#5265 = DIRECTION('',(0.707106781187,0.707106781187,-0.));
#5266 = DIRECTION('',(0.,0.,1.));
#5267 = PCURVE('',#3237,#5268);
#5268 = DEFINITIONAL_REPRESENTATION('',(#5269),#5273);
#5269 = LINE('',#5270,#5271);
#5270 = CARTESIAN_POINT('',(-0.,-3.508623642024));
#5271 = VECTOR('',#5272,1.);
#5272 = DIRECTION('',(-1.,-0.));
#5273 = ( GEOMETRIC_REPRESENTATION_CONTEXT(2) 
PARAMETRIC_REPRESENTATION_CONTEXT() REPRESENTATION_CONTEXT('2D SPACE',''
  ) );
#5274 = PCURVE('',#3436,#5275);
#5275 = DEFINITIONAL_REPRESENTATION('',(#5276),#5280);
#5276 = LINE('',#5277,#5278);
#5277 = CARTESIAN_POINT('',(-1.570796326795,-4.508623642024));
#5278 = VECTOR('',#5279,1.);
#5279 = DIRECTION('',(-1.,0.));
#5280 = ( GEOMETRIC_REPRESENTATION_CONTEXT(2) 
PARAMETRIC_REPRESENTATION_CONTEXT() REPRESENTATION_CONTEXT('2D SPACE',''
  ) );
#5281 = ORIENTED_EDGE('',*,*,#5213,.F.);
#5282 = ADVANCED_FACE('',(#5283),#3268,.F.);
#5283 = FACE_BOUND('',#5284,.F.);
#5284 = EDGE_LOOP('',(#5285,#5286,#5309,#5333,#5355));
#5285 = ORIENTED_EDGE('',*,*,#3251,.T.);
#5286 = ORIENTED_EDGE('',*,*,#5287,.T.);
#5287 = EDGE_CURVE('',#3252,#5288,#5290,.T.);
#5288 = VERTEX_POINT('',#5289);
#5289 = CARTESIAN_POINT('',(54.517932829483,22.698127676088,-6.5));
#5290 = SEAM_CURVE('',#5291,(#5295,#5302),.PCURVE_S1.);
#5291 = LINE('',#5292,#5293);
#5292 = CARTESIAN_POINT('',(53.386561979584,21.56675682619,-4.9));
#5293 = VECTOR('',#5294,1.);
#5294 = DIRECTION('',(0.5,0.5,-0.707106781187));
#5295 = PCURVE('',#3268,#5296);
#5296 = DEFINITIONAL_REPRESENTATION('',(#5297),#5301);
#5297 = LINE('',#5298,#5299);
#5298 = CARTESIAN_POINT('',(0.,-0.));
#5299 = VECTOR('',#5300,1.);
#5300 = DIRECTION('',(-0.,-1.));
#5301 = ( GEOMETRIC_REPRESENTATION_CONTEXT(2) 
PARAMETRIC_REPRESENTATION_CONTEXT() REPRESENTATION_CONTEXT('2D SPACE',''
  ) );
#5302 = PCURVE('',#3268,#5303);
#5303 = DEFINITIONAL_REPRESENTATION('',(#5304),#5308);
#5304 = LINE('',#5305,#5306);
#5305 = CARTESIAN_POINT('',(-6.28318530718,0.));
#5306 = VECTOR('',#5307,1.);
#5307 = DIRECTION('',(-0.,-1.));
#5308 = ( GEOMETRIC_REPRESENTATION_CONTEXT(2) 
PARAMETRIC_REPRESENTATION_CONTEXT() REPRESENTATION_CONTEXT('2D SPACE',''
  ) );
#5309 = ORIENTED_EDGE('',*,*,#5310,.F.);
#5310 = EDGE_CURVE('',#5311,#5288,#5313,.T.);
#5311 = VERTEX_POINT('',#5312);
#5312 = CARTESIAN_POINT('',(53.315851301466,23.900209204105,-8.2));
#5313 = SURFACE_CURVE('',#5314,(#5319,#5326),.PCURVE_S1.);
#5314 = CIRCLE('',#5315,1.7);
#5315 = AXIS2_PLACEMENT_3D('',#5316,#5317,#5318);
#5316 = CARTESIAN_POINT('',(54.517932829483,22.698127676088,-8.2));
#5317 = DIRECTION('',(0.707106781187,0.707106781187,-0.));
#5318 = DIRECTION('',(0.,0.,1.));
#5319 = PCURVE('',#3268,#5320);
#5320 = DEFINITIONAL_REPRESENTATION('',(#5321),#5325);
#5321 = LINE('',#5322,#5323);
#5322 = CARTESIAN_POINT('',(-0.,-1.6));
#5323 = VECTOR('',#5324,1.);
#5324 = DIRECTION('',(-1.,-0.));
#5325 = ( GEOMETRIC_REPRESENTATION_CONTEXT(2) 
PARAMETRIC_REPRESENTATION_CONTEXT() REPRESENTATION_CONTEXT('2D SPACE',''
  ) );
#5326 = PCURVE('',#3405,#5327);
#5327 = DEFINITIONAL_REPRESENTATION('',(#5328),#5332);
#5328 = LINE('',#5329,#5330);
#5329 = CARTESIAN_POINT('',(4.712388980385,-2.6));
#5330 = VECTOR('',#5331,1.);
#5331 = DIRECTION('',(-1.,0.));
#5332 = ( GEOMETRIC_REPRESENTATION_CONTEXT(2) 
PARAMETRIC_REPRESENTATION_CONTEXT() REPRESENTATION_CONTEXT('2D SPACE',''
  ) );
#5333 = ORIENTED_EDGE('',*,*,#5334,.F.);
#5334 = EDGE_CURVE('',#5288,#5311,#5335,.T.);
#5335 = SURFACE_CURVE('',#5336,(#5341,#5348),.PCURVE_S1.);
#5336 = CIRCLE('',#5337,1.7);
#5337 = AXIS2_PLACEMENT_3D('',#5338,#5339,#5340);
#5338 = CARTESIAN_POINT('',(54.517932829483,22.698127676088,-8.2));
#5339 = DIRECTION('',(0.707106781187,0.707106781187,-0.));
#5340 = DIRECTION('',(0.,0.,1.));
#5341 = PCURVE('',#3268,#5342);
#5342 = DEFINITIONAL_REPRESENTATION('',(#5343),#5347);
#5343 = LINE('',#5344,#5345);
#5344 = CARTESIAN_POINT('',(-0.,-1.6));
#5345 = VECTOR('',#5346,1.);
#5346 = DIRECTION('',(-1.,-0.));
#5347 = ( GEOMETRIC_REPRESENTATION_CONTEXT(2) 
PARAMETRIC_REPRESENTATION_CONTEXT() REPRESENTATION_CONTEXT('2D SPACE',''
  ) );
#5348 = PCURVE('',#3405,#5349);
#5349 = DEFINITIONAL_REPRESENTATION('',(#5350),#5354);
#5350 = LINE('',#5351,#5352);
#5351 = CARTESIAN_POINT('',(-1.570796326795,-2.6));
#5352 = VECTOR('',#5353,1.);
#5353 = DIRECTION('',(-1.,0.));
#5354 = ( GEOMETRIC_REPRESENTATION_CONTEXT(2) 
PARAMETRIC_REPRESENTATION_CONTEXT() REPRESENTATION_CONTEXT('2D SPACE',''
  ) );
#5355 = ORIENTED_EDGE('',*,*,#5287,.F.);
#5356 = ADVANCED_FACE('',(#5357),#3405,.F.);
#5357 = FACE_BOUND('',#5358,.T.);
#5358 = EDGE_LOOP('',(#5359,#5380,#5381,#5382,#5383));
#5359 = ORIENTED_EDGE('',*,*,#5360,.F.);
#5360 = EDGE_CURVE('',#5311,#3389,#5361,.T.);
#5361 = SEAM_CURVE('',#5362,(#5366,#5373),.PCURVE_S1.);
#5362 = LINE('',#5363,#5364);
#5363 = CARTESIAN_POINT('',(51.477373670381,22.06173157302,-8.2));
#5364 = VECTOR('',#5365,1.);
#5365 = DIRECTION('',(0.707106781187,0.707106781187,0.));
#5366 = PCURVE('',#3405,#5367);
#5367 = DEFINITIONAL_REPRESENTATION('',(#5368),#5372);
#5368 = LINE('',#5369,#5370);
#5369 = CARTESIAN_POINT('',(-6.28318530718,0.));
#5370 = VECTOR('',#5371,1.);
#5371 = DIRECTION('',(-0.,-1.));
#5372 = ( GEOMETRIC_REPRESENTATION_CONTEXT(2) 
PARAMETRIC_REPRESENTATION_CONTEXT() REPRESENTATION_CONTEXT('2D SPACE',''
  ) );
#5373 = PCURVE('',#3405,#5374);
#5374 = DEFINITIONAL_REPRESENTATION('',(#5375),#5379);
#5375 = LINE('',#5376,#5377);
#5376 = CARTESIAN_POINT('',(-0.,0.));
#5377 = VECTOR('',#5378,1.);
#5378 = DIRECTION('',(-0.,-1.));
#5379 = ( GEOMETRIC_REPRESENTATION_CONTEXT(2) 
PARAMETRIC_REPRESENTATION_CONTEXT() REPRESENTATION_CONTEXT('2D SPACE',''
  ) );
#5380 = ORIENTED_EDGE('',*,*,#5334,.F.);
#5381 = ORIENTED_EDGE('',*,*,#5310,.F.);
#5382 = ORIENTED_EDGE('',*,*,#5360,.T.);
#5383 = ORIENTED_EDGE('',*,*,#3388,.F.);
#5384 = ADVANCED_FACE('',(#5385),#3436,.F.);
#5385 = FACE_BOUND('',#5386,.T.);
#5386 = EDGE_LOOP('',(#5387,#5408,#5409,#5410,#5411));
#5387 = ORIENTED_EDGE('',*,*,#5388,.F.);
#5388 = EDGE_CURVE('',#5237,#3420,#5389,.T.);
#5389 = SEAM_CURVE('',#5390,(#5394,#5401),.PCURVE_S1.);
#5390 = LINE('',#5391,#5392);
#5391 = CARTESIAN_POINT('',(34.436100243785,39.103004999616,-8.9));
#5392 = VECTOR('',#5393,1.);
#5393 = DIRECTION('',(0.707106781187,0.707106781187,0.));
#5394 = PCURVE('',#3436,#5395);
#5395 = DEFINITIONAL_REPRESENTATION('',(#5396),#5400);
#5396 = LINE('',#5397,#5398);
#5397 = CARTESIAN_POINT('',(-6.28318530718,0.));
#5398 = VECTOR('',#5399,1.);
#5399 = DIRECTION('',(-0.,-1.));
#5400 = ( GEOMETRIC_REPRESENTATION_CONTEXT(2) 
PARAMETRIC_REPRESENTATION_CONTEXT() REPRESENTATION_CONTEXT('2D SPACE',''
  ) );
#5401 = PCURVE('',#3436,#5402);
#5402 = DEFINITIONAL_REPRESENTATION('',(#5403),#5407);
#5403 = LINE('',#5404,#5405);
#5404 = CARTESIAN_POINT('',(-0.,0.));
#5405 = VECTOR('',#5406,1.);
#5406 = DIRECTION('',(-0.,-1.));
#5407 = ( GEOMETRIC_REPRESENTATION_CONTEXT(2) 
PARAMETRIC_REPRESENTATION_CONTEXT() REPRESENTATION_CONTEXT('2D SPACE',''
  ) );
#5408 = ORIENTED_EDGE('',*,*,#5260,.F.);
#5409 = ORIENTED_EDGE('',*,*,#5236,.F.);
#5410 = ORIENTED_EDGE('',*,*,#5388,.T.);
#5411 = ORIENTED_EDGE('',*,*,#3419,.F.);
#5412 = ADVANCED_FACE('',(#5413),#3467,.F.);
#5413 = FACE_BOUND('',#5414,.T.);
#5414 = EDGE_LOOP('',(#5415,#5436,#5437,#5438,#5439));
#5415 = ORIENTED_EDGE('',*,*,#5416,.F.);
#5416 = EDGE_CURVE('',#5163,#3451,#5417,.T.);
#5417 = SEAM_CURVE('',#5418,(#5422,#5429),.PCURVE_S1.);
#5418 = LINE('',#5419,#5420);
#5419 = CARTESIAN_POINT('',(19.657568516986,53.881536726415,-8.2));
#5420 = VECTOR('',#5421,1.);
#5421 = DIRECTION('',(0.707106781187,0.707106781187,0.));
#5422 = PCURVE('',#3467,#5423);
#5423 = DEFINITIONAL_REPRESENTATION('',(#5424),#5428);
#5424 = LINE('',#5425,#5426);
#5425 = CARTESIAN_POINT('',(-6.28318530718,0.));
#5426 = VECTOR('',#5427,1.);
#5427 = DIRECTION('',(-0.,-1.));
#5428 = ( GEOMETRIC_REPRESENTATION_CONTEXT(2) 
PARAMETRIC_REPRESENTATION_CONTEXT() REPRESENTATION_CONTEXT('2D SPACE',''
  ) );
#5429 = PCURVE('',#3467,#5430);
#5430 = DEFINITIONAL_REPRESENTATION('',(#5431),#5435);
#5431 = LINE('',#5432,#5433);
#5432 = CARTESIAN_POINT('',(-0.,0.));
#5433 = VECTOR('',#5434,1.);
#5434 = DIRECTION('',(-0.,-1.));
#5435 = ( GEOMETRIC_REPRESENTATION_CONTEXT(2) 
PARAMETRIC_REPRESENTATION_CONTEXT() REPRESENTATION_CONTEXT('2D SPACE',''
  ) );
#5436 = ORIENTED_EDGE('',*,*,#5186,.F.);
#5437 = ORIENTED_EDGE('',*,*,#5162,.F.);
#5438 = ORIENTED_EDGE('',*,*,#5416,.T.);
#5439 = ORIENTED_EDGE('',*,*,#3450,.F.);
#5440 = ADVANCED_FACE('',(#5441),#3582,.F.);
#5441 = FACE_BOUND('',#5442,.F.);
#5442 = EDGE_LOOP('',(#5443,#5444,#5445,#5446,#5447,#5448,#5449,#5450,
    #5451,#5479,#5508,#5537,#5563,#5564,#5565,#5566,#5567));
#5443 = ORIENTED_EDGE('',*,*,#4576,.T.);
#5444 = ORIENTED_EDGE('',*,*,#4723,.T.);
#5445 = ORIENTED_EDGE('',*,*,#4480,.T.);
#5446 = ORIENTED_EDGE('',*,*,#4203,.T.);
#5447 = ORIENTED_EDGE('',*,*,#3929,.T.);
#5448 = ORIENTED_EDGE('',*,*,#3756,.T.);
#5449 = ORIENTED_EDGE('',*,*,#3563,.T.);
#5450 = ORIENTED_EDGE('',*,*,#3879,.F.);
#5451 = ORIENTED_EDGE('',*,*,#5452,.T.);
#5452 = EDGE_CURVE('',#3852,#5453,#5455,.T.);
#5453 = VERTEX_POINT('',#5454);
#5454 = CARTESIAN_POINT('',(1.432536316735,20.850847457627,-3.));
#5455 = SURFACE_CURVE('',#5456,(#5461,#5472),.PCURVE_S1.);
#5456 = CIRCLE('',#5457,3.1);
#5457 = AXIS2_PLACEMENT_3D('',#5458,#5459,#5460);
#5458 = CARTESIAN_POINT('',(1.09668586407E-15,23.6,-3.));
#5459 = DIRECTION('',(0.,0.,-1.));
#5460 = DIRECTION('',(1.,3.223228136009E-17,0.));
#5461 = PCURVE('',#3582,#5462);
#5462 = DEFINITIONAL_REPRESENTATION('',(#5463),#5471);
#5463 = ( BOUNDED_CURVE() B_SPLINE_CURVE(2,(#5464,#5465,#5466,#5467,
#5468,#5469,#5470),.UNSPECIFIED.,.T.,.F.) B_SPLINE_CURVE_WITH_KNOTS((1,2
    ,2,2,2,1),(-2.094395102393,0.,2.094395102393,4.188790204786,
6.28318530718,8.377580409573),.UNSPECIFIED.) CURVE() 
GEOMETRIC_REPRESENTATION_ITEM() RATIONAL_B_SPLINE_CURVE((1.,0.5,1.,0.5,
1.,0.5,1.)) REPRESENTATION_ITEM('') );
#5464 = CARTESIAN_POINT('',(3.1,23.6));
#5465 = CARTESIAN_POINT('',(3.1,18.230642496536));
#5466 = CARTESIAN_POINT('',(-1.55,20.915321248268));
#5467 = CARTESIAN_POINT('',(-6.2,23.6));
#5468 = CARTESIAN_POINT('',(-1.55,26.284678751732));
#5469 = CARTESIAN_POINT('',(3.1,28.969357503464));
#5470 = CARTESIAN_POINT('',(3.1,23.6));
#5471 = ( GEOMETRIC_REPRESENTATION_CONTEXT(2) 
PARAMETRIC_REPRESENTATION_CONTEXT() REPRESENTATION_CONTEXT('2D SPACE',''
  ) );
#5472 = PCURVE('',#3867,#5473);
#5473 = DEFINITIONAL_REPRESENTATION('',(#5474),#5478);
#5474 = LINE('',#5475,#5476);
#5475 = CARTESIAN_POINT('',(0.,-17.));
#5476 = VECTOR('',#5477,1.);
#5477 = DIRECTION('',(1.,0.));
#5478 = ( GEOMETRIC_REPRESENTATION_CONTEXT(2) 
PARAMETRIC_REPRESENTATION_CONTEXT() REPRESENTATION_CONTEXT('2D SPACE',''
  ) );
#5479 = ORIENTED_EDGE('',*,*,#5480,.F.);
#5480 = EDGE_CURVE('',#5481,#5453,#5483,.T.);
#5481 = VERTEX_POINT('',#5482);
#5482 = CARTESIAN_POINT('',(20.9,-8.628779536711E-16,-3.));
#5483 = SURFACE_CURVE('',#5484,(#5489,#5496),.PCURVE_S1.);
#5484 = CIRCLE('',#5485,20.9);
#5485 = AXIS2_PLACEMENT_3D('',#5486,#5487,#5488);
#5486 = CARTESIAN_POINT('',(1.191989025406E-13,-8.628779536711E-16,-3.)
  );
#5487 = DIRECTION('',(0.,0.,1.));
#5488 = DIRECTION('',(1.,0.,0.));
#5489 = PCURVE('',#3582,#5490);
#5490 = DEFINITIONAL_REPRESENTATION('',(#5491),#5495);
#5491 = CIRCLE('',#5492,20.9);
#5492 = AXIS2_PLACEMENT_2D('',#5493,#5494);
#5493 = CARTESIAN_POINT('',(1.209562553213E-13,-2.482450281539E-15));
#5494 = DIRECTION('',(1.,0.));
#5495 = ( GEOMETRIC_REPRESENTATION_CONTEXT(2) 
PARAMETRIC_REPRESENTATION_CONTEXT() REPRESENTATION_CONTEXT('2D SPACE',''
  ) );
#5496 = PCURVE('',#5497,#5502);
#5497 = CYLINDRICAL_SURFACE('',#5498,20.9);
#5498 = AXIS2_PLACEMENT_3D('',#5499,#5500,#5501);
#5499 = CARTESIAN_POINT('',(1.191989025406E-13,-8.628779536711E-16,-3.)
  );
#5500 = DIRECTION('',(-0.,-0.,-1.));
#5501 = DIRECTION('',(1.,0.,0.));
#5502 = DEFINITIONAL_REPRESENTATION('',(#5503),#5507);
#5503 = LINE('',#5504,#5505);
#5504 = CARTESIAN_POINT('',(-0.,0.));
#5505 = VECTOR('',#5506,1.);
#5506 = DIRECTION('',(-1.,0.));
#5507 = ( GEOMETRIC_REPRESENTATION_CONTEXT(2) 
PARAMETRIC_REPRESENTATION_CONTEXT() REPRESENTATION_CONTEXT('2D SPACE',''
  ) );
#5508 = ORIENTED_EDGE('',*,*,#5509,.F.);
#5509 = EDGE_CURVE('',#5510,#5481,#5512,.T.);
#5510 = VERTEX_POINT('',#5511);
#5511 = CARTESIAN_POINT('',(-1.432536316735,20.850847457627,-3.));
#5512 = SURFACE_CURVE('',#5513,(#5518,#5525),.PCURVE_S1.);
#5513 = CIRCLE('',#5514,20.9);
#5514 = AXIS2_PLACEMENT_3D('',#5515,#5516,#5517);
#5515 = CARTESIAN_POINT('',(1.191989025406E-13,-8.628779536711E-16,-3.)
  );
#5516 = DIRECTION('',(0.,0.,1.));
#5517 = DIRECTION('',(1.,0.,0.));
#5518 = PCURVE('',#3582,#5519);
#5519 = DEFINITIONAL_REPRESENTATION('',(#5520),#5524);
#5520 = CIRCLE('',#5521,20.9);
#5521 = AXIS2_PLACEMENT_2D('',#5522,#5523);
#5522 = CARTESIAN_POINT('',(1.209562553213E-13,-2.482450281539E-15));
#5523 = DIRECTION('',(1.,0.));
#5524 = ( GEOMETRIC_REPRESENTATION_CONTEXT(2) 
PARAMETRIC_REPRESENTATION_CONTEXT() REPRESENTATION_CONTEXT('2D SPACE',''
  ) );
#5525 = PCURVE('',#5526,#5531);
#5526 = CYLINDRICAL_SURFACE('',#5527,20.9);
#5527 = AXIS2_PLACEMENT_3D('',#5528,#5529,#5530);
#5528 = CARTESIAN_POINT('',(1.191989025406E-13,-8.628779536711E-16,-3.)
  );
#5529 = DIRECTION('',(-0.,-0.,-1.));
#5530 = DIRECTION('',(1.,0.,0.));
#5531 = DEFINITIONAL_REPRESENTATION('',(#5532),#5536);
#5532 = LINE('',#5533,#5534);
#5533 = CARTESIAN_POINT('',(-0.,0.));
#5534 = VECTOR('',#5535,1.);
#5535 = DIRECTION('',(-1.,0.));
#5536 = ( GEOMETRIC_REPRESENTATION_CONTEXT(2) 
PARAMETRIC_REPRESENTATION_CONTEXT() REPRESENTATION_CONTEXT('2D SPACE',''
  ) );
#5537 = ORIENTED_EDGE('',*,*,#5538,.T.);
#5538 = EDGE_CURVE('',#5510,#3980,#5539,.T.);
#5539 = SURFACE_CURVE('',#5540,(#5545,#5556),.PCURVE_S1.);
#5540 = CIRCLE('',#5541,3.1);
#5541 = AXIS2_PLACEMENT_3D('',#5542,#5543,#5544);
#5542 = CARTESIAN_POINT('',(1.09668586407E-15,23.6,-3.));
#5543 = DIRECTION('',(0.,0.,-1.));
#5544 = DIRECTION('',(1.,3.223228136009E-17,0.));
#5545 = PCURVE('',#3582,#5546);
#5546 = DEFINITIONAL_REPRESENTATION('',(#5547),#5555);
#5547 = ( BOUNDED_CURVE() B_SPLINE_CURVE(2,(#5548,#5549,#5550,#5551,
#5552,#5553,#5554),.UNSPECIFIED.,.T.,.F.) B_SPLINE_CURVE_WITH_KNOTS((1,2
    ,2,2,2,1),(-2.094395102393,0.,2.094395102393,4.188790204786,
6.28318530718,8.377580409573),.UNSPECIFIED.) CURVE() 
GEOMETRIC_REPRESENTATION_ITEM() RATIONAL_B_SPLINE_CURVE((1.,0.5,1.,0.5,
1.,0.5,1.)) REPRESENTATION_ITEM('') );
#5548 = CARTESIAN_POINT('',(3.1,23.6));
#5549 = CARTESIAN_POINT('',(3.1,18.230642496536));
#5550 = CARTESIAN_POINT('',(-1.55,20.915321248268));
#5551 = CARTESIAN_POINT('',(-6.2,23.6));
#5552 = CARTESIAN_POINT('',(-1.55,26.284678751732));
#5553 = CARTESIAN_POINT('',(3.1,28.969357503464));
#5554 = CARTESIAN_POINT('',(3.1,23.6));
#5555 = ( GEOMETRIC_REPRESENTATION_CONTEXT(2) 
PARAMETRIC_REPRESENTATION_CONTEXT() REPRESENTATION_CONTEXT('2D SPACE',''
  ) );
#5556 = PCURVE('',#3867,#5557);
#5557 = DEFINITIONAL_REPRESENTATION('',(#5558),#5562);
#5558 = LINE('',#5559,#5560);
#5559 = CARTESIAN_POINT('',(0.,-17.));
#5560 = VECTOR('',#5561,1.);
#5561 = DIRECTION('',(1.,0.));
#5562 = ( GEOMETRIC_REPRESENTATION_CONTEXT(2) 
PARAMETRIC_REPRESENTATION_CONTEXT() REPRESENTATION_CONTEXT('2D SPACE',''
  ) );
#5563 = ORIENTED_EDGE('',*,*,#3977,.F.);
#5564 = ORIENTED_EDGE('',*,*,#4233,.T.);
#5565 = ORIENTED_EDGE('',*,*,#4281,.T.);
#5566 = ORIENTED_EDGE('',*,*,#4428,.T.);
#5567 = ORIENTED_EDGE('',*,*,#4528,.T.);
#5568 = ADVANCED_FACE('',(#5569,#5610),#3697,.T.);
#5569 = FACE_BOUND('',#5570,.T.);
#5570 = EDGE_LOOP('',(#5571,#5572,#5573,#5574,#5575,#5601,#5602,#5603,
    #5604,#5605,#5606,#5607,#5608,#5609));
#5571 = ORIENTED_EDGE('',*,*,#5101,.F.);
#5572 = ORIENTED_EDGE('',*,*,#3680,.T.);
#5573 = ORIENTED_EDGE('',*,*,#5069,.F.);
#5574 = ORIENTED_EDGE('',*,*,#3830,.F.);
#5575 = ORIENTED_EDGE('',*,*,#5576,.T.);
#5576 = EDGE_CURVE('',#3831,#4001,#5577,.T.);
#5577 = SURFACE_CURVE('',#5578,(#5583,#5594),.PCURVE_S1.);
#5578 = CIRCLE('',#5579,3.1);
#5579 = AXIS2_PLACEMENT_3D('',#5580,#5581,#5582);
#5580 = CARTESIAN_POINT('',(1.09668586407E-15,23.6,2.));
#5581 = DIRECTION('',(0.,0.,-1.));
#5582 = DIRECTION('',(1.,3.223228136009E-17,0.));
#5583 = PCURVE('',#3697,#5584);
#5584 = DEFINITIONAL_REPRESENTATION('',(#5585),#5593);
#5585 = ( BOUNDED_CURVE() B_SPLINE_CURVE(2,(#5586,#5587,#5588,#5589,
#5590,#5591,#5592),.UNSPECIFIED.,.T.,.F.) B_SPLINE_CURVE_WITH_KNOTS((1,2
    ,2,2,2,1),(-2.094395102393,0.,2.094395102393,4.188790204786,
6.28318530718,8.377580409573),.UNSPECIFIED.) CURVE() 
GEOMETRIC_REPRESENTATION_ITEM() RATIONAL_B_SPLINE_CURVE((1.,0.5,1.,0.5,
1.,0.5,1.)) REPRESENTATION_ITEM('') );
#5586 = CARTESIAN_POINT('',(3.1,23.6));
#5587 = CARTESIAN_POINT('',(3.1,18.230642496536));
#5588 = CARTESIAN_POINT('',(-1.55,20.915321248268));
#5589 = CARTESIAN_POINT('',(-6.2,23.6));
#5590 = CARTESIAN_POINT('',(-1.55,26.284678751732));
#5591 = CARTESIAN_POINT('',(3.1,28.969357503464));
#5592 = CARTESIAN_POINT('',(3.1,23.6));
#5593 = ( GEOMETRIC_REPRESENTATION_CONTEXT(2) 
PARAMETRIC_REPRESENTATION_CONTEXT() REPRESENTATION_CONTEXT('2D SPACE',''
  ) );
#5594 = PCURVE('',#3867,#5595);
#5595 = DEFINITIONAL_REPRESENTATION('',(#5596),#5600);
#5596 = LINE('',#5597,#5598);
#5597 = CARTESIAN_POINT('',(0.,-22.));
#5598 = VECTOR('',#5599,1.);
#5599 = DIRECTION('',(1.,0.));
#5600 = ( GEOMETRIC_REPRESENTATION_CONTEXT(2) 
PARAMETRIC_REPRESENTATION_CONTEXT() REPRESENTATION_CONTEXT('2D SPACE',''
  ) );
#5601 = ORIENTED_EDGE('',*,*,#4023,.F.);
#5602 = ORIENTED_EDGE('',*,*,#5005,.F.);
#5603 = ORIENTED_EDGE('',*,*,#4332,.T.);
#5604 = ORIENTED_EDGE('',*,*,#4401,.T.);
#5605 = ORIENTED_EDGE('',*,*,#4973,.F.);
#5606 = ORIENTED_EDGE('',*,*,#4627,.T.);
#5607 = ORIENTED_EDGE('',*,*,#4696,.T.);
#5608 = ORIENTED_EDGE('',*,*,#5037,.F.);
#5609 = ORIENTED_EDGE('',*,*,#4132,.T.);
#5610 = FACE_BOUND('',#5611,.T.);
#5611 = EDGE_LOOP('',(#5612));
#5612 = ORIENTED_EDGE('',*,*,#5613,.T.);
#5613 = EDGE_CURVE('',#5614,#5614,#5616,.T.);
#5614 = VERTEX_POINT('',#5615);
#5615 = CARTESIAN_POINT('',(12.,8.498032742688E-17,2.));
#5616 = SURFACE_CURVE('',#5617,(#5622,#5633),.PCURVE_S1.);
#5617 = CIRCLE('',#5618,12.);
#5618 = AXIS2_PLACEMENT_3D('',#5619,#5620,#5621);
#5619 = CARTESIAN_POINT('',(0.,0.,2.));
#5620 = DIRECTION('',(0.,0.,-1.));
#5621 = DIRECTION('',(1.,0.,0.));
#5622 = PCURVE('',#3697,#5623);
#5623 = DEFINITIONAL_REPRESENTATION('',(#5624),#5632);
#5624 = ( BOUNDED_CURVE() B_SPLINE_CURVE(2,(#5625,#5626,#5627,#5628,
#5629,#5630,#5631),.UNSPECIFIED.,.T.,.F.) B_SPLINE_CURVE_WITH_KNOTS((1,2
    ,2,2,2,1),(-2.094395102393,0.,2.094395102393,4.188790204786,
6.28318530718,8.377580409573),.UNSPECIFIED.) CURVE() 
GEOMETRIC_REPRESENTATION_ITEM() RATIONAL_B_SPLINE_CURVE((1.,0.5,1.,0.5,
1.,0.5,1.)) REPRESENTATION_ITEM('') );
#5625 = CARTESIAN_POINT('',(12.,-7.187288144848E-16));
#5626 = CARTESIAN_POINT('',(12.,-20.78460969082));
#5627 = CARTESIAN_POINT('',(-6.,-10.39230484541));
#5628 = CARTESIAN_POINT('',(-24.,-3.657881132438E-15));
#5629 = CARTESIAN_POINT('',(-6.,10.392304845413));
#5630 = CARTESIAN_POINT('',(12.,20.784609690827));
#5631 = CARTESIAN_POINT('',(12.,-7.187288144848E-16));
#5632 = ( GEOMETRIC_REPRESENTATION_CONTEXT(2) 
PARAMETRIC_REPRESENTATION_CONTEXT() REPRESENTATION_CONTEXT('2D SPACE',''
  ) );
#5633 = PCURVE('',#5634,#5639);
#5634 = CYLINDRICAL_SURFACE('',#5635,12.);
#5635 = AXIS2_PLACEMENT_3D('',#5636,#5637,#5638);
#5636 = CARTESIAN_POINT('',(0.,0.,-20.));
#5637 = DIRECTION('',(-0.,-0.,-1.));
#5638 = DIRECTION('',(1.,0.,0.));
#5639 = DEFINITIONAL_REPRESENTATION('',(#5640),#5644);
#5640 = LINE('',#5641,#5642);
#5641 = CARTESIAN_POINT('',(-6.28318530718,-22.));
#5642 = VECTOR('',#5643,1.);
#5643 = DIRECTION('',(1.,-0.));
#5644 = ( GEOMETRIC_REPRESENTATION_CONTEXT(2) 
PARAMETRIC_REPRESENTATION_CONTEXT() REPRESENTATION_CONTEXT('2D SPACE',''
  ) );
#5645 = ADVANCED_FACE('',(#5646),#3867,.F.);
#5646 = FACE_BOUND('',#5647,.F.);
#5647 = EDGE_LOOP('',(#5648,#5649,#5650,#5651,#5652,#5653,#5674,#5707));
#5648 = ORIENTED_EDGE('',*,*,#5452,.F.);
#5649 = ORIENTED_EDGE('',*,*,#3851,.T.);
#5650 = ORIENTED_EDGE('',*,*,#5576,.T.);
#5651 = ORIENTED_EDGE('',*,*,#4000,.F.);
#5652 = ORIENTED_EDGE('',*,*,#5538,.F.);
#5653 = ORIENTED_EDGE('',*,*,#5654,.F.);
#5654 = EDGE_CURVE('',#5655,#5510,#5657,.T.);
#5655 = VERTEX_POINT('',#5656);
#5656 = CARTESIAN_POINT('',(-1.432536316735,20.850847457627,0.));
#5657 = SURFACE_CURVE('',#5658,(#5662,#5668),.PCURVE_S1.);
#5658 = LINE('',#5659,#5660);
#5659 = CARTESIAN_POINT('',(-1.432536316735,20.850847457627,-3.));
#5660 = VECTOR('',#5661,1.);
#5661 = DIRECTION('',(-0.,-0.,-1.));
#5662 = PCURVE('',#3867,#5663);
#5663 = DEFINITIONAL_REPRESENTATION('',(#5664),#5667);
#5664 = B_SPLINE_CURVE_WITH_KNOTS('',1,(#5665,#5666),.UNSPECIFIED.,.F.,
  .F.,(2,2),(-3.0000006,5.999999999062E-07),.PIECEWISE_BEZIER_KNOTS.);
#5665 = CARTESIAN_POINT('',(2.051167631702,-20.0000006));
#5666 = CARTESIAN_POINT('',(2.051167631702,-16.9999994));
#5667 = ( GEOMETRIC_REPRESENTATION_CONTEXT(2) 
PARAMETRIC_REPRESENTATION_CONTEXT() REPRESENTATION_CONTEXT('2D SPACE',''
  ) );
#5668 = PCURVE('',#5526,#5669);
#5669 = DEFINITIONAL_REPRESENTATION('',(#5670),#5673);
#5670 = B_SPLINE_CURVE_WITH_KNOTS('',1,(#5671,#5672),.UNSPECIFIED.,.F.,
  .F.,(2,2),(-3.0000006,5.999999999062E-07),.PIECEWISE_BEZIER_KNOTS.);
#5671 = CARTESIAN_POINT('',(-1.639392517486,-3.0000006));
#5672 = CARTESIAN_POINT('',(-1.639392517486,5.999999999062E-07));
#5673 = ( GEOMETRIC_REPRESENTATION_CONTEXT(2) 
PARAMETRIC_REPRESENTATION_CONTEXT() REPRESENTATION_CONTEXT('2D SPACE',''
  ) );
#5674 = ORIENTED_EDGE('',*,*,#5675,.F.);
#5675 = EDGE_CURVE('',#5676,#5655,#5678,.T.);
#5676 = VERTEX_POINT('',#5677);
#5677 = CARTESIAN_POINT('',(1.432536316735,20.850847457627,0.));
#5678 = SURFACE_CURVE('',#5679,(#5684,#5691),.PCURVE_S1.);
#5679 = CIRCLE('',#5680,3.1);
#5680 = AXIS2_PLACEMENT_3D('',#5681,#5682,#5683);
#5681 = CARTESIAN_POINT('',(1.09668586407E-15,23.6,0.));
#5682 = DIRECTION('',(0.,0.,-1.));
#5683 = DIRECTION('',(1.,3.223228136009E-17,0.));
#5684 = PCURVE('',#3867,#5685);
#5685 = DEFINITIONAL_REPRESENTATION('',(#5686),#5690);
#5686 = LINE('',#5687,#5688);
#5687 = CARTESIAN_POINT('',(0.,-20.));
#5688 = VECTOR('',#5689,1.);
#5689 = DIRECTION('',(1.,0.));
#5690 = ( GEOMETRIC_REPRESENTATION_CONTEXT(2) 
PARAMETRIC_REPRESENTATION_CONTEXT() REPRESENTATION_CONTEXT('2D SPACE',''
  ) );
#5691 = PCURVE('',#5692,#5697);
#5692 = PLANE('',#5693);
#5693 = AXIS2_PLACEMENT_3D('',#5694,#5695,#5696);
#5694 = CARTESIAN_POINT('',(-2.734880265079E-15,1.687072141469E-15,0.));
#5695 = DIRECTION('',(0.,0.,1.));
#5696 = DIRECTION('',(1.,0.,-0.));
#5697 = DEFINITIONAL_REPRESENTATION('',(#5698),#5706);
#5698 = ( BOUNDED_CURVE() B_SPLINE_CURVE(2,(#5699,#5700,#5701,#5702,
#5703,#5704,#5705),.UNSPECIFIED.,.T.,.F.) B_SPLINE_CURVE_WITH_KNOTS((1,2
    ,2,2,2,1),(-2.094395102393,0.,2.094395102393,4.188790204786,
6.28318530718,8.377580409573),.UNSPECIFIED.) CURVE() 
GEOMETRIC_REPRESENTATION_ITEM() RATIONAL_B_SPLINE_CURVE((1.,0.5,1.,0.5,
1.,0.5,1.)) REPRESENTATION_ITEM('') );
#5699 = CARTESIAN_POINT('',(3.1,23.6));
#5700 = CARTESIAN_POINT('',(3.1,18.230642496536));
#5701 = CARTESIAN_POINT('',(-1.55,20.915321248268));
#5702 = CARTESIAN_POINT('',(-6.2,23.6));
#5703 = CARTESIAN_POINT('',(-1.55,26.284678751732));
#5704 = CARTESIAN_POINT('',(3.1,28.969357503464));
#5705 = CARTESIAN_POINT('',(3.1,23.6));
#5706 = ( GEOMETRIC_REPRESENTATION_CONTEXT(2) 
PARAMETRIC_REPRESENTATION_CONTEXT() REPRESENTATION_CONTEXT('2D SPACE',''
  ) );
#5707 = ORIENTED_EDGE('',*,*,#5708,.T.);
#5708 = EDGE_CURVE('',#5676,#5453,#5709,.T.);
#5709 = SURFACE_CURVE('',#5710,(#5714,#5720),.PCURVE_S1.);
#5710 = LINE('',#5711,#5712);
#5711 = CARTESIAN_POINT('',(1.432536316735,20.850847457627,-3.));
#5712 = VECTOR('',#5713,1.);
#5713 = DIRECTION('',(-0.,-0.,-1.));
#5714 = PCURVE('',#3867,#5715);
#5715 = DEFINITIONAL_REPRESENTATION('',(#5716),#5719);
#5716 = B_SPLINE_CURVE_WITH_KNOTS('',1,(#5717,#5718),.UNSPECIFIED.,.F.,
  .F.,(2,2),(-3.0000006,5.999999999062E-07),.PIECEWISE_BEZIER_KNOTS.);
#5717 = CARTESIAN_POINT('',(1.090425021888,-20.0000006));
#5718 = CARTESIAN_POINT('',(1.090425021888,-16.9999994));
#5719 = ( GEOMETRIC_REPRESENTATION_CONTEXT(2) 
PARAMETRIC_REPRESENTATION_CONTEXT() REPRESENTATION_CONTEXT('2D SPACE',''
  ) );
#5720 = PCURVE('',#5497,#5721);
#5721 = DEFINITIONAL_REPRESENTATION('',(#5722),#5725);
#5722 = B_SPLINE_CURVE_WITH_KNOTS('',1,(#5723,#5724),.UNSPECIFIED.,.F.,
  .F.,(2,2),(-3.0000006,5.999999999062E-07),.PIECEWISE_BEZIER_KNOTS.);
#5723 = CARTESIAN_POINT('',(-1.502200136104,-3.0000006));
#5724 = CARTESIAN_POINT('',(-1.502200136104,5.999999999062E-07));
#5725 = ( GEOMETRIC_REPRESENTATION_CONTEXT(2) 
PARAMETRIC_REPRESENTATION_CONTEXT() REPRESENTATION_CONTEXT('2D SPACE',''
  ) );
#5726 = ADVANCED_FACE('',(#5727),#5526,.F.);
#5727 = FACE_BOUND('',#5728,.T.);
#5728 = EDGE_LOOP('',(#5729,#5753,#5774,#5775));
#5729 = ORIENTED_EDGE('',*,*,#5730,.T.);
#5730 = EDGE_CURVE('',#5655,#5731,#5733,.T.);
#5731 = VERTEX_POINT('',#5732);
#5732 = CARTESIAN_POINT('',(20.9,-8.628779536711E-16,0.));
#5733 = SURFACE_CURVE('',#5734,(#5739,#5746),.PCURVE_S1.);
#5734 = CIRCLE('',#5735,20.9);
#5735 = AXIS2_PLACEMENT_3D('',#5736,#5737,#5738);
#5736 = CARTESIAN_POINT('',(1.191989025406E-13,-8.628779536711E-16,0.));
#5737 = DIRECTION('',(0.,0.,1.));
#5738 = DIRECTION('',(1.,0.,0.));
#5739 = PCURVE('',#5526,#5740);
#5740 = DEFINITIONAL_REPRESENTATION('',(#5741),#5745);
#5741 = LINE('',#5742,#5743);
#5742 = CARTESIAN_POINT('',(-0.,-3.));
#5743 = VECTOR('',#5744,1.);
#5744 = DIRECTION('',(-1.,0.));
#5745 = ( GEOMETRIC_REPRESENTATION_CONTEXT(2) 
PARAMETRIC_REPRESENTATION_CONTEXT() REPRESENTATION_CONTEXT('2D SPACE',''
  ) );
#5746 = PCURVE('',#5692,#5747);
#5747 = DEFINITIONAL_REPRESENTATION('',(#5748),#5752);
#5748 = CIRCLE('',#5749,20.9);
#5749 = AXIS2_PLACEMENT_2D('',#5750,#5751);
#5750 = CARTESIAN_POINT('',(1.219337828056E-13,-2.549950095141E-15));
#5751 = DIRECTION('',(1.,0.));
#5752 = ( GEOMETRIC_REPRESENTATION_CONTEXT(2) 
PARAMETRIC_REPRESENTATION_CONTEXT() REPRESENTATION_CONTEXT('2D SPACE',''
  ) );
#5753 = ORIENTED_EDGE('',*,*,#5754,.F.);
#5754 = EDGE_CURVE('',#5481,#5731,#5755,.T.);
#5755 = SURFACE_CURVE('',#5756,(#5760,#5767),.PCURVE_S1.);
#5756 = LINE('',#5757,#5758);
#5757 = CARTESIAN_POINT('',(20.9,-8.628779536711E-16,-3.));
#5758 = VECTOR('',#5759,1.);
#5759 = DIRECTION('',(0.,0.,1.));
#5760 = PCURVE('',#5526,#5761);
#5761 = DEFINITIONAL_REPRESENTATION('',(#5762),#5766);
#5762 = LINE('',#5763,#5764);
#5763 = CARTESIAN_POINT('',(-6.28318530718,0.));
#5764 = VECTOR('',#5765,1.);
#5765 = DIRECTION('',(-0.,-1.));
#5766 = ( GEOMETRIC_REPRESENTATION_CONTEXT(2) 
PARAMETRIC_REPRESENTATION_CONTEXT() REPRESENTATION_CONTEXT('2D SPACE',''
  ) );
#5767 = PCURVE('',#5497,#5768);
#5768 = DEFINITIONAL_REPRESENTATION('',(#5769),#5773);
#5769 = LINE('',#5770,#5771);
#5770 = CARTESIAN_POINT('',(-0.,0.));
#5771 = VECTOR('',#5772,1.);
#5772 = DIRECTION('',(-0.,-1.));
#5773 = ( GEOMETRIC_REPRESENTATION_CONTEXT(2) 
PARAMETRIC_REPRESENTATION_CONTEXT() REPRESENTATION_CONTEXT('2D SPACE',''
  ) );
#5774 = ORIENTED_EDGE('',*,*,#5509,.F.);
#5775 = ORIENTED_EDGE('',*,*,#5654,.F.);
#5776 = ADVANCED_FACE('',(#5777),#5497,.F.);
#5777 = FACE_BOUND('',#5778,.T.);
#5778 = EDGE_LOOP('',(#5779,#5780,#5781,#5803));
#5779 = ORIENTED_EDGE('',*,*,#5480,.F.);
#5780 = ORIENTED_EDGE('',*,*,#5754,.T.);
#5781 = ORIENTED_EDGE('',*,*,#5782,.T.);
#5782 = EDGE_CURVE('',#5731,#5676,#5783,.T.);
#5783 = SURFACE_CURVE('',#5784,(#5789,#5796),.PCURVE_S1.);
#5784 = CIRCLE('',#5785,20.9);
#5785 = AXIS2_PLACEMENT_3D('',#5786,#5787,#5788);
#5786 = CARTESIAN_POINT('',(1.191989025406E-13,-8.628779536711E-16,0.));
#5787 = DIRECTION('',(0.,0.,1.));
#5788 = DIRECTION('',(1.,0.,0.));
#5789 = PCURVE('',#5497,#5790);
#5790 = DEFINITIONAL_REPRESENTATION('',(#5791),#5795);
#5791 = LINE('',#5792,#5793);
#5792 = CARTESIAN_POINT('',(-0.,-3.));
#5793 = VECTOR('',#5794,1.);
#5794 = DIRECTION('',(-1.,0.));
#5795 = ( GEOMETRIC_REPRESENTATION_CONTEXT(2) 
PARAMETRIC_REPRESENTATION_CONTEXT() REPRESENTATION_CONTEXT('2D SPACE',''
  ) );
#5796 = PCURVE('',#5692,#5797);
#5797 = DEFINITIONAL_REPRESENTATION('',(#5798),#5802);
#5798 = CIRCLE('',#5799,20.9);
#5799 = AXIS2_PLACEMENT_2D('',#5800,#5801);
#5800 = CARTESIAN_POINT('',(1.219337828056E-13,-2.549950095141E-15));
#5801 = DIRECTION('',(1.,0.));
#5802 = ( GEOMETRIC_REPRESENTATION_CONTEXT(2) 
PARAMETRIC_REPRESENTATION_CONTEXT() REPRESENTATION_CONTEXT('2D SPACE',''
  ) );
#5803 = ORIENTED_EDGE('',*,*,#5708,.T.);
#5804 = ADVANCED_FACE('',(#5805),#5634,.F.);
#5805 = FACE_BOUND('',#5806,.T.);
#5806 = EDGE_LOOP('',(#5807,#5808,#5831,#5858));
#5807 = ORIENTED_EDGE('',*,*,#5613,.F.);
#5808 = ORIENTED_EDGE('',*,*,#5809,.T.);
#5809 = EDGE_CURVE('',#5614,#5810,#5812,.T.);
#5810 = VERTEX_POINT('',#5811);
#5811 = CARTESIAN_POINT('',(12.,2.124508185672E-16,-4.));
#5812 = SEAM_CURVE('',#5813,(#5817,#5824),.PCURVE_S1.);
#5813 = LINE('',#5814,#5815);
#5814 = CARTESIAN_POINT('',(12.,0.,6.));
#5815 = VECTOR('',#5816,1.);
#5816 = DIRECTION('',(7.638334409421E-15,2.124508185672E-17,-1.));
#5817 = PCURVE('',#5634,#5818);
#5818 = DEFINITIONAL_REPRESENTATION('',(#5819),#5823);
#5819 = LINE('',#5820,#5821);
#5820 = CARTESIAN_POINT('',(-0.,-26.));
#5821 = VECTOR('',#5822,1.);
#5822 = DIRECTION('',(0.,1.));
#5823 = ( GEOMETRIC_REPRESENTATION_CONTEXT(2) 
PARAMETRIC_REPRESENTATION_CONTEXT() REPRESENTATION_CONTEXT('2D SPACE',''
  ) );
#5824 = PCURVE('',#5634,#5825);
#5825 = DEFINITIONAL_REPRESENTATION('',(#5826),#5830);
#5826 = LINE('',#5827,#5828);
#5827 = CARTESIAN_POINT('',(-6.28318530718,-26.));
#5828 = VECTOR('',#5829,1.);
#5829 = DIRECTION('',(0.,1.));
#5830 = ( GEOMETRIC_REPRESENTATION_CONTEXT(2) 
PARAMETRIC_REPRESENTATION_CONTEXT() REPRESENTATION_CONTEXT('2D SPACE',''
  ) );
#5831 = ORIENTED_EDGE('',*,*,#5832,.F.);
#5832 = EDGE_CURVE('',#5810,#5810,#5833,.T.);
#5833 = SURFACE_CURVE('',#5834,(#5839,#5846),.PCURVE_S1.);
#5834 = CIRCLE('',#5835,12.);
#5835 = AXIS2_PLACEMENT_3D('',#5836,#5837,#5838);
#5836 = CARTESIAN_POINT('',(7.555092137322E-14,2.124508185672E-16,-4.));
#5837 = DIRECTION('',(0.,0.,1.));
#5838 = DIRECTION('',(1.,0.,0.));
#5839 = PCURVE('',#5634,#5840);
#5840 = DEFINITIONAL_REPRESENTATION('',(#5841),#5845);
#5841 = LINE('',#5842,#5843);
#5842 = CARTESIAN_POINT('',(-0.,-16.));
#5843 = VECTOR('',#5844,1.);
#5844 = DIRECTION('',(-1.,0.));
#5845 = ( GEOMETRIC_REPRESENTATION_CONTEXT(2) 
PARAMETRIC_REPRESENTATION_CONTEXT() REPRESENTATION_CONTEXT('2D SPACE',''
  ) );
#5846 = PCURVE('',#5847,#5852);
#5847 = PLANE('',#5848);
#5848 = AXIS2_PLACEMENT_3D('',#5849,#5850,#5851);
#5849 = CARTESIAN_POINT('',(-6.990109303716E-16,7.59164447188E-16,-4.));
#5850 = DIRECTION('',(0.,0.,1.));
#5851 = DIRECTION('',(1.,0.,-0.));
#5852 = DEFINITIONAL_REPRESENTATION('',(#5853),#5857);
#5853 = CIRCLE('',#5854,12.);
#5854 = AXIS2_PLACEMENT_2D('',#5855,#5856);
#5855 = CARTESIAN_POINT('',(7.62499323036E-14,-5.467136286208E-16));
#5856 = DIRECTION('',(1.,0.));
#5857 = ( GEOMETRIC_REPRESENTATION_CONTEXT(2) 
PARAMETRIC_REPRESENTATION_CONTEXT() REPRESENTATION_CONTEXT('2D SPACE',''
  ) );
#5858 = ORIENTED_EDGE('',*,*,#5809,.F.);
#5859 = ADVANCED_FACE('',(#5860,#5865),#5692,.F.);
#5860 = FACE_BOUND('',#5861,.F.);
#5861 = EDGE_LOOP('',(#5862,#5863,#5864));
#5862 = ORIENTED_EDGE('',*,*,#5730,.T.);
#5863 = ORIENTED_EDGE('',*,*,#5782,.T.);
#5864 = ORIENTED_EDGE('',*,*,#5675,.T.);
#5865 = FACE_BOUND('',#5866,.F.);
#5866 = EDGE_LOOP('',(#5867));
#5867 = ORIENTED_EDGE('',*,*,#5868,.F.);
#5868 = EDGE_CURVE('',#5869,#5869,#5871,.T.);
#5869 = VERTEX_POINT('',#5870);
#5870 = CARTESIAN_POINT('',(15.65,0.,0.));
#5871 = SURFACE_CURVE('',#5872,(#5877,#5884),.PCURVE_S1.);
#5872 = CIRCLE('',#5873,15.65);
#5873 = AXIS2_PLACEMENT_3D('',#5874,#5875,#5876);
#5874 = CARTESIAN_POINT('',(0.,0.,0.));
#5875 = DIRECTION('',(0.,0.,1.));
#5876 = DIRECTION('',(1.,0.,0.));
#5877 = PCURVE('',#5692,#5878);
#5878 = DEFINITIONAL_REPRESENTATION('',(#5879),#5883);
#5879 = CIRCLE('',#5880,15.65);
#5880 = AXIS2_PLACEMENT_2D('',#5881,#5882);
#5881 = CARTESIAN_POINT('',(2.734880265079E-15,-1.687072141469E-15));
#5882 = DIRECTION('',(1.,0.));
#5883 = ( GEOMETRIC_REPRESENTATION_CONTEXT(2) 
PARAMETRIC_REPRESENTATION_CONTEXT() REPRESENTATION_CONTEXT('2D SPACE',''
  ) );
#5884 = PCURVE('',#5885,#5890);
#5885 = CYLINDRICAL_SURFACE('',#5886,15.65);
#5886 = AXIS2_PLACEMENT_3D('',#5887,#5888,#5889);
#5887 = CARTESIAN_POINT('',(0.,0.,-4.));
#5888 = DIRECTION('',(-0.,-0.,-1.));
#5889 = DIRECTION('',(1.,0.,0.));
#5890 = DEFINITIONAL_REPRESENTATION('',(#5891),#5895);
#5891 = LINE('',#5892,#5893);
#5892 = CARTESIAN_POINT('',(-0.,-4.));
#5893 = VECTOR('',#5894,1.);
#5894 = DIRECTION('',(-1.,0.));
#5895 = ( GEOMETRIC_REPRESENTATION_CONTEXT(2) 
PARAMETRIC_REPRESENTATION_CONTEXT() REPRESENTATION_CONTEXT('2D SPACE',''
  ) );
#5896 = ADVANCED_FACE('',(#5897,#5928),#5847,.F.);
#5897 = FACE_BOUND('',#5898,.F.);
#5898 = EDGE_LOOP('',(#5899));
#5899 = ORIENTED_EDGE('',*,*,#5900,.T.);
#5900 = EDGE_CURVE('',#5901,#5901,#5903,.T.);
#5901 = VERTEX_POINT('',#5902);
#5902 = CARTESIAN_POINT('',(14.85,0.,-4.));
#5903 = SURFACE_CURVE('',#5904,(#5909,#5916),.PCURVE_S1.);
#5904 = CIRCLE('',#5905,14.85);
#5905 = AXIS2_PLACEMENT_3D('',#5906,#5907,#5908);
#5906 = CARTESIAN_POINT('',(0.,0.,-4.));
#5907 = DIRECTION('',(0.,0.,1.));
#5908 = DIRECTION('',(1.,0.,-0.));
#5909 = PCURVE('',#5847,#5910);
#5910 = DEFINITIONAL_REPRESENTATION('',(#5911),#5915);
#5911 = CIRCLE('',#5912,14.85);
#5912 = AXIS2_PLACEMENT_2D('',#5913,#5914);
#5913 = CARTESIAN_POINT('',(6.990109303716E-16,-7.59164447188E-16));
#5914 = DIRECTION('',(1.,0.));
#5915 = ( GEOMETRIC_REPRESENTATION_CONTEXT(2) 
PARAMETRIC_REPRESENTATION_CONTEXT() REPRESENTATION_CONTEXT('2D SPACE',''
  ) );
#5916 = PCURVE('',#5917,#5922);
#5917 = CONICAL_SURFACE('',#5918,15.65,0.785398163397);
#5918 = AXIS2_PLACEMENT_3D('',#5919,#5920,#5921);
#5919 = CARTESIAN_POINT('',(0.,0.,-3.2));
#5920 = DIRECTION('',(0.,0.,1.));
#5921 = DIRECTION('',(1.,0.,-0.));
#5922 = DEFINITIONAL_REPRESENTATION('',(#5923),#5927);
#5923 = LINE('',#5924,#5925);
#5924 = CARTESIAN_POINT('',(0.,-0.8));
#5925 = VECTOR('',#5926,1.);
#5926 = DIRECTION('',(1.,-0.));
#5927 = ( GEOMETRIC_REPRESENTATION_CONTEXT(2) 
PARAMETRIC_REPRESENTATION_CONTEXT() REPRESENTATION_CONTEXT('2D SPACE',''
  ) );
#5928 = FACE_BOUND('',#5929,.F.);
#5929 = EDGE_LOOP('',(#5930));
#5930 = ORIENTED_EDGE('',*,*,#5832,.F.);
#5931 = ADVANCED_FACE('',(#5932),#5885,.T.);
#5932 = FACE_BOUND('',#5933,.F.);
#5933 = EDGE_LOOP('',(#5934,#5957,#5958,#5959));
#5934 = ORIENTED_EDGE('',*,*,#5935,.T.);
#5935 = EDGE_CURVE('',#5936,#5869,#5938,.T.);
#5936 = VERTEX_POINT('',#5937);
#5937 = CARTESIAN_POINT('',(15.65,0.,-3.2));
#5938 = SEAM_CURVE('',#5939,(#5943,#5950),.PCURVE_S1.);
#5939 = LINE('',#5940,#5941);
#5940 = CARTESIAN_POINT('',(15.65,0.,-4.));
#5941 = VECTOR('',#5942,1.);
#5942 = DIRECTION('',(0.,0.,1.));
#5943 = PCURVE('',#5885,#5944);
#5944 = DEFINITIONAL_REPRESENTATION('',(#5945),#5949);
#5945 = LINE('',#5946,#5947);
#5946 = CARTESIAN_POINT('',(-0.,0.));
#5947 = VECTOR('',#5948,1.);
#5948 = DIRECTION('',(-0.,-1.));
#5949 = ( GEOMETRIC_REPRESENTATION_CONTEXT(2) 
PARAMETRIC_REPRESENTATION_CONTEXT() REPRESENTATION_CONTEXT('2D SPACE',''
  ) );
#5950 = PCURVE('',#5885,#5951);
#5951 = DEFINITIONAL_REPRESENTATION('',(#5952),#5956);
#5952 = LINE('',#5953,#5954);
#5953 = CARTESIAN_POINT('',(-6.28318530718,0.));
#5954 = VECTOR('',#5955,1.);
#5955 = DIRECTION('',(-0.,-1.));
#5956 = ( GEOMETRIC_REPRESENTATION_CONTEXT(2) 
PARAMETRIC_REPRESENTATION_CONTEXT() REPRESENTATION_CONTEXT('2D SPACE',''
  ) );
#5957 = ORIENTED_EDGE('',*,*,#5868,.T.);
#5958 = ORIENTED_EDGE('',*,*,#5935,.F.);
#5959 = ORIENTED_EDGE('',*,*,#5960,.F.);
#5960 = EDGE_CURVE('',#5936,#5936,#5961,.T.);
#5961 = SURFACE_CURVE('',#5962,(#5967,#5974),.PCURVE_S1.);
#5962 = CIRCLE('',#5963,15.65);
#5963 = AXIS2_PLACEMENT_3D('',#5964,#5965,#5966);
#5964 = CARTESIAN_POINT('',(0.,0.,-3.2));
#5965 = DIRECTION('',(0.,0.,1.));
#5966 = DIRECTION('',(1.,0.,-0.));
#5967 = PCURVE('',#5885,#5968);
#5968 = DEFINITIONAL_REPRESENTATION('',(#5969),#5973);
#5969 = LINE('',#5970,#5971);
#5970 = CARTESIAN_POINT('',(-0.,-0.8));
#5971 = VECTOR('',#5972,1.);
#5972 = DIRECTION('',(-1.,0.));
#5973 = ( GEOMETRIC_REPRESENTATION_CONTEXT(2) 
PARAMETRIC_REPRESENTATION_CONTEXT() REPRESENTATION_CONTEXT('2D SPACE',''
  ) );
#5974 = PCURVE('',#5917,#5975);
#5975 = DEFINITIONAL_REPRESENTATION('',(#5976),#5980);
#5976 = LINE('',#5977,#5978);
#5977 = CARTESIAN_POINT('',(0.,-0.));
#5978 = VECTOR('',#5979,1.);
#5979 = DIRECTION('',(1.,-0.));
#5980 = ( GEOMETRIC_REPRESENTATION_CONTEXT(2) 
PARAMETRIC_REPRESENTATION_CONTEXT() REPRESENTATION_CONTEXT('2D SPACE',''
  ) );
#5981 = ADVANCED_FACE('',(#5982),#5917,.T.);
#5982 = FACE_BOUND('',#5983,.F.);
#5983 = EDGE_LOOP('',(#5984,#6003,#6004,#6005));
#5984 = ORIENTED_EDGE('',*,*,#5985,.F.);
#5985 = EDGE_CURVE('',#5936,#5901,#5986,.T.);
#5986 = SEAM_CURVE('',#5987,(#5991,#5997),.PCURVE_S1.);
#5987 = LINE('',#5988,#5989);
#5988 = CARTESIAN_POINT('',(15.65,0.,-3.2));
#5989 = VECTOR('',#5990,1.);
#5990 = DIRECTION('',(-0.707106781187,-0.,-0.707106781187));
#5991 = PCURVE('',#5917,#5992);
#5992 = DEFINITIONAL_REPRESENTATION('',(#5993),#5996);
#5993 = B_SPLINE_CURVE_WITH_KNOTS('',1,(#5994,#5995),.UNSPECIFIED.,.F.,
  .F.,(2,2),(0.,1.131370849898),.PIECEWISE_BEZIER_KNOTS.);
#5994 = CARTESIAN_POINT('',(0.,0.));
#5995 = CARTESIAN_POINT('',(0.,-0.8));
#5996 = ( GEOMETRIC_REPRESENTATION_CONTEXT(2) 
PARAMETRIC_REPRESENTATION_CONTEXT() REPRESENTATION_CONTEXT('2D SPACE',''
  ) );
#5997 = PCURVE('',#5917,#5998);
#5998 = DEFINITIONAL_REPRESENTATION('',(#5999),#6002);
#5999 = B_SPLINE_CURVE_WITH_KNOTS('',1,(#6000,#6001),.UNSPECIFIED.,.F.,
  .F.,(2,2),(0.,1.131370849898),.PIECEWISE_BEZIER_KNOTS.);
#6000 = CARTESIAN_POINT('',(6.28318530718,0.));
#6001 = CARTESIAN_POINT('',(6.28318530718,-0.8));
#6002 = ( GEOMETRIC_REPRESENTATION_CONTEXT(2) 
PARAMETRIC_REPRESENTATION_CONTEXT() REPRESENTATION_CONTEXT('2D SPACE',''
  ) );
#6003 = ORIENTED_EDGE('',*,*,#5960,.T.);
#6004 = ORIENTED_EDGE('',*,*,#5985,.T.);
#6005 = ORIENTED_EDGE('',*,*,#5900,.F.);
#6006 = ( GEOMETRIC_REPRESENTATION_CONTEXT(3) 
GLOBAL_UNCERTAINTY_ASSIGNED_CONTEXT((#6010)) 
GLOBAL_UNIT_ASSIGNED_CONTEXT((#6007,#6008,#6009)) REPRESENTATION_CONTEXT
('Context #1','3D Context with UNIT and UNCERTAINTY') );
#6007 = ( LENGTH_UNIT() NAMED_UNIT(*) SI_UNIT(.MILLI.,.METRE.) );
#6008 = ( NAMED_UNIT(*) PLANE_ANGLE_UNIT() SI_UNIT($,.RADIAN.) );
#6009 = ( NAMED_UNIT(*) SI_UNIT($,.STERADIAN.) SOLID_ANGLE_UNIT() );
#6010 = UNCERTAINTY_MEASURE_WITH_UNIT(LENGTH_MEASURE(1.E-07),#6007,
  'distance_accuracy_value','confusion accuracy');
#6011 = CONTEXT_DEPENDENT_SHAPE_REPRESENTATION(#6012,#6014);
#6012 = ( REPRESENTATION_RELATIONSHIP('','',#1147,#10) 
REPRESENTATION_RELATIONSHIP_WITH_TRANSFORMATION(#6013) 
SHAPE_REPRESENTATION_RELATIONSHIP() );
#6013 = ITEM_DEFINED_TRANSFORMATION('','',#11,#19);
#6014 = PRODUCT_DEFINITION_SHAPE('Placement','Placement of an item',
  #6015);
#6015 = NEXT_ASSEMBLY_USAGE_OCCURRENCE('13','bracket','',#5,#1142,$);
#6016 = PRODUCT_RELATED_PRODUCT_CATEGORY('part',$,(#1144));
#6017 = SHAPE_DEFINITION_REPRESENTATION(#6018,#6024);
#6018 = PRODUCT_DEFINITION_SHAPE('','',#6019);
#6019 = PRODUCT_DEFINITION('design','',#6020,#6023);
#6020 = PRODUCT_DEFINITION_FORMATION('','',#6021);
#6021 = PRODUCT('d435_envelope','d435_envelope','',(#6022));
#6022 = PRODUCT_CONTEXT('',#2,'mechanical');
#6023 = PRODUCT_DEFINITION_CONTEXT('part definition',#2,'design');
#6024 = ADVANCED_BREP_SHAPE_REPRESENTATION('',(#11,#6025),#8816);
#6025 = MANIFOLD_SOLID_BREP('',#6026);
#6026 = CLOSED_SHELL('',(#6027,#6205,#6288,#6484,#6540,#6618,#6673,#6706
    ,#6738,#6814,#6968,#7017,#7066,#7093,#7120,#7469,#7545,#7634,#7946,
    #7979,#8057,#8133,#8161,#8168,#8252,#8284,#8368,#8400,#8484,#8516,
    #8571,#8642,#8697,#8752,#8758,#8787,#8793,#8797,#8801,#8805,#8812));
#6027 = ADVANCED_FACE('',(#6028),#6042,.F.);
#6028 = FACE_BOUND('',#6029,.F.);
#6029 = EDGE_LOOP('',(#6030,#6065,#6094,#6122,#6151,#6179));
#6030 = ORIENTED_EDGE('',*,*,#6031,.T.);
#6031 = EDGE_CURVE('',#6032,#6034,#6036,.T.);
#6032 = VERTEX_POINT('',#6033);
#6033 = CARTESIAN_POINT('',(76.367532368147,12.727922061358,-15.05));
#6034 = VERTEX_POINT('',#6035);
#6035 = CARTESIAN_POINT('',(76.367532368147,12.727922061358,-2.));
#6036 = SURFACE_CURVE('',#6037,(#6041,#6053),.PCURVE_S1.);
#6037 = LINE('',#6038,#6039);
#6038 = CARTESIAN_POINT('',(76.367532368147,12.727922061358,-15.05));
#6039 = VECTOR('',#6040,1.);
#6040 = DIRECTION('',(0.,0.,1.));
#6041 = PCURVE('',#6042,#6047);
#6042 = PLANE('',#6043);
#6043 = AXIS2_PLACEMENT_3D('',#6044,#6045,#6046);
#6044 = CARTESIAN_POINT('',(73.539105243401,9.899494936612,-19.05));
#6045 = DIRECTION('',(-0.707106781187,0.707106781187,0.));
#6046 = DIRECTION('',(0.707106781187,0.707106781187,0.));
#6047 = DEFINITIONAL_REPRESENTATION('',(#6048),#6052);
#6048 = LINE('',#6049,#6050);
#6049 = CARTESIAN_POINT('',(4.,-4.));
#6050 = VECTOR('',#6051,1.);
#6051 = DIRECTION('',(0.,-1.));
#6052 = ( GEOMETRIC_REPRESENTATION_CONTEXT(2) 
PARAMETRIC_REPRESENTATION_CONTEXT() REPRESENTATION_CONTEXT('2D SPACE',''
  ) );
#6053 = PCURVE('',#6054,#6059);
#6054 = CYLINDRICAL_SURFACE('',#6055,4.);
#6055 = AXIS2_PLACEMENT_3D('',#6056,#6057,#6058);
#6056 = CARTESIAN_POINT('',(73.539105243401,15.556349186104,-15.05));
#6057 = DIRECTION('',(0.,0.,1.));
#6058 = DIRECTION('',(0.707106781187,-0.707106781187,0.));
#6059 = DEFINITIONAL_REPRESENTATION('',(#6060),#6064);
#6060 = LINE('',#6061,#6062);
#6061 = CARTESIAN_POINT('',(-0.,0.));
#6062 = VECTOR('',#6063,1.);
#6063 = DIRECTION('',(-0.,1.));
#6064 = ( GEOMETRIC_REPRESENTATION_CONTEXT(2) 
PARAMETRIC_REPRESENTATION_CONTEXT() REPRESENTATION_CONTEXT('2D SPACE',''
  ) );
#6065 = ORIENTED_EDGE('',*,*,#6066,.T.);
#6066 = EDGE_CURVE('',#6034,#6067,#6069,.T.);
#6067 = VERTEX_POINT('',#6068);
#6068 = CARTESIAN_POINT('',(79.195959492893,15.556349186104,2.));
#6069 = SURFACE_CURVE('',#6070,(#6075,#6082),.PCURVE_S1.);
#6070 = CIRCLE('',#6071,4.);
#6071 = AXIS2_PLACEMENT_3D('',#6072,#6073,#6074);
#6072 = CARTESIAN_POINT('',(79.195959492893,15.556349186104,-2.));
#6073 = DIRECTION('',(-0.707106781187,0.707106781187,1.126491828437E-33)
  );
#6074 = DIRECTION('',(-0.707106781187,-0.707106781187,1.110223024625E-16
    ));
#6075 = PCURVE('',#6042,#6076);
#6076 = DEFINITIONAL_REPRESENTATION('',(#6077),#6081);
#6077 = CIRCLE('',#6078,4.);
#6078 = AXIS2_PLACEMENT_2D('',#6079,#6080);
#6079 = CARTESIAN_POINT('',(8.,-17.05));
#6080 = DIRECTION('',(-1.,-1.110223024625E-16));
#6081 = ( GEOMETRIC_REPRESENTATION_CONTEXT(2) 
PARAMETRIC_REPRESENTATION_CONTEXT() REPRESENTATION_CONTEXT('2D SPACE',''
  ) );
#6082 = PCURVE('',#6083,#6088);
#6083 = TOROIDAL_SURFACE('',#6084,4.,4.);
#6084 = AXIS2_PLACEMENT_3D('',#6085,#6086,#6087);
#6085 = CARTESIAN_POINT('',(76.367532368147,18.38477631085,-2.));
#6086 = DIRECTION('',(-0.707106781187,0.707106781187,0.));
#6087 = DIRECTION('',(-0.707106781187,-0.707106781187,1.110223024625E-16
    ));
#6088 = DEFINITIONAL_REPRESENTATION('',(#6089),#6093);
#6089 = LINE('',#6090,#6091);
#6090 = CARTESIAN_POINT('',(0.,4.712388980385));
#6091 = VECTOR('',#6092,1.);
#6092 = DIRECTION('',(1.,0.));
#6093 = ( GEOMETRIC_REPRESENTATION_CONTEXT(2) 
PARAMETRIC_REPRESENTATION_CONTEXT() REPRESENTATION_CONTEXT('2D SPACE',''
  ) );
#6094 = ORIENTED_EDGE('',*,*,#6095,.T.);
#6095 = EDGE_CURVE('',#6067,#6096,#6098,.T.);
#6096 = VERTEX_POINT('',#6097);
#6097 = CARTESIAN_POINT('',(85.559920523572,21.920310216783,2.));
#6098 = SURFACE_CURVE('',#6099,(#6103,#6110),.PCURVE_S1.);
#6099 = LINE('',#6100,#6101);
#6100 = CARTESIAN_POINT('',(79.195959492893,15.556349186104,2.));
#6101 = VECTOR('',#6102,1.);
#6102 = DIRECTION('',(0.707106781187,0.707106781187,0.));
#6103 = PCURVE('',#6042,#6104);
#6104 = DEFINITIONAL_REPRESENTATION('',(#6105),#6109);
#6105 = LINE('',#6106,#6107);
#6106 = CARTESIAN_POINT('',(8.,-21.05));
#6107 = VECTOR('',#6108,1.);
#6108 = DIRECTION('',(1.,0.));
#6109 = ( GEOMETRIC_REPRESENTATION_CONTEXT(2) 
PARAMETRIC_REPRESENTATION_CONTEXT() REPRESENTATION_CONTEXT('2D SPACE',''
  ) );
#6110 = PCURVE('',#6111,#6116);
#6111 = CYLINDRICAL_SURFACE('',#6112,4.);
#6112 = AXIS2_PLACEMENT_3D('',#6113,#6114,#6115);
#6113 = CARTESIAN_POINT('',(76.367532368147,18.38477631085,2.));
#6114 = DIRECTION('',(0.707106781187,0.707106781187,0.));
#6115 = DIRECTION('',(0.707106781187,-0.707106781187,0.));
#6116 = DEFINITIONAL_REPRESENTATION('',(#6117),#6121);
#6117 = LINE('',#6118,#6119);
#6118 = CARTESIAN_POINT('',(-0.,0.));
#6119 = VECTOR('',#6120,1.);
#6120 = DIRECTION('',(-0.,1.));
#6121 = ( GEOMETRIC_REPRESENTATION_CONTEXT(2) 
PARAMETRIC_REPRESENTATION_CONTEXT() REPRESENTATION_CONTEXT('2D SPACE',''
  ) );
#6122 = ORIENTED_EDGE('',*,*,#6123,.T.);
#6123 = EDGE_CURVE('',#6096,#6124,#6126,.T.);
#6124 = VERTEX_POINT('',#6125);
#6125 = CARTESIAN_POINT('',(88.388347648318,24.748737341529,-2.));
#6126 = SURFACE_CURVE('',#6127,(#6132,#6139),.PCURVE_S1.);
#6127 = CIRCLE('',#6128,4.);
#6128 = AXIS2_PLACEMENT_3D('',#6129,#6130,#6131);
#6129 = CARTESIAN_POINT('',(85.559920523572,21.920310216783,-2.));
#6130 = DIRECTION('',(-0.707106781187,0.707106781187,0.));
#6131 = DIRECTION('',(0.,0.,1.));
#6132 = PCURVE('',#6042,#6133);
#6133 = DEFINITIONAL_REPRESENTATION('',(#6134),#6138);
#6134 = CIRCLE('',#6135,4.);
#6135 = AXIS2_PLACEMENT_2D('',#6136,#6137);
#6136 = CARTESIAN_POINT('',(17.,-17.05));
#6137 = DIRECTION('',(0.,-1.));
#6138 = ( GEOMETRIC_REPRESENTATION_CONTEXT(2) 
PARAMETRIC_REPRESENTATION_CONTEXT() REPRESENTATION_CONTEXT('2D SPACE',''
  ) );
#6139 = PCURVE('',#6140,#6145);
#6140 = TOROIDAL_SURFACE('',#6141,4.,4.);
#6141 = AXIS2_PLACEMENT_3D('',#6142,#6143,#6144);
#6142 = CARTESIAN_POINT('',(82.731493398826,24.748737341529,-2.));
#6143 = DIRECTION('',(-0.707106781187,0.707106781187,0.));
#6144 = DIRECTION('',(0.,0.,1.));
#6145 = DEFINITIONAL_REPRESENTATION('',(#6146),#6150);
#6146 = LINE('',#6147,#6148);
#6147 = CARTESIAN_POINT('',(0.,4.712388980385));
#6148 = VECTOR('',#6149,1.);
#6149 = DIRECTION('',(1.,0.));
#6150 = ( GEOMETRIC_REPRESENTATION_CONTEXT(2) 
PARAMETRIC_REPRESENTATION_CONTEXT() REPRESENTATION_CONTEXT('2D SPACE',''
  ) );
#6151 = ORIENTED_EDGE('',*,*,#6152,.T.);
#6152 = EDGE_CURVE('',#6124,#6153,#6155,.T.);
#6153 = VERTEX_POINT('',#6154);
#6154 = CARTESIAN_POINT('',(88.388347648318,24.748737341529,-15.05));
#6155 = SURFACE_CURVE('',#6156,(#6160,#6167),.PCURVE_S1.);
#6156 = LINE('',#6157,#6158);
#6157 = CARTESIAN_POINT('',(88.388347648318,24.748737341529,-2.));
#6158 = VECTOR('',#6159,1.);
#6159 = DIRECTION('',(0.,-0.,-1.));
#6160 = PCURVE('',#6042,#6161);
#6161 = DEFINITIONAL_REPRESENTATION('',(#6162),#6166);
#6162 = LINE('',#6163,#6164);
#6163 = CARTESIAN_POINT('',(21.,-17.05));
#6164 = VECTOR('',#6165,1.);
#6165 = DIRECTION('',(0.,1.));
#6166 = ( GEOMETRIC_REPRESENTATION_CONTEXT(2) 
PARAMETRIC_REPRESENTATION_CONTEXT() REPRESENTATION_CONTEXT('2D SPACE',''
  ) );
#6167 = PCURVE('',#6168,#6173);
#6168 = CYLINDRICAL_SURFACE('',#6169,4.);
#6169 = AXIS2_PLACEMENT_3D('',#6170,#6171,#6172);
#6170 = CARTESIAN_POINT('',(85.559920523572,27.577164466275,-2.));
#6171 = DIRECTION('',(0.,-0.,-1.));
#6172 = DIRECTION('',(0.707106781187,-0.707106781187,0.));
#6173 = DEFINITIONAL_REPRESENTATION('',(#6174),#6178);
#6174 = LINE('',#6175,#6176);
#6175 = CARTESIAN_POINT('',(-0.,0.));
#6176 = VECTOR('',#6177,1.);
#6177 = DIRECTION('',(-0.,1.));
#6178 = ( GEOMETRIC_REPRESENTATION_CONTEXT(2) 
PARAMETRIC_REPRESENTATION_CONTEXT() REPRESENTATION_CONTEXT('2D SPACE',''
  ) );
#6179 = ORIENTED_EDGE('',*,*,#6180,.T.);
#6180 = EDGE_CURVE('',#6153,#6032,#6181,.T.);
#6181 = SURFACE_CURVE('',#6182,(#6186,#6193),.PCURVE_S1.);
#6182 = LINE('',#6183,#6184);
#6183 = CARTESIAN_POINT('',(88.388347648318,24.748737341529,-15.05));
#6184 = VECTOR('',#6185,1.);
#6185 = DIRECTION('',(-0.707106781187,-0.707106781187,-0.));
#6186 = PCURVE('',#6042,#6187);
#6187 = DEFINITIONAL_REPRESENTATION('',(#6188),#6192);
#6188 = LINE('',#6189,#6190);
#6189 = CARTESIAN_POINT('',(21.,-4.));
#6190 = VECTOR('',#6191,1.);
#6191 = DIRECTION('',(-1.,-0.));
#6192 = ( GEOMETRIC_REPRESENTATION_CONTEXT(2) 
PARAMETRIC_REPRESENTATION_CONTEXT() REPRESENTATION_CONTEXT('2D SPACE',''
  ) );
#6193 = PCURVE('',#6194,#6199);
#6194 = CYLINDRICAL_SURFACE('',#6195,4.);
#6195 = AXIS2_PLACEMENT_3D('',#6196,#6197,#6198);
#6196 = CARTESIAN_POINT('',(85.559920523572,27.577164466275,-15.05));
#6197 = DIRECTION('',(-0.707106781187,-0.707106781187,-0.));
#6198 = DIRECTION('',(0.707106781187,-0.707106781187,0.));
#6199 = DEFINITIONAL_REPRESENTATION('',(#6200),#6204);
#6200 = LINE('',#6201,#6202);
#6201 = CARTESIAN_POINT('',(-0.,0.));
#6202 = VECTOR('',#6203,1.);
#6203 = DIRECTION('',(-0.,1.));
#6204 = ( GEOMETRIC_REPRESENTATION_CONTEXT(2) 
PARAMETRIC_REPRESENTATION_CONTEXT() REPRESENTATION_CONTEXT('2D SPACE',''
  ) );
#6205 = ADVANCED_FACE('',(#6206),#6054,.T.);
#6206 = FACE_BOUND('',#6207,.F.);
#6207 = EDGE_LOOP('',(#6208,#6237,#6265,#6287));
#6208 = ORIENTED_EDGE('',*,*,#6209,.T.);
#6209 = EDGE_CURVE('',#6032,#6210,#6212,.T.);
#6210 = VERTEX_POINT('',#6211);
#6211 = CARTESIAN_POINT('',(70.710678118655,12.727922061358,-15.05));
#6212 = SURFACE_CURVE('',#6213,(#6218,#6225),.PCURVE_S1.);
#6213 = CIRCLE('',#6214,4.);
#6214 = AXIS2_PLACEMENT_3D('',#6215,#6216,#6217);
#6215 = CARTESIAN_POINT('',(73.539105243401,15.556349186104,-15.05));
#6216 = DIRECTION('',(0.,-0.,-1.));
#6217 = DIRECTION('',(0.707106781187,-0.707106781187,0.));
#6218 = PCURVE('',#6054,#6219);
#6219 = DEFINITIONAL_REPRESENTATION('',(#6220),#6224);
#6220 = LINE('',#6221,#6222);
#6221 = CARTESIAN_POINT('',(-0.,0.));
#6222 = VECTOR('',#6223,1.);
#6223 = DIRECTION('',(-1.,0.));
#6224 = ( GEOMETRIC_REPRESENTATION_CONTEXT(2) 
PARAMETRIC_REPRESENTATION_CONTEXT() REPRESENTATION_CONTEXT('2D SPACE',''
  ) );
#6225 = PCURVE('',#6226,#6231);
#6226 = SPHERICAL_SURFACE('',#6227,4.);
#6227 = AXIS2_PLACEMENT_3D('',#6228,#6229,#6230);
#6228 = CARTESIAN_POINT('',(73.539105243401,15.556349186104,-15.05));
#6229 = DIRECTION('',(-0.707106781187,0.707106781187,0.));
#6230 = DIRECTION('',(0.,0.,-1.));
#6231 = DEFINITIONAL_REPRESENTATION('',(#6232),#6236);
#6232 = LINE('',#6233,#6234);
#6233 = CARTESIAN_POINT('',(1.570796326795,-1.570796326795));
#6234 = VECTOR('',#6235,1.);
#6235 = DIRECTION('',(0.,1.));
#6236 = ( GEOMETRIC_REPRESENTATION_CONTEXT(2) 
PARAMETRIC_REPRESENTATION_CONTEXT() REPRESENTATION_CONTEXT('2D SPACE',''
  ) );
#6237 = ORIENTED_EDGE('',*,*,#6238,.T.);
#6238 = EDGE_CURVE('',#6210,#6239,#6241,.T.);
#6239 = VERTEX_POINT('',#6240);
#6240 = CARTESIAN_POINT('',(70.710678118655,12.727922061358,-2.));
#6241 = SURFACE_CURVE('',#6242,(#6246,#6253),.PCURVE_S1.);
#6242 = LINE('',#6243,#6244);
#6243 = CARTESIAN_POINT('',(70.710678118655,12.727922061358,-15.05));
#6244 = VECTOR('',#6245,1.);
#6245 = DIRECTION('',(0.,0.,1.));
#6246 = PCURVE('',#6054,#6247);
#6247 = DEFINITIONAL_REPRESENTATION('',(#6248),#6252);
#6248 = LINE('',#6249,#6250);
#6249 = CARTESIAN_POINT('',(-1.570796326795,0.));
#6250 = VECTOR('',#6251,1.);
#6251 = DIRECTION('',(-0.,1.));
#6252 = ( GEOMETRIC_REPRESENTATION_CONTEXT(2) 
PARAMETRIC_REPRESENTATION_CONTEXT() REPRESENTATION_CONTEXT('2D SPACE',''
  ) );
#6253 = PCURVE('',#6254,#6259);
#6254 = PLANE('',#6255);
#6255 = AXIS2_PLACEMENT_3D('',#6256,#6257,#6258);
#6256 = CARTESIAN_POINT('',(9.899494936612,73.539105243401,-19.05));
#6257 = DIRECTION('',(0.707106781187,0.707106781187,0.));
#6258 = DIRECTION('',(0.707106781187,-0.707106781187,0.));
#6259 = DEFINITIONAL_REPRESENTATION('',(#6260),#6264);
#6260 = LINE('',#6261,#6262);
#6261 = CARTESIAN_POINT('',(86.,-4.));
#6262 = VECTOR('',#6263,1.);
#6263 = DIRECTION('',(0.,-1.));
#6264 = ( GEOMETRIC_REPRESENTATION_CONTEXT(2) 
PARAMETRIC_REPRESENTATION_CONTEXT() REPRESENTATION_CONTEXT('2D SPACE',''
  ) );
#6265 = ORIENTED_EDGE('',*,*,#6266,.F.);
#6266 = EDGE_CURVE('',#6034,#6239,#6267,.T.);
#6267 = SURFACE_CURVE('',#6268,(#6273,#6280),.PCURVE_S1.);
#6268 = CIRCLE('',#6269,4.);
#6269 = AXIS2_PLACEMENT_3D('',#6270,#6271,#6272);
#6270 = CARTESIAN_POINT('',(73.539105243401,15.556349186104,-2.));
#6271 = DIRECTION('',(0.,-0.,-1.));
#6272 = DIRECTION('',(0.707106781187,-0.707106781187,0.));
#6273 = PCURVE('',#6054,#6274);
#6274 = DEFINITIONAL_REPRESENTATION('',(#6275),#6279);
#6275 = LINE('',#6276,#6277);
#6276 = CARTESIAN_POINT('',(-0.,13.05));
#6277 = VECTOR('',#6278,1.);
#6278 = DIRECTION('',(-1.,0.));
#6279 = ( GEOMETRIC_REPRESENTATION_CONTEXT(2) 
PARAMETRIC_REPRESENTATION_CONTEXT() REPRESENTATION_CONTEXT('2D SPACE',''
  ) );
#6280 = PCURVE('',#6083,#6281);
#6281 = DEFINITIONAL_REPRESENTATION('',(#6282),#6286);
#6282 = LINE('',#6283,#6284);
#6283 = CARTESIAN_POINT('',(0.,4.712388980385));
#6284 = VECTOR('',#6285,1.);
#6285 = DIRECTION('',(0.,1.));
#6286 = ( GEOMETRIC_REPRESENTATION_CONTEXT(2) 
PARAMETRIC_REPRESENTATION_CONTEXT() REPRESENTATION_CONTEXT('2D SPACE',''
  ) );
#6287 = ORIENTED_EDGE('',*,*,#6031,.F.);
#6288 = ADVANCED_FACE('',(#6289),#6194,.T.);
#6289 = FACE_BOUND('',#6290,.F.);
#6290 = EDGE_LOOP('',(#6291,#6292,#6321,#6349,#6378,#6406,#6439,#6462));
#6291 = ORIENTED_EDGE('',*,*,#6180,.F.);
#6292 = ORIENTED_EDGE('',*,*,#6293,.T.);
#6293 = EDGE_CURVE('',#6153,#6294,#6296,.T.);
#6294 = VERTEX_POINT('',#6295);
#6295 = CARTESIAN_POINT('',(85.559920523572,27.577164466275,-19.05));
#6296 = SURFACE_CURVE('',#6297,(#6302,#6309),.PCURVE_S1.);
#6297 = CIRCLE('',#6298,4.);
#6298 = AXIS2_PLACEMENT_3D('',#6299,#6300,#6301);
#6299 = CARTESIAN_POINT('',(85.559920523572,27.577164466275,-15.05));
#6300 = DIRECTION('',(0.707106781187,0.707106781187,6.123233995737E-17)
  );
#6301 = DIRECTION('',(4.329780281177E-17,4.329780281177E-17,-1.));
#6302 = PCURVE('',#6194,#6303);
#6303 = DEFINITIONAL_REPRESENTATION('',(#6304),#6308);
#6304 = LINE('',#6305,#6306);
#6305 = CARTESIAN_POINT('',(4.712388980385,-0.));
#6306 = VECTOR('',#6307,1.);
#6307 = DIRECTION('',(-1.,0.));
#6308 = ( GEOMETRIC_REPRESENTATION_CONTEXT(2) 
PARAMETRIC_REPRESENTATION_CONTEXT() REPRESENTATION_CONTEXT('2D SPACE',''
  ) );
#6309 = PCURVE('',#6310,#6315);
#6310 = SPHERICAL_SURFACE('',#6311,4.);
#6311 = AXIS2_PLACEMENT_3D('',#6312,#6313,#6314);
#6312 = CARTESIAN_POINT('',(85.559920523572,27.577164466275,-15.05));
#6313 = DIRECTION('',(-0.707106781187,0.707106781187,0.));
#6314 = DIRECTION('',(0.707106781187,0.707106781187,0.));
#6315 = DEFINITIONAL_REPRESENTATION('',(#6316),#6320);
#6316 = LINE('',#6317,#6318);
#6317 = CARTESIAN_POINT('',(1.570796326795,-6.28318530718));
#6318 = VECTOR('',#6319,1.);
#6319 = DIRECTION('',(0.,1.));
#6320 = ( GEOMETRIC_REPRESENTATION_CONTEXT(2) 
PARAMETRIC_REPRESENTATION_CONTEXT() REPRESENTATION_CONTEXT('2D SPACE',''
  ) );
#6321 = ORIENTED_EDGE('',*,*,#6322,.T.);
#6322 = EDGE_CURVE('',#6294,#6323,#6325,.T.);
#6323 = VERTEX_POINT('',#6324);
#6324 = CARTESIAN_POINT('',(80.680883733385,22.698127676088,-19.05));
#6325 = SURFACE_CURVE('',#6326,(#6330,#6337),.PCURVE_S1.);
#6326 = LINE('',#6327,#6328);
#6327 = CARTESIAN_POINT('',(85.559920523572,27.577164466275,-19.05));
#6328 = VECTOR('',#6329,1.);
#6329 = DIRECTION('',(-0.707106781187,-0.707106781187,-0.));
#6330 = PCURVE('',#6194,#6331);
#6331 = DEFINITIONAL_REPRESENTATION('',(#6332),#6336);
#6332 = LINE('',#6333,#6334);
#6333 = CARTESIAN_POINT('',(-1.570796326795,0.));
#6334 = VECTOR('',#6335,1.);
#6335 = DIRECTION('',(-0.,1.));
#6336 = ( GEOMETRIC_REPRESENTATION_CONTEXT(2) 
PARAMETRIC_REPRESENTATION_CONTEXT() REPRESENTATION_CONTEXT('2D SPACE',''
  ) );
#6337 = PCURVE('',#6338,#6343);
#6338 = PLANE('',#6339);
#6339 = AXIS2_PLACEMENT_3D('',#6340,#6341,#6342);
#6340 = CARTESIAN_POINT('',(50.558134854838,50.558134854838,-19.05));
#6341 = DIRECTION('',(0.,0.,1.));
#6342 = DIRECTION('',(0.707106781187,0.707106781187,0.));
#6343 = DEFINITIONAL_REPRESENTATION('',(#6344),#6348);
#6344 = LINE('',#6345,#6346);
#6345 = CARTESIAN_POINT('',(8.5,-41.));
#6346 = VECTOR('',#6347,1.);
#6347 = DIRECTION('',(-1.,-1.014653635757E-17));
#6348 = ( GEOMETRIC_REPRESENTATION_CONTEXT(2) 
PARAMETRIC_REPRESENTATION_CONTEXT() REPRESENTATION_CONTEXT('2D SPACE',''
  ) );
#6349 = ORIENTED_EDGE('',*,*,#6350,.T.);
#6350 = EDGE_CURVE('',#6323,#6351,#6353,.T.);
#6351 = VERTEX_POINT('',#6352);
#6352 = CARTESIAN_POINT('',(82.551712426772,20.827298982701,-18.05));
#6353 = SURFACE_CURVE('',#6354,(#6359,#6366),.PCURVE_S1.);
#6354 = CIRCLE('',#6355,4.);
#6355 = AXIS2_PLACEMENT_3D('',#6356,#6357,#6358);
#6356 = CARTESIAN_POINT('',(80.680883733385,22.698127676088,-15.05));
#6357 = DIRECTION('',(-0.707106781187,-0.707106781187,0.));
#6358 = DIRECTION('',(0.707106781187,-0.707106781187,0.));
#6359 = PCURVE('',#6194,#6360);
#6360 = DEFINITIONAL_REPRESENTATION('',(#6361),#6365);
#6361 = LINE('',#6362,#6363);
#6362 = CARTESIAN_POINT('',(-6.28318530718,6.9));
#6363 = VECTOR('',#6364,1.);
#6364 = DIRECTION('',(1.,-0.));
#6365 = ( GEOMETRIC_REPRESENTATION_CONTEXT(2) 
PARAMETRIC_REPRESENTATION_CONTEXT() REPRESENTATION_CONTEXT('2D SPACE',''
  ) );
#6366 = PCURVE('',#6367,#6372);
#6367 = PLANE('',#6368);
#6368 = AXIS2_PLACEMENT_3D('',#6369,#6370,#6371);
#6369 = CARTESIAN_POINT('',(83.509310858131,19.869700551342,-19.55));
#6370 = DIRECTION('',(-0.707106781187,-0.707106781187,0.));
#6371 = DIRECTION('',(-0.707106781187,0.707106781187,0.));
#6372 = DEFINITIONAL_REPRESENTATION('',(#6373),#6377);
#6373 = CIRCLE('',#6374,4.);
#6374 = AXIS2_PLACEMENT_2D('',#6375,#6376);
#6375 = CARTESIAN_POINT('',(4.,-4.5));
#6376 = DIRECTION('',(-1.,0.));
#6377 = ( GEOMETRIC_REPRESENTATION_CONTEXT(2) 
PARAMETRIC_REPRESENTATION_CONTEXT() REPRESENTATION_CONTEXT('2D SPACE',''
  ) );
#6378 = ORIENTED_EDGE('',*,*,#6379,.T.);
#6379 = EDGE_CURVE('',#6351,#6380,#6382,.T.);
#6380 = VERTEX_POINT('',#6381);
#6381 = CARTESIAN_POINT('',(80.288970726975,18.564557282904,-18.05));
#6382 = SURFACE_CURVE('',#6383,(#6387,#6394),.PCURVE_S1.);
#6383 = LINE('',#6384,#6385);
#6384 = CARTESIAN_POINT('',(87.430749216959,25.706335772888,-18.05));
#6385 = VECTOR('',#6386,1.);
#6386 = DIRECTION('',(-0.707106781187,-0.707106781187,-0.));
#6387 = PCURVE('',#6194,#6388);
#6388 = DEFINITIONAL_REPRESENTATION('',(#6389),#6393);
#6389 = LINE('',#6390,#6391);
#6390 = CARTESIAN_POINT('',(-0.848062078981,0.));
#6391 = VECTOR('',#6392,1.);
#6392 = DIRECTION('',(-0.,1.));
#6393 = ( GEOMETRIC_REPRESENTATION_CONTEXT(2) 
PARAMETRIC_REPRESENTATION_CONTEXT() REPRESENTATION_CONTEXT('2D SPACE',''
  ) );
#6394 = PCURVE('',#6395,#6400);
#6395 = PLANE('',#6396);
#6396 = AXIS2_PLACEMENT_3D('',#6397,#6398,#6399);
#6397 = CARTESIAN_POINT('',(79.195959492893,21.920310216783,-18.05));
#6398 = DIRECTION('',(0.,0.,1.));
#6399 = DIRECTION('',(0.707106781187,0.707106781187,0.));
#6400 = DEFINITIONAL_REPRESENTATION('',(#6401),#6405);
#6401 = LINE('',#6402,#6403);
#6402 = CARTESIAN_POINT('',(8.5,-3.145751311065));
#6403 = VECTOR('',#6404,1.);
#6404 = DIRECTION('',(-1.,-1.014653635757E-17));
#6405 = ( GEOMETRIC_REPRESENTATION_CONTEXT(2) 
PARAMETRIC_REPRESENTATION_CONTEXT() REPRESENTATION_CONTEXT('2D SPACE',''
  ) );
#6406 = ORIENTED_EDGE('',*,*,#6407,.F.);
#6407 = EDGE_CURVE('',#6408,#6380,#6410,.T.);
#6408 = VERTEX_POINT('',#6409);
#6409 = CARTESIAN_POINT('',(78.418142033588,20.435385976291,-19.05));
#6410 = SURFACE_CURVE('',#6411,(#6416,#6423),.PCURVE_S1.);
#6411 = CIRCLE('',#6412,4.);
#6412 = AXIS2_PLACEMENT_3D('',#6413,#6414,#6415);
#6413 = CARTESIAN_POINT('',(78.418142033588,20.435385976291,-15.05));
#6414 = DIRECTION('',(-0.707106781187,-0.707106781187,0.));
#6415 = DIRECTION('',(0.707106781187,-0.707106781187,0.));
#6416 = PCURVE('',#6194,#6417);
#6417 = DEFINITIONAL_REPRESENTATION('',(#6418),#6422);
#6418 = LINE('',#6419,#6420);
#6419 = CARTESIAN_POINT('',(-6.28318530718,10.1));
#6420 = VECTOR('',#6421,1.);
#6421 = DIRECTION('',(1.,-0.));
#6422 = ( GEOMETRIC_REPRESENTATION_CONTEXT(2) 
PARAMETRIC_REPRESENTATION_CONTEXT() REPRESENTATION_CONTEXT('2D SPACE',''
  ) );
#6423 = PCURVE('',#6424,#6429);
#6424 = PLANE('',#6425);
#6425 = AXIS2_PLACEMENT_3D('',#6426,#6427,#6428);
#6426 = CARTESIAN_POINT('',(74.882608127655,23.970919882224,-19.55));
#6427 = DIRECTION('',(0.707106781187,0.707106781187,0.));
#6428 = DIRECTION('',(0.707106781187,-0.707106781187,0.));
#6429 = DEFINITIONAL_REPRESENTATION('',(#6430),#6438);
#6430 = ( BOUNDED_CURVE() B_SPLINE_CURVE(2,(#6431,#6432,#6433,#6434,
#6435,#6436,#6437),.UNSPECIFIED.,.T.,.F.) B_SPLINE_CURVE_WITH_KNOTS((1,2
    ,2,2,2,1),(-2.094395102393,0.,2.094395102393,4.188790204786,
6.28318530718,8.377580409573),.UNSPECIFIED.) CURVE() 
GEOMETRIC_REPRESENTATION_ITEM() RATIONAL_B_SPLINE_CURVE((1.,0.5,1.,0.5,
1.,0.5,1.)) REPRESENTATION_ITEM('') );
#6431 = CARTESIAN_POINT('',(9.,-4.5));
#6432 = CARTESIAN_POINT('',(9.,-11.42820323027));
#6433 = CARTESIAN_POINT('',(3.,-7.964101615138));
#6434 = CARTESIAN_POINT('',(-3.,-4.5));
#6435 = CARTESIAN_POINT('',(3.,-1.035898384862));
#6436 = CARTESIAN_POINT('',(9.,2.428203230276));
#6437 = CARTESIAN_POINT('',(9.,-4.5));
#6438 = ( GEOMETRIC_REPRESENTATION_CONTEXT(2) 
PARAMETRIC_REPRESENTATION_CONTEXT() REPRESENTATION_CONTEXT('2D SPACE',''
  ) );
#6439 = ORIENTED_EDGE('',*,*,#6440,.T.);
#6440 = EDGE_CURVE('',#6408,#6441,#6443,.T.);
#6441 = VERTEX_POINT('',#6442);
#6442 = CARTESIAN_POINT('',(73.539105243401,15.556349186104,-19.05));
#6443 = SURFACE_CURVE('',#6444,(#6448,#6455),.PCURVE_S1.);
#6444 = LINE('',#6445,#6446);
#6445 = CARTESIAN_POINT('',(85.559920523572,27.577164466275,-19.05));
#6446 = VECTOR('',#6447,1.);
#6447 = DIRECTION('',(-0.707106781187,-0.707106781187,-0.));
#6448 = PCURVE('',#6194,#6449);
#6449 = DEFINITIONAL_REPRESENTATION('',(#6450),#6454);
#6450 = LINE('',#6451,#6452);
#6451 = CARTESIAN_POINT('',(-1.570796326795,0.));
#6452 = VECTOR('',#6453,1.);
#6453 = DIRECTION('',(-0.,1.));
#6454 = ( GEOMETRIC_REPRESENTATION_CONTEXT(2) 
PARAMETRIC_REPRESENTATION_CONTEXT() REPRESENTATION_CONTEXT('2D SPACE',''
  ) );
#6455 = PCURVE('',#6338,#6456);
#6456 = DEFINITIONAL_REPRESENTATION('',(#6457),#6461);
#6457 = LINE('',#6458,#6459);
#6458 = CARTESIAN_POINT('',(8.5,-41.));
#6459 = VECTOR('',#6460,1.);
#6460 = DIRECTION('',(-1.,-1.014653635757E-17));
#6461 = ( GEOMETRIC_REPRESENTATION_CONTEXT(2) 
PARAMETRIC_REPRESENTATION_CONTEXT() REPRESENTATION_CONTEXT('2D SPACE',''
  ) );
#6462 = ORIENTED_EDGE('',*,*,#6463,.F.);
#6463 = EDGE_CURVE('',#6032,#6441,#6464,.T.);
#6464 = SURFACE_CURVE('',#6465,(#6470,#6477),.PCURVE_S1.);
#6465 = CIRCLE('',#6466,4.);
#6466 = AXIS2_PLACEMENT_3D('',#6467,#6468,#6469);
#6467 = CARTESIAN_POINT('',(73.539105243401,15.556349186104,-15.05));
#6468 = DIRECTION('',(0.707106781187,0.707106781187,0.));
#6469 = DIRECTION('',(0.707106781187,-0.707106781187,0.));
#6470 = PCURVE('',#6194,#6471);
#6471 = DEFINITIONAL_REPRESENTATION('',(#6472),#6476);
#6472 = LINE('',#6473,#6474);
#6473 = CARTESIAN_POINT('',(-0.,17.));
#6474 = VECTOR('',#6475,1.);
#6475 = DIRECTION('',(-1.,0.));
#6476 = ( GEOMETRIC_REPRESENTATION_CONTEXT(2) 
PARAMETRIC_REPRESENTATION_CONTEXT() REPRESENTATION_CONTEXT('2D SPACE',''
  ) );
#6477 = PCURVE('',#6226,#6478);
#6478 = DEFINITIONAL_REPRESENTATION('',(#6479),#6483);
#6479 = LINE('',#6480,#6481);
#6480 = CARTESIAN_POINT('',(0.,-1.570796326795));
#6481 = VECTOR('',#6482,1.);
#6482 = DIRECTION('',(0.,1.));
#6483 = ( GEOMETRIC_REPRESENTATION_CONTEXT(2) 
PARAMETRIC_REPRESENTATION_CONTEXT() REPRESENTATION_CONTEXT('2D SPACE',''
  ) );
#6484 = ADVANCED_FACE('',(#6485),#6083,.T.);
#6485 = FACE_BOUND('',#6486,.T.);
#6486 = EDGE_LOOP('',(#6487,#6488,#6489,#6513));
#6487 = ORIENTED_EDGE('',*,*,#6266,.F.);
#6488 = ORIENTED_EDGE('',*,*,#6066,.T.);
#6489 = ORIENTED_EDGE('',*,*,#6490,.T.);
#6490 = EDGE_CURVE('',#6067,#6491,#6493,.T.);
#6491 = VERTEX_POINT('',#6492);
#6492 = CARTESIAN_POINT('',(76.367532368147,18.38477631085,6.));
#6493 = SURFACE_CURVE('',#6494,(#6499,#6506),.PCURVE_S1.);
#6494 = CIRCLE('',#6495,4.);
#6495 = AXIS2_PLACEMENT_3D('',#6496,#6497,#6498);
#6496 = CARTESIAN_POINT('',(76.367532368147,18.38477631085,2.));
#6497 = DIRECTION('',(-0.707106781187,-0.707106781187,4.978996250515E-17
    ));
#6498 = DIRECTION('',(3.520682012241E-17,3.520682012241E-17,1.));
#6499 = PCURVE('',#6083,#6500);
#6500 = DEFINITIONAL_REPRESENTATION('',(#6501),#6505);
#6501 = LINE('',#6502,#6503);
#6502 = CARTESIAN_POINT('',(1.570796326795,0.));
#6503 = VECTOR('',#6504,1.);
#6504 = DIRECTION('',(0.,1.));
#6505 = ( GEOMETRIC_REPRESENTATION_CONTEXT(2) 
PARAMETRIC_REPRESENTATION_CONTEXT() REPRESENTATION_CONTEXT('2D SPACE',''
  ) );
#6506 = PCURVE('',#6111,#6507);
#6507 = DEFINITIONAL_REPRESENTATION('',(#6508),#6512);
#6508 = LINE('',#6509,#6510);
#6509 = CARTESIAN_POINT('',(4.712388980385,-0.));
#6510 = VECTOR('',#6511,1.);
#6511 = DIRECTION('',(-1.,0.));
#6512 = ( GEOMETRIC_REPRESENTATION_CONTEXT(2) 
PARAMETRIC_REPRESENTATION_CONTEXT() REPRESENTATION_CONTEXT('2D SPACE',''
  ) );
#6513 = ORIENTED_EDGE('',*,*,#6514,.F.);
#6514 = EDGE_CURVE('',#6239,#6491,#6515,.T.);
#6515 = SURFACE_CURVE('',#6516,(#6521,#6528),.PCURVE_S1.);
#6516 = CIRCLE('',#6517,8.);
#6517 = AXIS2_PLACEMENT_3D('',#6518,#6519,#6520);
#6518 = CARTESIAN_POINT('',(76.367532368147,18.38477631085,-2.));
#6519 = DIRECTION('',(-0.707106781187,0.707106781187,1.126491828437E-33)
  );
#6520 = DIRECTION('',(-0.707106781187,-0.707106781187,1.110223024625E-16
    ));
#6521 = PCURVE('',#6083,#6522);
#6522 = DEFINITIONAL_REPRESENTATION('',(#6523),#6527);
#6523 = LINE('',#6524,#6525);
#6524 = CARTESIAN_POINT('',(0.,6.28318530718));
#6525 = VECTOR('',#6526,1.);
#6526 = DIRECTION('',(1.,0.));
#6527 = ( GEOMETRIC_REPRESENTATION_CONTEXT(2) 
PARAMETRIC_REPRESENTATION_CONTEXT() REPRESENTATION_CONTEXT('2D SPACE',''
  ) );
#6528 = PCURVE('',#6529,#6534);
#6529 = CYLINDRICAL_SURFACE('',#6530,8.);
#6530 = AXIS2_PLACEMENT_3D('',#6531,#6532,#6533);
#6531 = CARTESIAN_POINT('',(15.556349186104,79.195959492893,-2.));
#6532 = DIRECTION('',(0.707106781187,-0.707106781187,0.));
#6533 = DIRECTION('',(-0.707106781187,-0.707106781187,0.));
#6534 = DEFINITIONAL_REPRESENTATION('',(#6535),#6539);
#6535 = LINE('',#6536,#6537);
#6536 = CARTESIAN_POINT('',(-0.,86.));
#6537 = VECTOR('',#6538,1.);
#6538 = DIRECTION('',(-1.,0.));
#6539 = ( GEOMETRIC_REPRESENTATION_CONTEXT(2) 
PARAMETRIC_REPRESENTATION_CONTEXT() REPRESENTATION_CONTEXT('2D SPACE',''
  ) );
#6540 = ADVANCED_FACE('',(#6541),#6168,.T.);
#6541 = FACE_BOUND('',#6542,.F.);
#6542 = EDGE_LOOP('',(#6543,#6567,#6595,#6617));
#6543 = ORIENTED_EDGE('',*,*,#6544,.T.);
#6544 = EDGE_CURVE('',#6124,#6545,#6547,.T.);
#6545 = VERTEX_POINT('',#6546);
#6546 = CARTESIAN_POINT('',(88.388347648318,30.405591591022,-2.));
#6547 = SURFACE_CURVE('',#6548,(#6553,#6560),.PCURVE_S1.);
#6548 = CIRCLE('',#6549,4.);
#6549 = AXIS2_PLACEMENT_3D('',#6550,#6551,#6552);
#6550 = CARTESIAN_POINT('',(85.559920523572,27.577164466275,-2.));
#6551 = DIRECTION('',(-4.329780281177E-17,-4.329780281177E-17,1.));
#6552 = DIRECTION('',(0.707106781187,0.707106781187,6.123233995737E-17)
  );
#6553 = PCURVE('',#6168,#6554);
#6554 = DEFINITIONAL_REPRESENTATION('',(#6555),#6559);
#6555 = LINE('',#6556,#6557);
#6556 = CARTESIAN_POINT('',(4.712388980385,-0.));
#6557 = VECTOR('',#6558,1.);
#6558 = DIRECTION('',(-1.,0.));
#6559 = ( GEOMETRIC_REPRESENTATION_CONTEXT(2) 
PARAMETRIC_REPRESENTATION_CONTEXT() REPRESENTATION_CONTEXT('2D SPACE',''
  ) );
#6560 = PCURVE('',#6140,#6561);
#6561 = DEFINITIONAL_REPRESENTATION('',(#6562),#6566);
#6562 = LINE('',#6563,#6564);
#6563 = CARTESIAN_POINT('',(1.570796326795,0.));
#6564 = VECTOR('',#6565,1.);
#6565 = DIRECTION('',(0.,1.));
#6566 = ( GEOMETRIC_REPRESENTATION_CONTEXT(2) 
PARAMETRIC_REPRESENTATION_CONTEXT() REPRESENTATION_CONTEXT('2D SPACE',''
  ) );
#6567 = ORIENTED_EDGE('',*,*,#6568,.T.);
#6568 = EDGE_CURVE('',#6545,#6569,#6571,.T.);
#6569 = VERTEX_POINT('',#6570);
#6570 = CARTESIAN_POINT('',(88.388347648318,30.405591591022,-15.05));
#6571 = SURFACE_CURVE('',#6572,(#6576,#6583),.PCURVE_S1.);
#6572 = LINE('',#6573,#6574);
#6573 = CARTESIAN_POINT('',(88.388347648318,30.405591591022,-2.));
#6574 = VECTOR('',#6575,1.);
#6575 = DIRECTION('',(0.,-0.,-1.));
#6576 = PCURVE('',#6168,#6577);
#6577 = DEFINITIONAL_REPRESENTATION('',(#6578),#6582);
#6578 = LINE('',#6579,#6580);
#6579 = CARTESIAN_POINT('',(-1.570796326795,0.));
#6580 = VECTOR('',#6581,1.);
#6581 = DIRECTION('',(-0.,1.));
#6582 = ( GEOMETRIC_REPRESENTATION_CONTEXT(2) 
PARAMETRIC_REPRESENTATION_CONTEXT() REPRESENTATION_CONTEXT('2D SPACE',''
  ) );
#6583 = PCURVE('',#6584,#6589);
#6584 = PLANE('',#6585);
#6585 = AXIS2_PLACEMENT_3D('',#6586,#6587,#6588);
#6586 = CARTESIAN_POINT('',(91.216774773065,27.577164466275,-19.05));
#6587 = DIRECTION('',(-0.707106781187,-0.707106781187,0.));
#6588 = DIRECTION('',(-0.707106781187,0.707106781187,0.));
#6589 = DEFINITIONAL_REPRESENTATION('',(#6590),#6594);
#6590 = LINE('',#6591,#6592);
#6591 = CARTESIAN_POINT('',(4.,-17.05));
#6592 = VECTOR('',#6593,1.);
#6593 = DIRECTION('',(0.,1.));
#6594 = ( GEOMETRIC_REPRESENTATION_CONTEXT(2) 
PARAMETRIC_REPRESENTATION_CONTEXT() REPRESENTATION_CONTEXT('2D SPACE',''
  ) );
#6595 = ORIENTED_EDGE('',*,*,#6596,.F.);
#6596 = EDGE_CURVE('',#6153,#6569,#6597,.T.);
#6597 = SURFACE_CURVE('',#6598,(#6603,#6610),.PCURVE_S1.);
#6598 = CIRCLE('',#6599,4.);
#6599 = AXIS2_PLACEMENT_3D('',#6600,#6601,#6602);
#6600 = CARTESIAN_POINT('',(85.559920523572,27.577164466275,-15.05));
#6601 = DIRECTION('',(-0.,0.,1.));
#6602 = DIRECTION('',(0.707106781187,-0.707106781187,0.));
#6603 = PCURVE('',#6168,#6604);
#6604 = DEFINITIONAL_REPRESENTATION('',(#6605),#6609);
#6605 = LINE('',#6606,#6607);
#6606 = CARTESIAN_POINT('',(-0.,13.05));
#6607 = VECTOR('',#6608,1.);
#6608 = DIRECTION('',(-1.,0.));
#6609 = ( GEOMETRIC_REPRESENTATION_CONTEXT(2) 
PARAMETRIC_REPRESENTATION_CONTEXT() REPRESENTATION_CONTEXT('2D SPACE',''
  ) );
#6610 = PCURVE('',#6310,#6611);
#6611 = DEFINITIONAL_REPRESENTATION('',(#6612),#6616);
#6612 = LINE('',#6613,#6614);
#6613 = CARTESIAN_POINT('',(0.,-1.570796326795));
#6614 = VECTOR('',#6615,1.);
#6615 = DIRECTION('',(0.,1.));
#6616 = ( GEOMETRIC_REPRESENTATION_CONTEXT(2) 
PARAMETRIC_REPRESENTATION_CONTEXT() REPRESENTATION_CONTEXT('2D SPACE',''
  ) );
#6617 = ORIENTED_EDGE('',*,*,#6152,.F.);
#6618 = ADVANCED_FACE('',(#6619),#6111,.T.);
#6619 = FACE_BOUND('',#6620,.F.);
#6620 = EDGE_LOOP('',(#6621,#6622,#6650,#6672));
#6621 = ORIENTED_EDGE('',*,*,#6490,.T.);
#6622 = ORIENTED_EDGE('',*,*,#6623,.T.);
#6623 = EDGE_CURVE('',#6491,#6624,#6626,.T.);
#6624 = VERTEX_POINT('',#6625);
#6625 = CARTESIAN_POINT('',(82.731493398826,24.748737341529,6.));
#6626 = SURFACE_CURVE('',#6627,(#6631,#6638),.PCURVE_S1.);
#6627 = LINE('',#6628,#6629);
#6628 = CARTESIAN_POINT('',(76.367532368147,18.38477631085,6.));
#6629 = VECTOR('',#6630,1.);
#6630 = DIRECTION('',(0.707106781187,0.707106781187,0.));
#6631 = PCURVE('',#6111,#6632);
#6632 = DEFINITIONAL_REPRESENTATION('',(#6633),#6637);
#6633 = LINE('',#6634,#6635);
#6634 = CARTESIAN_POINT('',(-1.570796326795,0.));
#6635 = VECTOR('',#6636,1.);
#6636 = DIRECTION('',(-0.,1.));
#6637 = ( GEOMETRIC_REPRESENTATION_CONTEXT(2) 
PARAMETRIC_REPRESENTATION_CONTEXT() REPRESENTATION_CONTEXT('2D SPACE',''
  ) );
#6638 = PCURVE('',#6639,#6644);
#6639 = PLANE('',#6640);
#6640 = AXIS2_PLACEMENT_3D('',#6641,#6642,#6643);
#6641 = CARTESIAN_POINT('',(50.558134854838,50.558134854838,6.));
#6642 = DIRECTION('',(0.,0.,1.));
#6643 = DIRECTION('',(0.707106781187,0.707106781187,0.));
#6644 = DEFINITIONAL_REPRESENTATION('',(#6645),#6649);
#6645 = LINE('',#6646,#6647);
#6646 = CARTESIAN_POINT('',(-4.5,-41.));
#6647 = VECTOR('',#6648,1.);
#6648 = DIRECTION('',(1.,1.014653635757E-17));
#6649 = ( GEOMETRIC_REPRESENTATION_CONTEXT(2) 
PARAMETRIC_REPRESENTATION_CONTEXT() REPRESENTATION_CONTEXT('2D SPACE',''
  ) );
#6650 = ORIENTED_EDGE('',*,*,#6651,.F.);
#6651 = EDGE_CURVE('',#6096,#6624,#6652,.T.);
#6652 = SURFACE_CURVE('',#6653,(#6658,#6665),.PCURVE_S1.);
#6653 = CIRCLE('',#6654,4.);
#6654 = AXIS2_PLACEMENT_3D('',#6655,#6656,#6657);
#6655 = CARTESIAN_POINT('',(82.731493398826,24.748737341529,2.));
#6656 = DIRECTION('',(-0.707106781187,-0.707106781187,0.));
#6657 = DIRECTION('',(0.707106781187,-0.707106781187,0.));
#6658 = PCURVE('',#6111,#6659);
#6659 = DEFINITIONAL_REPRESENTATION('',(#6660),#6664);
#6660 = LINE('',#6661,#6662);
#6661 = CARTESIAN_POINT('',(-0.,9.));
#6662 = VECTOR('',#6663,1.);
#6663 = DIRECTION('',(-1.,0.));
#6664 = ( GEOMETRIC_REPRESENTATION_CONTEXT(2) 
PARAMETRIC_REPRESENTATION_CONTEXT() REPRESENTATION_CONTEXT('2D SPACE',''
  ) );
#6665 = PCURVE('',#6140,#6666);
#6666 = DEFINITIONAL_REPRESENTATION('',(#6667),#6671);
#6667 = LINE('',#6668,#6669);
#6668 = CARTESIAN_POINT('',(0.,4.712388980385));
#6669 = VECTOR('',#6670,1.);
#6670 = DIRECTION('',(0.,1.));
#6671 = ( GEOMETRIC_REPRESENTATION_CONTEXT(2) 
PARAMETRIC_REPRESENTATION_CONTEXT() REPRESENTATION_CONTEXT('2D SPACE',''
  ) );
#6672 = ORIENTED_EDGE('',*,*,#6095,.F.);
#6673 = ADVANCED_FACE('',(#6674),#6140,.T.);
#6674 = FACE_BOUND('',#6675,.T.);
#6675 = EDGE_LOOP('',(#6676,#6677,#6678,#6679));
#6676 = ORIENTED_EDGE('',*,*,#6651,.F.);
#6677 = ORIENTED_EDGE('',*,*,#6123,.T.);
#6678 = ORIENTED_EDGE('',*,*,#6544,.T.);
#6679 = ORIENTED_EDGE('',*,*,#6680,.F.);
#6680 = EDGE_CURVE('',#6624,#6545,#6681,.T.);
#6681 = SURFACE_CURVE('',#6682,(#6687,#6694),.PCURVE_S1.);
#6682 = CIRCLE('',#6683,8.);
#6683 = AXIS2_PLACEMENT_3D('',#6684,#6685,#6686);
#6684 = CARTESIAN_POINT('',(82.731493398826,24.748737341529,-2.));
#6685 = DIRECTION('',(-0.707106781187,0.707106781187,0.));
#6686 = DIRECTION('',(0.,0.,1.));
#6687 = PCURVE('',#6140,#6688);
#6688 = DEFINITIONAL_REPRESENTATION('',(#6689),#6693);
#6689 = LINE('',#6690,#6691);
#6690 = CARTESIAN_POINT('',(0.,6.28318530718));
#6691 = VECTOR('',#6692,1.);
#6692 = DIRECTION('',(1.,0.));
#6693 = ( GEOMETRIC_REPRESENTATION_CONTEXT(2) 
PARAMETRIC_REPRESENTATION_CONTEXT() REPRESENTATION_CONTEXT('2D SPACE',''
  ) );
#6694 = PCURVE('',#6695,#6700);
#6695 = CYLINDRICAL_SURFACE('',#6696,8.);
#6696 = AXIS2_PLACEMENT_3D('',#6697,#6698,#6699);
#6697 = CARTESIAN_POINT('',(85.559920523572,21.920310216783,-2.));
#6698 = DIRECTION('',(-0.707106781187,0.707106781187,0.));
#6699 = DIRECTION('',(0.707106781187,0.707106781187,0.));
#6700 = DEFINITIONAL_REPRESENTATION('',(#6701),#6705);
#6701 = LINE('',#6702,#6703);
#6702 = CARTESIAN_POINT('',(-1.570796326795,4.));
#6703 = VECTOR('',#6704,1.);
#6704 = DIRECTION('',(1.,-0.));
#6705 = ( GEOMETRIC_REPRESENTATION_CONTEXT(2) 
PARAMETRIC_REPRESENTATION_CONTEXT() REPRESENTATION_CONTEXT('2D SPACE',''
  ) );
#6706 = ADVANCED_FACE('',(#6707),#6226,.T.);
#6707 = FACE_BOUND('',#6708,.T.);
#6708 = EDGE_LOOP('',(#6709,#6710,#6711));
#6709 = ORIENTED_EDGE('',*,*,#6463,.F.);
#6710 = ORIENTED_EDGE('',*,*,#6209,.T.);
#6711 = ORIENTED_EDGE('',*,*,#6712,.F.);
#6712 = EDGE_CURVE('',#6441,#6210,#6713,.T.);
#6713 = SURFACE_CURVE('',#6714,(#6719,#6726),.PCURVE_S1.);
#6714 = CIRCLE('',#6715,4.);
#6715 = AXIS2_PLACEMENT_3D('',#6716,#6717,#6718);
#6716 = CARTESIAN_POINT('',(73.539105243401,15.556349186104,-15.05));
#6717 = DIRECTION('',(-0.707106781187,0.707106781187,0.));
#6718 = DIRECTION('',(0.,0.,-1.));
#6719 = PCURVE('',#6226,#6720);
#6720 = DEFINITIONAL_REPRESENTATION('',(#6721),#6725);
#6721 = LINE('',#6722,#6723);
#6722 = CARTESIAN_POINT('',(0.,0.));
#6723 = VECTOR('',#6724,1.);
#6724 = DIRECTION('',(1.,0.));
#6725 = ( GEOMETRIC_REPRESENTATION_CONTEXT(2) 
PARAMETRIC_REPRESENTATION_CONTEXT() REPRESENTATION_CONTEXT('2D SPACE',''
  ) );
#6726 = PCURVE('',#6727,#6732);
#6727 = CYLINDRICAL_SURFACE('',#6728,4.);
#6728 = AXIS2_PLACEMENT_3D('',#6729,#6730,#6731);
#6729 = CARTESIAN_POINT('',(12.727922061358,76.367532368147,-15.05));
#6730 = DIRECTION('',(0.707106781187,-0.707106781187,0.));
#6731 = DIRECTION('',(-0.707106781187,-0.707106781187,0.));
#6732 = DEFINITIONAL_REPRESENTATION('',(#6733),#6737);
#6733 = LINE('',#6734,#6735);
#6734 = CARTESIAN_POINT('',(1.570796326795,86.));
#6735 = VECTOR('',#6736,1.);
#6736 = DIRECTION('',(-1.,-0.));
#6737 = ( GEOMETRIC_REPRESENTATION_CONTEXT(2) 
PARAMETRIC_REPRESENTATION_CONTEXT() REPRESENTATION_CONTEXT('2D SPACE',''
  ) );
#6738 = ADVANCED_FACE('',(#6739),#6254,.F.);
#6739 = FACE_BOUND('',#6740,.F.);
#6740 = EDGE_LOOP('',(#6741,#6764,#6792,#6813));
#6741 = ORIENTED_EDGE('',*,*,#6742,.F.);
#6742 = EDGE_CURVE('',#6743,#6210,#6745,.T.);
#6743 = VERTEX_POINT('',#6744);
#6744 = CARTESIAN_POINT('',(12.727922061358,70.710678118655,-15.05));
#6745 = SURFACE_CURVE('',#6746,(#6750,#6757),.PCURVE_S1.);
#6746 = LINE('',#6747,#6748);
#6747 = CARTESIAN_POINT('',(9.899494936612,73.539105243401,-15.05));
#6748 = VECTOR('',#6749,1.);
#6749 = DIRECTION('',(0.707106781187,-0.707106781187,0.));
#6750 = PCURVE('',#6254,#6751);
#6751 = DEFINITIONAL_REPRESENTATION('',(#6752),#6756);
#6752 = LINE('',#6753,#6754);
#6753 = CARTESIAN_POINT('',(0.,-4.));
#6754 = VECTOR('',#6755,1.);
#6755 = DIRECTION('',(1.,0.));
#6756 = ( GEOMETRIC_REPRESENTATION_CONTEXT(2) 
PARAMETRIC_REPRESENTATION_CONTEXT() REPRESENTATION_CONTEXT('2D SPACE',''
  ) );
#6757 = PCURVE('',#6727,#6758);
#6758 = DEFINITIONAL_REPRESENTATION('',(#6759),#6763);
#6759 = LINE('',#6760,#6761);
#6760 = CARTESIAN_POINT('',(0.,0.));
#6761 = VECTOR('',#6762,1.);
#6762 = DIRECTION('',(0.,1.));
#6763 = ( GEOMETRIC_REPRESENTATION_CONTEXT(2) 
PARAMETRIC_REPRESENTATION_CONTEXT() REPRESENTATION_CONTEXT('2D SPACE',''
  ) );
#6764 = ORIENTED_EDGE('',*,*,#6765,.T.);
#6765 = EDGE_CURVE('',#6743,#6766,#6768,.T.);
#6766 = VERTEX_POINT('',#6767);
#6767 = CARTESIAN_POINT('',(12.727922061358,70.710678118655,-2.));
#6768 = SURFACE_CURVE('',#6769,(#6773,#6780),.PCURVE_S1.);
#6769 = LINE('',#6770,#6771);
#6770 = CARTESIAN_POINT('',(12.727922061358,70.710678118655,-15.05));
#6771 = VECTOR('',#6772,1.);
#6772 = DIRECTION('',(0.,0.,1.));
#6773 = PCURVE('',#6254,#6774);
#6774 = DEFINITIONAL_REPRESENTATION('',(#6775),#6779);
#6775 = LINE('',#6776,#6777);
#6776 = CARTESIAN_POINT('',(4.,-4.));
#6777 = VECTOR('',#6778,1.);
#6778 = DIRECTION('',(0.,-1.));
#6779 = ( GEOMETRIC_REPRESENTATION_CONTEXT(2) 
PARAMETRIC_REPRESENTATION_CONTEXT() REPRESENTATION_CONTEXT('2D SPACE',''
  ) );
#6780 = PCURVE('',#6781,#6786);
#6781 = CYLINDRICAL_SURFACE('',#6782,4.);
#6782 = AXIS2_PLACEMENT_3D('',#6783,#6784,#6785);
#6783 = CARTESIAN_POINT('',(15.556349186104,73.539105243401,-15.05));
#6784 = DIRECTION('',(0.,0.,1.));
#6785 = DIRECTION('',(-0.707106781187,-0.707106781187,0.));
#6786 = DEFINITIONAL_REPRESENTATION('',(#6787),#6791);
#6787 = LINE('',#6788,#6789);
#6788 = CARTESIAN_POINT('',(-0.,0.));
#6789 = VECTOR('',#6790,1.);
#6790 = DIRECTION('',(-0.,1.));
#6791 = ( GEOMETRIC_REPRESENTATION_CONTEXT(2) 
PARAMETRIC_REPRESENTATION_CONTEXT() REPRESENTATION_CONTEXT('2D SPACE',''
  ) );
#6792 = ORIENTED_EDGE('',*,*,#6793,.T.);
#6793 = EDGE_CURVE('',#6766,#6239,#6794,.T.);
#6794 = SURFACE_CURVE('',#6795,(#6799,#6806),.PCURVE_S1.);
#6795 = LINE('',#6796,#6797);
#6796 = CARTESIAN_POINT('',(9.899494936612,73.539105243401,-2.));
#6797 = VECTOR('',#6798,1.);
#6798 = DIRECTION('',(0.707106781187,-0.707106781187,0.));
#6799 = PCURVE('',#6254,#6800);
#6800 = DEFINITIONAL_REPRESENTATION('',(#6801),#6805);
#6801 = LINE('',#6802,#6803);
#6802 = CARTESIAN_POINT('',(0.,-17.05));
#6803 = VECTOR('',#6804,1.);
#6804 = DIRECTION('',(1.,0.));
#6805 = ( GEOMETRIC_REPRESENTATION_CONTEXT(2) 
PARAMETRIC_REPRESENTATION_CONTEXT() REPRESENTATION_CONTEXT('2D SPACE',''
  ) );
#6806 = PCURVE('',#6529,#6807);
#6807 = DEFINITIONAL_REPRESENTATION('',(#6808),#6812);
#6808 = LINE('',#6809,#6810);
#6809 = CARTESIAN_POINT('',(-0.,0.));
#6810 = VECTOR('',#6811,1.);
#6811 = DIRECTION('',(-0.,1.));
#6812 = ( GEOMETRIC_REPRESENTATION_CONTEXT(2) 
PARAMETRIC_REPRESENTATION_CONTEXT() REPRESENTATION_CONTEXT('2D SPACE',''
  ) );
#6813 = ORIENTED_EDGE('',*,*,#6238,.F.);
#6814 = ADVANCED_FACE('',(#6815),#6338,.F.);
#6815 = FACE_BOUND('',#6816,.F.);
#6816 = EDGE_LOOP('',(#6817,#6847,#6868,#6869,#6892,#6920,#6941,#6942));
#6817 = ORIENTED_EDGE('',*,*,#6818,.T.);
#6818 = EDGE_CURVE('',#6819,#6821,#6823,.T.);
#6819 = VERTEX_POINT('',#6820);
#6820 = CARTESIAN_POINT('',(27.577164466275,85.559920523572,-19.05));
#6821 = VERTEX_POINT('',#6822);
#6822 = CARTESIAN_POINT('',(15.556349186104,73.539105243401,-19.05));
#6823 = SURFACE_CURVE('',#6824,(#6828,#6835),.PCURVE_S1.);
#6824 = LINE('',#6825,#6826);
#6825 = CARTESIAN_POINT('',(27.577164466275,85.559920523572,-19.05));
#6826 = VECTOR('',#6827,1.);
#6827 = DIRECTION('',(-0.707106781187,-0.707106781187,0.));
#6828 = PCURVE('',#6338,#6829);
#6829 = DEFINITIONAL_REPRESENTATION('',(#6830),#6834);
#6830 = LINE('',#6831,#6832);
#6831 = CARTESIAN_POINT('',(8.5,41.));
#6832 = VECTOR('',#6833,1.);
#6833 = DIRECTION('',(-1.,-1.014653635757E-17));
#6834 = ( GEOMETRIC_REPRESENTATION_CONTEXT(2) 
PARAMETRIC_REPRESENTATION_CONTEXT() REPRESENTATION_CONTEXT('2D SPACE',''
  ) );
#6835 = PCURVE('',#6836,#6841);
#6836 = CYLINDRICAL_SURFACE('',#6837,4.);
#6837 = AXIS2_PLACEMENT_3D('',#6838,#6839,#6840);
#6838 = CARTESIAN_POINT('',(27.577164466275,85.559920523572,-15.05));
#6839 = DIRECTION('',(-0.707106781187,-0.707106781187,0.));
#6840 = DIRECTION('',(-0.,0.,-1.));
#6841 = DEFINITIONAL_REPRESENTATION('',(#6842),#6846);
#6842 = LINE('',#6843,#6844);
#6843 = CARTESIAN_POINT('',(-0.,0.));
#6844 = VECTOR('',#6845,1.);
#6845 = DIRECTION('',(-0.,1.));
#6846 = ( GEOMETRIC_REPRESENTATION_CONTEXT(2) 
PARAMETRIC_REPRESENTATION_CONTEXT() REPRESENTATION_CONTEXT('2D SPACE',''
  ) );
#6847 = ORIENTED_EDGE('',*,*,#6848,.T.);
#6848 = EDGE_CURVE('',#6821,#6441,#6849,.T.);
#6849 = SURFACE_CURVE('',#6850,(#6854,#6861),.PCURVE_S1.);
#6850 = LINE('',#6851,#6852);
#6851 = CARTESIAN_POINT('',(12.727922061358,76.367532368147,-19.05));
#6852 = VECTOR('',#6853,1.);
#6853 = DIRECTION('',(0.707106781187,-0.707106781187,0.));
#6854 = PCURVE('',#6338,#6855);
#6855 = DEFINITIONAL_REPRESENTATION('',(#6856),#6860);
#6856 = LINE('',#6857,#6858);
#6857 = CARTESIAN_POINT('',(-8.5,45.));
#6858 = VECTOR('',#6859,1.);
#6859 = DIRECTION('',(-1.014653635757E-17,-1.));
#6860 = ( GEOMETRIC_REPRESENTATION_CONTEXT(2) 
PARAMETRIC_REPRESENTATION_CONTEXT() REPRESENTATION_CONTEXT('2D SPACE',''
  ) );
#6861 = PCURVE('',#6727,#6862);
#6862 = DEFINITIONAL_REPRESENTATION('',(#6863),#6867);
#6863 = LINE('',#6864,#6865);
#6864 = CARTESIAN_POINT('',(1.570796326795,0.));
#6865 = VECTOR('',#6866,1.);
#6866 = DIRECTION('',(0.,1.));
#6867 = ( GEOMETRIC_REPRESENTATION_CONTEXT(2) 
PARAMETRIC_REPRESENTATION_CONTEXT() REPRESENTATION_CONTEXT('2D SPACE',''
  ) );
#6868 = ORIENTED_EDGE('',*,*,#6440,.F.);
#6869 = ORIENTED_EDGE('',*,*,#6870,.T.);
#6870 = EDGE_CURVE('',#6408,#6871,#6873,.T.);
#6871 = VERTEX_POINT('',#6872);
#6872 = CARTESIAN_POINT('',(74.882608127655,23.970919882224,-19.05));
#6873 = SURFACE_CURVE('',#6874,(#6878,#6885),.PCURVE_S1.);
#6874 = LINE('',#6875,#6876);
#6875 = CARTESIAN_POINT('',(62.154686066298,36.698841943582,-19.05));
#6876 = VECTOR('',#6877,1.);
#6877 = DIRECTION('',(-0.707106781187,0.707106781187,0.));
#6878 = PCURVE('',#6338,#6879);
#6879 = DEFINITIONAL_REPRESENTATION('',(#6880),#6884);
#6880 = LINE('',#6881,#6882);
#6881 = CARTESIAN_POINT('',(-1.6,-18.));
#6882 = VECTOR('',#6883,1.);
#6883 = DIRECTION('',(1.014653635757E-17,1.));
#6884 = ( GEOMETRIC_REPRESENTATION_CONTEXT(2) 
PARAMETRIC_REPRESENTATION_CONTEXT() REPRESENTATION_CONTEXT('2D SPACE',''
  ) );
#6885 = PCURVE('',#6424,#6886);
#6886 = DEFINITIONAL_REPRESENTATION('',(#6887),#6891);
#6887 = LINE('',#6888,#6889);
#6888 = CARTESIAN_POINT('',(-18.,-0.5));
#6889 = VECTOR('',#6890,1.);
#6890 = DIRECTION('',(-1.,0.));
#6891 = ( GEOMETRIC_REPRESENTATION_CONTEXT(2) 
PARAMETRIC_REPRESENTATION_CONTEXT() REPRESENTATION_CONTEXT('2D SPACE',''
  ) );
#6892 = ORIENTED_EDGE('',*,*,#6893,.T.);
#6893 = EDGE_CURVE('',#6871,#6894,#6896,.T.);
#6894 = VERTEX_POINT('',#6895);
#6895 = CARTESIAN_POINT('',(77.145349827452,26.233661582021,-19.05));
#6896 = SURFACE_CURVE('',#6897,(#6901,#6908),.PCURVE_S1.);
#6897 = LINE('',#6898,#6899);
#6898 = CARTESIAN_POINT('',(76.579664402503,25.667976157072,-19.05));
#6899 = VECTOR('',#6900,1.);
#6900 = DIRECTION('',(0.707106781187,0.707106781187,0.));
#6901 = PCURVE('',#6338,#6902);
#6902 = DEFINITIONAL_REPRESENTATION('',(#6903),#6907);
#6903 = LINE('',#6904,#6905);
#6904 = CARTESIAN_POINT('',(0.8,-36.));
#6905 = VECTOR('',#6906,1.);
#6906 = DIRECTION('',(1.,1.014653635757E-17));
#6907 = ( GEOMETRIC_REPRESENTATION_CONTEXT(2) 
PARAMETRIC_REPRESENTATION_CONTEXT() REPRESENTATION_CONTEXT('2D SPACE',''
  ) );
#6908 = PCURVE('',#6909,#6914);
#6909 = PLANE('',#6910);
#6910 = AXIS2_PLACEMENT_3D('',#6911,#6912,#6913);
#6911 = CARTESIAN_POINT('',(77.145349827452,26.233661582021,-19.55));
#6912 = DIRECTION('',(0.707106781187,-0.707106781187,0.));
#6913 = DIRECTION('',(-0.707106781187,-0.707106781187,0.));
#6914 = DEFINITIONAL_REPRESENTATION('',(#6915),#6919);
#6915 = LINE('',#6916,#6917);
#6916 = CARTESIAN_POINT('',(0.8,-0.5));
#6917 = VECTOR('',#6918,1.);
#6918 = DIRECTION('',(-1.,0.));
#6919 = ( GEOMETRIC_REPRESENTATION_CONTEXT(2) 
PARAMETRIC_REPRESENTATION_CONTEXT() REPRESENTATION_CONTEXT('2D SPACE',''
  ) );
#6920 = ORIENTED_EDGE('',*,*,#6921,.T.);
#6921 = EDGE_CURVE('',#6894,#6323,#6922,.T.);
#6922 = SURFACE_CURVE('',#6923,(#6927,#6934),.PCURVE_S1.);
#6923 = LINE('',#6924,#6925);
#6924 = CARTESIAN_POINT('',(67.599408281434,35.779603128039,-19.05));
#6925 = VECTOR('',#6926,1.);
#6926 = DIRECTION('',(0.707106781187,-0.707106781187,0.));
#6927 = PCURVE('',#6338,#6928);
#6928 = DEFINITIONAL_REPRESENTATION('',(#6929),#6933);
#6929 = LINE('',#6930,#6931);
#6930 = CARTESIAN_POINT('',(1.6,-22.5));
#6931 = VECTOR('',#6932,1.);
#6932 = DIRECTION('',(-1.014653635757E-17,-1.));
#6933 = ( GEOMETRIC_REPRESENTATION_CONTEXT(2) 
PARAMETRIC_REPRESENTATION_CONTEXT() REPRESENTATION_CONTEXT('2D SPACE',''
  ) );
#6934 = PCURVE('',#6367,#6935);
#6935 = DEFINITIONAL_REPRESENTATION('',(#6936),#6940);
#6936 = LINE('',#6937,#6938);
#6937 = CARTESIAN_POINT('',(22.5,-0.5));
#6938 = VECTOR('',#6939,1.);
#6939 = DIRECTION('',(-1.,0.));
#6940 = ( GEOMETRIC_REPRESENTATION_CONTEXT(2) 
PARAMETRIC_REPRESENTATION_CONTEXT() REPRESENTATION_CONTEXT('2D SPACE',''
  ) );
#6941 = ORIENTED_EDGE('',*,*,#6322,.F.);
#6942 = ORIENTED_EDGE('',*,*,#6943,.T.);
#6943 = EDGE_CURVE('',#6294,#6819,#6944,.T.);
#6944 = SURFACE_CURVE('',#6945,(#6949,#6956),.PCURVE_S1.);
#6945 = LINE('',#6946,#6947);
#6946 = CARTESIAN_POINT('',(88.388347648318,24.748737341529,-19.05));
#6947 = VECTOR('',#6948,1.);
#6948 = DIRECTION('',(-0.707106781187,0.707106781187,0.));
#6949 = PCURVE('',#6338,#6950);
#6950 = DEFINITIONAL_REPRESENTATION('',(#6951),#6955);
#6951 = LINE('',#6952,#6953);
#6952 = CARTESIAN_POINT('',(8.5,-45.));
#6953 = VECTOR('',#6954,1.);
#6954 = DIRECTION('',(1.014653635757E-17,1.));
#6955 = ( GEOMETRIC_REPRESENTATION_CONTEXT(2) 
PARAMETRIC_REPRESENTATION_CONTEXT() REPRESENTATION_CONTEXT('2D SPACE',''
  ) );
#6956 = PCURVE('',#6957,#6962);
#6957 = CYLINDRICAL_SURFACE('',#6958,4.);
#6958 = AXIS2_PLACEMENT_3D('',#6959,#6960,#6961);
#6959 = CARTESIAN_POINT('',(88.388347648318,24.748737341529,-15.05));
#6960 = DIRECTION('',(-0.707106781187,0.707106781187,0.));
#6961 = DIRECTION('',(0.,0.,-1.));
#6962 = DEFINITIONAL_REPRESENTATION('',(#6963),#6967);
#6963 = LINE('',#6964,#6965);
#6964 = CARTESIAN_POINT('',(-0.,0.));
#6965 = VECTOR('',#6966,1.);
#6966 = DIRECTION('',(-0.,1.));
#6967 = ( GEOMETRIC_REPRESENTATION_CONTEXT(2) 
PARAMETRIC_REPRESENTATION_CONTEXT() REPRESENTATION_CONTEXT('2D SPACE',''
  ) );
#6968 = ADVANCED_FACE('',(#6969),#6424,.T.);
#6969 = FACE_BOUND('',#6970,.T.);
#6970 = EDGE_LOOP('',(#6971,#6972,#6995,#7016));
#6971 = ORIENTED_EDGE('',*,*,#6870,.T.);
#6972 = ORIENTED_EDGE('',*,*,#6973,.T.);
#6973 = EDGE_CURVE('',#6871,#6974,#6976,.T.);
#6974 = VERTEX_POINT('',#6975);
#6975 = CARTESIAN_POINT('',(74.882608127655,23.970919882224,-18.05));
#6976 = SURFACE_CURVE('',#6977,(#6981,#6988),.PCURVE_S1.);
#6977 = LINE('',#6978,#6979);
#6978 = CARTESIAN_POINT('',(74.882608127655,23.970919882224,-19.55));
#6979 = VECTOR('',#6980,1.);
#6980 = DIRECTION('',(0.,0.,1.));
#6981 = PCURVE('',#6424,#6982);
#6982 = DEFINITIONAL_REPRESENTATION('',(#6983),#6987);
#6983 = LINE('',#6984,#6985);
#6984 = CARTESIAN_POINT('',(0.,0.));
#6985 = VECTOR('',#6986,1.);
#6986 = DIRECTION('',(0.,-1.));
#6987 = ( GEOMETRIC_REPRESENTATION_CONTEXT(2) 
PARAMETRIC_REPRESENTATION_CONTEXT() REPRESENTATION_CONTEXT('2D SPACE',''
  ) );
#6988 = PCURVE('',#6909,#6989);
#6989 = DEFINITIONAL_REPRESENTATION('',(#6990),#6994);
#6990 = LINE('',#6991,#6992);
#6991 = CARTESIAN_POINT('',(3.2,0.));
#6992 = VECTOR('',#6993,1.);
#6993 = DIRECTION('',(0.,-1.));
#6994 = ( GEOMETRIC_REPRESENTATION_CONTEXT(2) 
PARAMETRIC_REPRESENTATION_CONTEXT() REPRESENTATION_CONTEXT('2D SPACE',''
  ) );
#6995 = ORIENTED_EDGE('',*,*,#6996,.T.);
#6996 = EDGE_CURVE('',#6974,#6380,#6997,.T.);
#6997 = SURFACE_CURVE('',#6998,(#7002,#7009),.PCURVE_S1.);
#6998 = LINE('',#6999,#7000);
#6999 = CARTESIAN_POINT('',(74.882608127655,23.970919882224,-18.05));
#7000 = VECTOR('',#7001,1.);
#7001 = DIRECTION('',(0.707106781187,-0.707106781187,0.));
#7002 = PCURVE('',#6424,#7003);
#7003 = DEFINITIONAL_REPRESENTATION('',(#7004),#7008);
#7004 = LINE('',#7005,#7006);
#7005 = CARTESIAN_POINT('',(0.,-1.5));
#7006 = VECTOR('',#7007,1.);
#7007 = DIRECTION('',(1.,0.));
#7008 = ( GEOMETRIC_REPRESENTATION_CONTEXT(2) 
PARAMETRIC_REPRESENTATION_CONTEXT() REPRESENTATION_CONTEXT('2D SPACE',''
  ) );
#7009 = PCURVE('',#6395,#7010);
#7010 = DEFINITIONAL_REPRESENTATION('',(#7011),#7015);
#7011 = LINE('',#7012,#7013);
#7012 = CARTESIAN_POINT('',(-1.6,4.5));
#7013 = VECTOR('',#7014,1.);
#7014 = DIRECTION('',(-1.014653635757E-17,-1.));
#7015 = ( GEOMETRIC_REPRESENTATION_CONTEXT(2) 
PARAMETRIC_REPRESENTATION_CONTEXT() REPRESENTATION_CONTEXT('2D SPACE',''
  ) );
#7016 = ORIENTED_EDGE('',*,*,#6407,.F.);
#7017 = ADVANCED_FACE('',(#7018),#6395,.F.);
#7018 = FACE_BOUND('',#7019,.F.);
#7019 = EDGE_LOOP('',(#7020,#7021,#7022,#7045));
#7020 = ORIENTED_EDGE('',*,*,#6996,.T.);
#7021 = ORIENTED_EDGE('',*,*,#6379,.F.);
#7022 = ORIENTED_EDGE('',*,*,#7023,.T.);
#7023 = EDGE_CURVE('',#6351,#7024,#7026,.T.);
#7024 = VERTEX_POINT('',#7025);
#7025 = CARTESIAN_POINT('',(77.145349827452,26.233661582021,-18.05));
#7026 = SURFACE_CURVE('',#7027,(#7031,#7038),.PCURVE_S1.);
#7027 = LINE('',#7028,#7029);
#7028 = CARTESIAN_POINT('',(83.509310858131,19.869700551342,-18.05));
#7029 = VECTOR('',#7030,1.);
#7030 = DIRECTION('',(-0.707106781187,0.707106781187,0.));
#7031 = PCURVE('',#6395,#7032);
#7032 = DEFINITIONAL_REPRESENTATION('',(#7033),#7037);
#7033 = LINE('',#7034,#7035);
#7034 = CARTESIAN_POINT('',(1.6,-4.5));
#7035 = VECTOR('',#7036,1.);
#7036 = DIRECTION('',(1.014653635757E-17,1.));
#7037 = ( GEOMETRIC_REPRESENTATION_CONTEXT(2) 
PARAMETRIC_REPRESENTATION_CONTEXT() REPRESENTATION_CONTEXT('2D SPACE',''
  ) );
#7038 = PCURVE('',#6367,#7039);
#7039 = DEFINITIONAL_REPRESENTATION('',(#7040),#7044);
#7040 = LINE('',#7041,#7042);
#7041 = CARTESIAN_POINT('',(0.,-1.5));
#7042 = VECTOR('',#7043,1.);
#7043 = DIRECTION('',(1.,0.));
#7044 = ( GEOMETRIC_REPRESENTATION_CONTEXT(2) 
PARAMETRIC_REPRESENTATION_CONTEXT() REPRESENTATION_CONTEXT('2D SPACE',''
  ) );
#7045 = ORIENTED_EDGE('',*,*,#7046,.T.);
#7046 = EDGE_CURVE('',#7024,#6974,#7047,.T.);
#7047 = SURFACE_CURVE('',#7048,(#7052,#7059),.PCURVE_S1.);
#7048 = LINE('',#7049,#7050);
#7049 = CARTESIAN_POINT('',(77.145349827452,26.233661582021,-18.05));
#7050 = VECTOR('',#7051,1.);
#7051 = DIRECTION('',(-0.707106781187,-0.707106781187,0.));
#7052 = PCURVE('',#6395,#7053);
#7053 = DEFINITIONAL_REPRESENTATION('',(#7054),#7058);
#7054 = LINE('',#7055,#7056);
#7055 = CARTESIAN_POINT('',(1.6,4.5));
#7056 = VECTOR('',#7057,1.);
#7057 = DIRECTION('',(-1.,-1.014653635757E-17));
#7058 = ( GEOMETRIC_REPRESENTATION_CONTEXT(2) 
PARAMETRIC_REPRESENTATION_CONTEXT() REPRESENTATION_CONTEXT('2D SPACE',''
  ) );
#7059 = PCURVE('',#6909,#7060);
#7060 = DEFINITIONAL_REPRESENTATION('',(#7061),#7065);
#7061 = LINE('',#7062,#7063);
#7062 = CARTESIAN_POINT('',(0.,-1.5));
#7063 = VECTOR('',#7064,1.);
#7064 = DIRECTION('',(1.,0.));
#7065 = ( GEOMETRIC_REPRESENTATION_CONTEXT(2) 
PARAMETRIC_REPRESENTATION_CONTEXT() REPRESENTATION_CONTEXT('2D SPACE',''
  ) );
#7066 = ADVANCED_FACE('',(#7067),#6367,.T.);
#7067 = FACE_BOUND('',#7068,.T.);
#7068 = EDGE_LOOP('',(#7069,#7070,#7071,#7092));
#7069 = ORIENTED_EDGE('',*,*,#6350,.T.);
#7070 = ORIENTED_EDGE('',*,*,#7023,.T.);
#7071 = ORIENTED_EDGE('',*,*,#7072,.F.);
#7072 = EDGE_CURVE('',#6894,#7024,#7073,.T.);
#7073 = SURFACE_CURVE('',#7074,(#7078,#7085),.PCURVE_S1.);
#7074 = LINE('',#7075,#7076);
#7075 = CARTESIAN_POINT('',(77.145349827452,26.233661582021,-19.55));
#7076 = VECTOR('',#7077,1.);
#7077 = DIRECTION('',(0.,0.,1.));
#7078 = PCURVE('',#6367,#7079);
#7079 = DEFINITIONAL_REPRESENTATION('',(#7080),#7084);
#7080 = LINE('',#7081,#7082);
#7081 = CARTESIAN_POINT('',(9.,0.));
#7082 = VECTOR('',#7083,1.);
#7083 = DIRECTION('',(0.,-1.));
#7084 = ( GEOMETRIC_REPRESENTATION_CONTEXT(2) 
PARAMETRIC_REPRESENTATION_CONTEXT() REPRESENTATION_CONTEXT('2D SPACE',''
  ) );
#7085 = PCURVE('',#6909,#7086);
#7086 = DEFINITIONAL_REPRESENTATION('',(#7087),#7091);
#7087 = LINE('',#7088,#7089);
#7088 = CARTESIAN_POINT('',(0.,0.));
#7089 = VECTOR('',#7090,1.);
#7090 = DIRECTION('',(0.,-1.));
#7091 = ( GEOMETRIC_REPRESENTATION_CONTEXT(2) 
PARAMETRIC_REPRESENTATION_CONTEXT() REPRESENTATION_CONTEXT('2D SPACE',''
  ) );
#7092 = ORIENTED_EDGE('',*,*,#6921,.T.);
#7093 = ADVANCED_FACE('',(#7094),#6310,.T.);
#7094 = FACE_BOUND('',#7095,.T.);
#7095 = EDGE_LOOP('',(#7096,#7097,#7098));
#7096 = ORIENTED_EDGE('',*,*,#6596,.F.);
#7097 = ORIENTED_EDGE('',*,*,#6293,.T.);
#7098 = ORIENTED_EDGE('',*,*,#7099,.F.);
#7099 = EDGE_CURVE('',#6569,#6294,#7100,.T.);
#7100 = SURFACE_CURVE('',#7101,(#7106,#7113),.PCURVE_S1.);
#7101 = CIRCLE('',#7102,4.);
#7102 = AXIS2_PLACEMENT_3D('',#7103,#7104,#7105);
#7103 = CARTESIAN_POINT('',(85.559920523572,27.577164466275,-15.05));
#7104 = DIRECTION('',(-0.707106781187,0.707106781187,0.));
#7105 = DIRECTION('',(0.707106781187,0.707106781187,0.));
#7106 = PCURVE('',#6310,#7107);
#7107 = DEFINITIONAL_REPRESENTATION('',(#7108),#7112);
#7108 = LINE('',#7109,#7110);
#7109 = CARTESIAN_POINT('',(0.,0.));
#7110 = VECTOR('',#7111,1.);
#7111 = DIRECTION('',(1.,0.));
#7112 = ( GEOMETRIC_REPRESENTATION_CONTEXT(2) 
PARAMETRIC_REPRESENTATION_CONTEXT() REPRESENTATION_CONTEXT('2D SPACE',''
  ) );
#7113 = PCURVE('',#6957,#7114);
#7114 = DEFINITIONAL_REPRESENTATION('',(#7115),#7119);
#7115 = LINE('',#7116,#7117);
#7116 = CARTESIAN_POINT('',(-1.570796326795,4.));
#7117 = VECTOR('',#7118,1.);
#7118 = DIRECTION('',(1.,-0.));
#7119 = ( GEOMETRIC_REPRESENTATION_CONTEXT(2) 
PARAMETRIC_REPRESENTATION_CONTEXT() REPRESENTATION_CONTEXT('2D SPACE',''
  ) );
#7120 = ADVANCED_FACE('',(#7121),#6529,.T.);
#7121 = FACE_BOUND('',#7122,.F.);
#7122 = EDGE_LOOP('',(#7123,#7124,#7153,#7181,#7251,#7279,#7349,#7377,
    #7447,#7468));
#7123 = ORIENTED_EDGE('',*,*,#6793,.F.);
#7124 = ORIENTED_EDGE('',*,*,#7125,.T.);
#7125 = EDGE_CURVE('',#6766,#7126,#7128,.T.);
#7126 = VERTEX_POINT('',#7127);
#7127 = CARTESIAN_POINT('',(18.38477631085,76.367532368147,6.));
#7128 = SURFACE_CURVE('',#7129,(#7134,#7141),.PCURVE_S1.);
#7129 = CIRCLE('',#7130,8.);
#7130 = AXIS2_PLACEMENT_3D('',#7131,#7132,#7133);
#7131 = CARTESIAN_POINT('',(18.38477631085,76.367532368147,-2.));
#7132 = DIRECTION('',(-0.707106781187,0.707106781187,1.126491828437E-33)
  );
#7133 = DIRECTION('',(-0.707106781187,-0.707106781187,1.110223024625E-16
    ));
#7134 = PCURVE('',#6529,#7135);
#7135 = DEFINITIONAL_REPRESENTATION('',(#7136),#7140);
#7136 = LINE('',#7137,#7138);
#7137 = CARTESIAN_POINT('',(-0.,4.));
#7138 = VECTOR('',#7139,1.);
#7139 = DIRECTION('',(-1.,0.));
#7140 = ( GEOMETRIC_REPRESENTATION_CONTEXT(2) 
PARAMETRIC_REPRESENTATION_CONTEXT() REPRESENTATION_CONTEXT('2D SPACE',''
  ) );
#7141 = PCURVE('',#7142,#7147);
#7142 = TOROIDAL_SURFACE('',#7143,4.,4.);
#7143 = AXIS2_PLACEMENT_3D('',#7144,#7145,#7146);
#7144 = CARTESIAN_POINT('',(18.38477631085,76.367532368147,-2.));
#7145 = DIRECTION('',(-0.707106781187,0.707106781187,0.));
#7146 = DIRECTION('',(-0.707106781187,-0.707106781187,1.110223024625E-16
    ));
#7147 = DEFINITIONAL_REPRESENTATION('',(#7148),#7152);
#7148 = LINE('',#7149,#7150);
#7149 = CARTESIAN_POINT('',(0.,0.));
#7150 = VECTOR('',#7151,1.);
#7151 = DIRECTION('',(1.,0.));
#7152 = ( GEOMETRIC_REPRESENTATION_CONTEXT(2) 
PARAMETRIC_REPRESENTATION_CONTEXT() REPRESENTATION_CONTEXT('2D SPACE',''
  ) );
#7153 = ORIENTED_EDGE('',*,*,#7154,.T.);
#7154 = EDGE_CURVE('',#7126,#7155,#7157,.T.);
#7155 = VERTEX_POINT('',#7156);
#7156 = CARTESIAN_POINT('',(22.854080450194,71.898228228804,6.));
#7157 = SURFACE_CURVE('',#7158,(#7162,#7169),.PCURVE_S1.);
#7158 = LINE('',#7159,#7160);
#7159 = CARTESIAN_POINT('',(15.556349186104,79.195959492893,6.));
#7160 = VECTOR('',#7161,1.);
#7161 = DIRECTION('',(0.707106781187,-0.707106781187,0.));
#7162 = PCURVE('',#6529,#7163);
#7163 = DEFINITIONAL_REPRESENTATION('',(#7164),#7168);
#7164 = LINE('',#7165,#7166);
#7165 = CARTESIAN_POINT('',(-1.570796326795,0.));
#7166 = VECTOR('',#7167,1.);
#7167 = DIRECTION('',(-0.,1.));
#7168 = ( GEOMETRIC_REPRESENTATION_CONTEXT(2) 
PARAMETRIC_REPRESENTATION_CONTEXT() REPRESENTATION_CONTEXT('2D SPACE',''
  ) );
#7169 = PCURVE('',#7170,#7175);
#7170 = PLANE('',#7171);
#7171 = AXIS2_PLACEMENT_3D('',#7172,#7173,#7174);
#7172 = CARTESIAN_POINT('',(50.558134854838,50.558134854838,6.));
#7173 = DIRECTION('',(0.,0.,1.));
#7174 = DIRECTION('',(0.707106781187,0.707106781187,0.));
#7175 = DEFINITIONAL_REPRESENTATION('',(#7176),#7180);
#7176 = LINE('',#7177,#7178);
#7177 = CARTESIAN_POINT('',(-4.5,45.));
#7178 = VECTOR('',#7179,1.);
#7179 = DIRECTION('',(-1.014653635757E-17,-1.));
#7180 = ( GEOMETRIC_REPRESENTATION_CONTEXT(2) 
PARAMETRIC_REPRESENTATION_CONTEXT() REPRESENTATION_CONTEXT('2D SPACE',''
  ) );
#7181 = ORIENTED_EDGE('',*,*,#7182,.T.);
#7182 = EDGE_CURVE('',#7155,#7183,#7185,.T.);
#7183 = VERTEX_POINT('',#7184);
#7184 = CARTESIAN_POINT('',(25.936287451678,68.816021227319,6.));
#7185 = SURFACE_CURVE('',#7186,(#7204,#7225),.PCURVE_S1.);
#7186 = B_SPLINE_CURVE_WITH_KNOTS('',6,(#7187,#7188,#7189,#7190,#7191,
    #7192,#7193,#7194,#7195,#7196,#7197,#7198,#7199,#7200,#7201,#7202,
    #7203),.UNSPECIFIED.,.F.,.F.,(7,5,5,7),(0.,0.123776071742,
    0.499981922583,1.),.UNSPECIFIED.);
#7187 = CARTESIAN_POINT('',(22.854080450194,71.898228228804,6.));
#7188 = CARTESIAN_POINT('',(22.885609764035,71.807474566635,6.));
#7189 = CARTESIAN_POINT('',(22.919080064435,71.717884275469,
    5.999737020665));
#7190 = CARTESIAN_POINT('',(22.954443096672,71.629474558378,
    5.999262511216));
#7191 = CARTESIAN_POINT('',(22.991653852558,71.542261524259,
    5.998622869227));
#7192 = CARTESIAN_POINT('',(23.030670570429,71.456260187829,
    5.997859440628));
#7193 = CARTESIAN_POINT('',(23.195414408256,71.113816563822,
    5.994422224744));
#7194 = CARTESIAN_POINT('',(23.335711194449,70.867451375553,
    5.991028249263));
#7195 = CARTESIAN_POINT('',(23.491254000893,70.632815746222,
    5.987852115017));
#7196 = CARTESIAN_POINT('',(23.661184273431,70.410310188776,
    5.985523942754));
#7197 = CARTESIAN_POINT('',(23.844824695637,70.200377202174,
    5.984359711336));
#7198 = CARTESIAN_POINT('',(24.303206742304,69.741995155507,
    5.984359711336));
#7199 = CARTESIAN_POINT('',(24.587928320539,69.503720339915,
    5.986416216125));
#7200 = CARTESIAN_POINT('',(24.894521050489,69.289967339162,
    5.990528041234));
#7201 = CARTESIAN_POINT('',(25.222075963031,69.102409907167,
    5.995708539438));
#7202 = CARTESIAN_POINT('',(25.569721834544,68.943372147491,6.));
#7203 = CARTESIAN_POINT('',(25.936287451678,68.816021227319,6.));
#7204 = PCURVE('',#6529,#7205);
#7205 = DEFINITIONAL_REPRESENTATION('',(#7206),#7224);
#7206 = B_SPLINE_CURVE_WITH_KNOTS('',6,(#7207,#7208,#7209,#7210,#7211,
    #7212,#7213,#7214,#7215,#7216,#7217,#7218,#7219,#7220,#7221,#7222,
    #7223),.UNSPECIFIED.,.F.,.F.,(7,5,5,7),(0.,0.123776071742,
    0.499981922583,1.),.UNSPECIFIED.);
#7207 = CARTESIAN_POINT('',(-1.570796326795,10.32055052823));
#7208 = CARTESIAN_POINT('',(-1.565561584506,10.40701764979));
#7209 = CARTESIAN_POINT('',(-1.560601223059,10.494034628583));
#7210 = CARTESIAN_POINT('',(-1.555912264723,10.581555178959));
#7211 = CARTESIAN_POINT('',(-1.551492013779,10.669536084612));
#7212 = CARTESIAN_POINT('',(-1.547338056524,10.757937198579));
#7213 = CARTESIAN_POINT('',(-1.531625590605,11.116572892175));
#7214 = CARTESIAN_POINT('',(-1.522242279604,11.389984196344));
#7215 = CARTESIAN_POINT('',(-1.51524020499,11.665882014154));
#7216 = CARTESIAN_POINT('',(-1.51058407754,11.943376050716));
#7217 = CARTESIAN_POINT('',(-1.508255564998,12.221674476979));
#7218 = CARTESIAN_POINT('',(-1.508255564998,12.869924584123));
#7219 = CARTESIAN_POINT('',(-1.512369000344,13.239738880734));
#7220 = CARTESIAN_POINT('',(-1.520590836091,13.607678875475));
#7221 = CARTESIAN_POINT('',(-1.532981722865,13.971918307371));
#7222 = CARTESIAN_POINT('',(-1.549652534997,14.330197738901));
#7223 = CARTESIAN_POINT('',(-1.570796326795,14.67944947177));
#7224 = ( GEOMETRIC_REPRESENTATION_CONTEXT(2) 
PARAMETRIC_REPRESENTATION_CONTEXT() REPRESENTATION_CONTEXT('2D SPACE',''
  ) );
#7225 = PCURVE('',#7226,#7231);
#7226 = CYLINDRICAL_SURFACE('',#7227,5.);
#7227 = AXIS2_PLACEMENT_3D('',#7228,#7229,#7230);
#7228 = CARTESIAN_POINT('',(27.577164466275,73.539105243401,5.5));
#7229 = DIRECTION('',(0.,-0.,-1.));
#7230 = DIRECTION('',(0.707106781187,0.707106781187,0.));
#7231 = DEFINITIONAL_REPRESENTATION('',(#7232),#7250);
#7232 = B_SPLINE_CURVE_WITH_KNOTS('',6,(#7233,#7234,#7235,#7236,#7237,
    #7238,#7239,#7240,#7241,#7242,#7243,#7244,#7245,#7246,#7247,#7248,
    #7249),.UNSPECIFIED.,.F.,.F.,(7,5,5,7),(0.,0.123776071742,
    0.499981922583,1.),.UNSPECIFIED.);
#7233 = CARTESIAN_POINT('',(-2.690565841794,-0.5));
#7234 = CARTESIAN_POINT('',(-2.709780757696,-0.5));
#7235 = CARTESIAN_POINT('',(-2.728903306888,-0.499737020665));
#7236 = CARTESIAN_POINT('',(-2.747939768292,-0.499262511216));
#7237 = CARTESIAN_POINT('',(-2.766896351198,-0.498622869227));
#7238 = CARTESIAN_POINT('',(-2.785779195262,-0.497859440628));
#7239 = CARTESIAN_POINT('',(-2.861781344633,-0.494422224744));
#7240 = CARTESIAN_POINT('',(-2.918347770181,-0.491028249263));
#7241 = CARTESIAN_POINT('',(-2.974458645718,-0.487852115017));
#7242 = CARTESIAN_POINT('',(-3.030267847753,-0.485523942754));
#7243 = CARTESIAN_POINT('',(-3.085927548986,-0.484359711336));
#7244 = CARTESIAN_POINT('',(-3.215577570414,-0.484359711336));
#7245 = CARTESIAN_POINT('',(-3.289540549115,-0.486416216125));
#7246 = CARTESIAN_POINT('',(-3.363856938792,-0.490528041234));
#7247 = CARTESIAN_POINT('',(-3.438890972822,-0.495708539438));
#7248 = CARTESIAN_POINT('',(-3.515007969193,-0.5));
#7249 = CARTESIAN_POINT('',(-3.592619465386,-0.5));
#7250 = ( GEOMETRIC_REPRESENTATION_CONTEXT(2) 
PARAMETRIC_REPRESENTATION_CONTEXT() REPRESENTATION_CONTEXT('2D SPACE',''
  ) );
#7251 = ORIENTED_EDGE('',*,*,#7252,.T.);
#7252 = EDGE_CURVE('',#7183,#7253,#7255,.T.);
#7253 = VERTEX_POINT('',#7254);
#7254 = CARTESIAN_POINT('',(45.835050838756,48.917257840241,6.));
#7255 = SURFACE_CURVE('',#7256,(#7260,#7267),.PCURVE_S1.);
#7256 = LINE('',#7257,#7258);
#7257 = CARTESIAN_POINT('',(15.556349186104,79.195959492893,6.));
#7258 = VECTOR('',#7259,1.);
#7259 = DIRECTION('',(0.707106781187,-0.707106781187,0.));
#7260 = PCURVE('',#6529,#7261);
#7261 = DEFINITIONAL_REPRESENTATION('',(#7262),#7266);
#7262 = LINE('',#7263,#7264);
#7263 = CARTESIAN_POINT('',(-1.570796326795,0.));
#7264 = VECTOR('',#7265,1.);
#7265 = DIRECTION('',(-0.,1.));
#7266 = ( GEOMETRIC_REPRESENTATION_CONTEXT(2) 
PARAMETRIC_REPRESENTATION_CONTEXT() REPRESENTATION_CONTEXT('2D SPACE',''
  ) );
#7267 = PCURVE('',#7268,#7273);
#7268 = PLANE('',#7269);
#7269 = AXIS2_PLACEMENT_3D('',#7270,#7271,#7272);
#7270 = CARTESIAN_POINT('',(50.558134854838,50.558134854838,6.));
#7271 = DIRECTION('',(0.,0.,1.));
#7272 = DIRECTION('',(0.707106781187,0.707106781187,0.));
#7273 = DEFINITIONAL_REPRESENTATION('',(#7274),#7278);
#7274 = LINE('',#7275,#7276);
#7275 = CARTESIAN_POINT('',(-4.5,45.));
#7276 = VECTOR('',#7277,1.);
#7277 = DIRECTION('',(-1.014653635757E-17,-1.));
#7278 = ( GEOMETRIC_REPRESENTATION_CONTEXT(2) 
PARAMETRIC_REPRESENTATION_CONTEXT() REPRESENTATION_CONTEXT('2D SPACE',''
  ) );
#7279 = ORIENTED_EDGE('',*,*,#7280,.T.);
#7280 = EDGE_CURVE('',#7253,#7281,#7283,.T.);
#7281 = VERTEX_POINT('',#7282);
#7282 = CARTESIAN_POINT('',(48.917257840241,45.835050838756,6.));
#7283 = SURFACE_CURVE('',#7284,(#7302,#7323),.PCURVE_S1.);
#7284 = B_SPLINE_CURVE_WITH_KNOTS('',6,(#7285,#7286,#7287,#7288,#7289,
    #7290,#7291,#7292,#7293,#7294,#7295,#7296,#7297,#7298,#7299,#7300,
    #7301),.UNSPECIFIED.,.F.,.F.,(7,5,5,7),(0.,0.123776071742,
    0.499981922583,1.),.UNSPECIFIED.);
#7285 = CARTESIAN_POINT('',(45.835050838756,48.917257840241,6.));
#7286 = CARTESIAN_POINT('',(45.866580152598,48.826504178072,6.));
#7287 = CARTESIAN_POINT('',(45.900050452997,48.736913886906,
    5.999737020665));
#7288 = CARTESIAN_POINT('',(45.935413485235,48.648504169816,
    5.999262511216));
#7289 = CARTESIAN_POINT('',(45.97262424112,48.561291135696,
    5.998622869227));
#7290 = CARTESIAN_POINT('',(46.011640958992,48.475289799267,
    5.997859440628));
#7291 = CARTESIAN_POINT('',(46.176384796819,48.13284617526,
    5.994422224744));
#7292 = CARTESIAN_POINT('',(46.316681583011,47.88648098699,
    5.991028249263));
#7293 = CARTESIAN_POINT('',(46.472224389456,47.651845357658,
    5.987852115017));
#7294 = CARTESIAN_POINT('',(46.642154661994,47.429339800214,
    5.985523942754));
#7295 = CARTESIAN_POINT('',(46.8257950842,47.219406813611,5.984359711336
    ));
#7296 = CARTESIAN_POINT('',(47.284177130867,46.761024766944,
    5.984359711336));
#7297 = CARTESIAN_POINT('',(47.568898709101,46.522749951352,
    5.986416216125));
#7298 = CARTESIAN_POINT('',(47.875491439051,46.3089969506,5.990528041234
    ));
#7299 = CARTESIAN_POINT('',(48.203046351594,46.121439518604,
    5.995708539438));
#7300 = CARTESIAN_POINT('',(48.550692223107,45.962401758928,6.));
#7301 = CARTESIAN_POINT('',(48.917257840241,45.835050838756,6.));
#7302 = PCURVE('',#6529,#7303);
#7303 = DEFINITIONAL_REPRESENTATION('',(#7304),#7322);
#7304 = B_SPLINE_CURVE_WITH_KNOTS('',6,(#7305,#7306,#7307,#7308,#7309,
    #7310,#7311,#7312,#7313,#7314,#7315,#7316,#7317,#7318,#7319,#7320,
    #7321),.UNSPECIFIED.,.F.,.F.,(7,5,5,7),(0.,0.123776071742,
    0.499981922583,1.),.UNSPECIFIED.);
#7305 = CARTESIAN_POINT('',(-1.570796326795,42.82055052823));
#7306 = CARTESIAN_POINT('',(-1.565561584506,42.90701764979));
#7307 = CARTESIAN_POINT('',(-1.560601223059,42.994034628583));
#7308 = CARTESIAN_POINT('',(-1.555912264723,43.081555178959));
#7309 = CARTESIAN_POINT('',(-1.551492013779,43.169536084612));
#7310 = CARTESIAN_POINT('',(-1.547338056524,43.257937198579));
#7311 = CARTESIAN_POINT('',(-1.531625590605,43.616572892175));
#7312 = CARTESIAN_POINT('',(-1.522242279604,43.889984196344));
#7313 = CARTESIAN_POINT('',(-1.51524020499,44.165882014155));
#7314 = CARTESIAN_POINT('',(-1.51058407754,44.443376050716));
#7315 = CARTESIAN_POINT('',(-1.508255564998,44.721674476979));
#7316 = CARTESIAN_POINT('',(-1.508255564998,45.369924584123));
#7317 = CARTESIAN_POINT('',(-1.512369000344,45.739738880734));
#7318 = CARTESIAN_POINT('',(-1.520590836091,46.107678875475));
#7319 = CARTESIAN_POINT('',(-1.532981722865,46.471918307371));
#7320 = CARTESIAN_POINT('',(-1.549652534997,46.830197738901));
#7321 = CARTESIAN_POINT('',(-1.570796326795,47.17944947177));
#7322 = ( GEOMETRIC_REPRESENTATION_CONTEXT(2) 
PARAMETRIC_REPRESENTATION_CONTEXT() REPRESENTATION_CONTEXT('2D SPACE',''
  ) );
#7323 = PCURVE('',#7324,#7329);
#7324 = CYLINDRICAL_SURFACE('',#7325,5.);
#7325 = AXIS2_PLACEMENT_3D('',#7326,#7327,#7328);
#7326 = CARTESIAN_POINT('',(50.558134854838,50.558134854838,5.5));
#7327 = DIRECTION('',(0.,-0.,-1.));
#7328 = DIRECTION('',(0.707106781187,0.707106781187,0.));
#7329 = DEFINITIONAL_REPRESENTATION('',(#7330),#7348);
#7330 = B_SPLINE_CURVE_WITH_KNOTS('',6,(#7331,#7332,#7333,#7334,#7335,
    #7336,#7337,#7338,#7339,#7340,#7341,#7342,#7343,#7344,#7345,#7346,
    #7347),.UNSPECIFIED.,.F.,.F.,(7,5,5,7),(0.,0.123776071742,
    0.499981922583,1.),.UNSPECIFIED.);
#7331 = CARTESIAN_POINT('',(-2.690565841794,-0.5));
#7332 = CARTESIAN_POINT('',(-2.709780757696,-0.5));
#7333 = CARTESIAN_POINT('',(-2.728903306888,-0.499737020665));
#7334 = CARTESIAN_POINT('',(-2.747939768292,-0.499262511216));
#7335 = CARTESIAN_POINT('',(-2.766896351198,-0.498622869227));
#7336 = CARTESIAN_POINT('',(-2.785779195262,-0.497859440628));
#7337 = CARTESIAN_POINT('',(-2.861781344633,-0.494422224744));
#7338 = CARTESIAN_POINT('',(-2.918347770181,-0.491028249263));
#7339 = CARTESIAN_POINT('',(-2.974458645718,-0.487852115017));
#7340 = CARTESIAN_POINT('',(-3.030267847753,-0.485523942754));
#7341 = CARTESIAN_POINT('',(-3.085927548986,-0.484359711336));
#7342 = CARTESIAN_POINT('',(-3.215577570414,-0.484359711336));
#7343 = CARTESIAN_POINT('',(-3.289540549115,-0.486416216125));
#7344 = CARTESIAN_POINT('',(-3.363856938792,-0.490528041234));
#7345 = CARTESIAN_POINT('',(-3.438890972822,-0.495708539438));
#7346 = CARTESIAN_POINT('',(-3.515007969193,-0.5));
#7347 = CARTESIAN_POINT('',(-3.592619465386,-0.5));
#7348 = ( GEOMETRIC_REPRESENTATION_CONTEXT(2) 
PARAMETRIC_REPRESENTATION_CONTEXT() REPRESENTATION_CONTEXT('2D SPACE',''
  ) );
#7349 = ORIENTED_EDGE('',*,*,#7350,.T.);
#7350 = EDGE_CURVE('',#7281,#7351,#7353,.T.);
#7351 = VERTEX_POINT('',#7352);
#7352 = CARTESIAN_POINT('',(58.209419509521,36.542889169476,6.));
#7353 = SURFACE_CURVE('',#7354,(#7358,#7365),.PCURVE_S1.);
#7354 = LINE('',#7355,#7356);
#7355 = CARTESIAN_POINT('',(15.556349186104,79.195959492893,6.));
#7356 = VECTOR('',#7357,1.);
#7357 = DIRECTION('',(0.707106781187,-0.707106781187,0.));
#7358 = PCURVE('',#6529,#7359);
#7359 = DEFINITIONAL_REPRESENTATION('',(#7360),#7364);
#7360 = LINE('',#7361,#7362);
#7361 = CARTESIAN_POINT('',(-1.570796326795,0.));
#7362 = VECTOR('',#7363,1.);
#7363 = DIRECTION('',(-0.,1.));
#7364 = ( GEOMETRIC_REPRESENTATION_CONTEXT(2) 
PARAMETRIC_REPRESENTATION_CONTEXT() REPRESENTATION_CONTEXT('2D SPACE',''
  ) );
#7365 = PCURVE('',#7366,#7371);
#7366 = PLANE('',#7367);
#7367 = AXIS2_PLACEMENT_3D('',#7368,#7369,#7370);
#7368 = CARTESIAN_POINT('',(50.558134854838,50.558134854838,6.));
#7369 = DIRECTION('',(0.,0.,1.));
#7370 = DIRECTION('',(0.707106781187,0.707106781187,0.));
#7371 = DEFINITIONAL_REPRESENTATION('',(#7372),#7376);
#7372 = LINE('',#7373,#7374);
#7373 = CARTESIAN_POINT('',(-4.5,45.));
#7374 = VECTOR('',#7375,1.);
#7375 = DIRECTION('',(-1.014653635757E-17,-1.));
#7376 = ( GEOMETRIC_REPRESENTATION_CONTEXT(2) 
PARAMETRIC_REPRESENTATION_CONTEXT() REPRESENTATION_CONTEXT('2D SPACE',''
  ) );
#7377 = ORIENTED_EDGE('',*,*,#7378,.T.);
#7378 = EDGE_CURVE('',#7351,#7379,#7381,.T.);
#7379 = VERTEX_POINT('',#7380);
#7380 = CARTESIAN_POINT('',(61.291626511006,33.460682167992,6.));
#7381 = SURFACE_CURVE('',#7382,(#7400,#7421),.PCURVE_S1.);
#7382 = B_SPLINE_CURVE_WITH_KNOTS('',6,(#7383,#7384,#7385,#7386,#7387,
    #7388,#7389,#7390,#7391,#7392,#7393,#7394,#7395,#7396,#7397,#7398,
    #7399),.UNSPECIFIED.,.F.,.F.,(7,5,5,7),(0.,0.123776071742,
    0.499981922583,1.),.UNSPECIFIED.);
#7383 = CARTESIAN_POINT('',(58.209419509521,36.542889169476,6.));
#7384 = CARTESIAN_POINT('',(58.240948823363,36.452135507308,6.));
#7385 = CARTESIAN_POINT('',(58.274419123762,36.362545216142,
    5.999737020665));
#7386 = CARTESIAN_POINT('',(58.309782156,36.274135499051,5.999262511216)
  );
#7387 = CARTESIAN_POINT('',(58.346992911885,36.186922464932,
    5.998622869227));
#7388 = CARTESIAN_POINT('',(58.386009629756,36.100921128502,
    5.997859440628));
#7389 = CARTESIAN_POINT('',(58.550753467584,35.758477504495,
    5.994422224744));
#7390 = CARTESIAN_POINT('',(58.691050253776,35.512112316226,
    5.991028249263));
#7391 = CARTESIAN_POINT('',(58.846593060221,35.277476686894,
    5.987852115017));
#7392 = CARTESIAN_POINT('',(59.016523332758,35.054971129449,
    5.985523942754));
#7393 = CARTESIAN_POINT('',(59.200163754964,34.845038142846,
    5.984359711336));
#7394 = CARTESIAN_POINT('',(59.658545801631,34.386656096179,
    5.984359711336));
#7395 = CARTESIAN_POINT('',(59.943267379866,34.148381280588,
    5.986416216125));
#7396 = CARTESIAN_POINT('',(60.249860109816,33.934628279835,
    5.990528041234));
#7397 = CARTESIAN_POINT('',(60.577415022358,33.74707084784,
    5.995708539438));
#7398 = CARTESIAN_POINT('',(60.925060893872,33.588033088164,6.));
#7399 = CARTESIAN_POINT('',(61.291626511006,33.460682167992,6.));
#7400 = PCURVE('',#6529,#7401);
#7401 = DEFINITIONAL_REPRESENTATION('',(#7402),#7420);
#7402 = B_SPLINE_CURVE_WITH_KNOTS('',6,(#7403,#7404,#7405,#7406,#7407,
    #7408,#7409,#7410,#7411,#7412,#7413,#7414,#7415,#7416,#7417,#7418,
    #7419),.UNSPECIFIED.,.F.,.F.,(7,5,5,7),(0.,0.123776071742,
    0.499981922583,1.),.UNSPECIFIED.);
#7403 = CARTESIAN_POINT('',(-1.570796326795,60.32055052823));
#7404 = CARTESIAN_POINT('',(-1.565561584506,60.40701764979));
#7405 = CARTESIAN_POINT('',(-1.560601223059,60.494034628583));
#7406 = CARTESIAN_POINT('',(-1.555912264723,60.581555178959));
#7407 = CARTESIAN_POINT('',(-1.551492013779,60.669536084612));
#7408 = CARTESIAN_POINT('',(-1.547338056524,60.757937198579));
#7409 = CARTESIAN_POINT('',(-1.531625590605,61.116572892175));
#7410 = CARTESIAN_POINT('',(-1.522242279604,61.389984196344));
#7411 = CARTESIAN_POINT('',(-1.51524020499,61.665882014155));
#7412 = CARTESIAN_POINT('',(-1.51058407754,61.943376050715));
#7413 = CARTESIAN_POINT('',(-1.508255564998,62.221674476979));
#7414 = CARTESIAN_POINT('',(-1.508255564998,62.869924584124));
#7415 = CARTESIAN_POINT('',(-1.512369000344,63.239738880734));
#7416 = CARTESIAN_POINT('',(-1.520590836091,63.607678875475));
#7417 = CARTESIAN_POINT('',(-1.532981722865,63.971918307371));
#7418 = CARTESIAN_POINT('',(-1.549652534997,64.330197738901));
#7419 = CARTESIAN_POINT('',(-1.570796326795,64.67944947177));
#7420 = ( GEOMETRIC_REPRESENTATION_CONTEXT(2) 
PARAMETRIC_REPRESENTATION_CONTEXT() REPRESENTATION_CONTEXT('2D SPACE',''
  ) );
#7421 = PCURVE('',#7422,#7427);
#7422 = CYLINDRICAL_SURFACE('',#7423,5.);
#7423 = AXIS2_PLACEMENT_3D('',#7424,#7425,#7426);
#7424 = CARTESIAN_POINT('',(62.932503525603,38.183766184074,5.5));
#7425 = DIRECTION('',(0.,-0.,-1.));
#7426 = DIRECTION('',(0.707106781187,0.707106781187,0.));
#7427 = DEFINITIONAL_REPRESENTATION('',(#7428),#7446);
#7428 = B_SPLINE_CURVE_WITH_KNOTS('',6,(#7429,#7430,#7431,#7432,#7433,
    #7434,#7435,#7436,#7437,#7438,#7439,#7440,#7441,#7442,#7443,#7444,
    #7445),.UNSPECIFIED.,.F.,.F.,(7,5,5,7),(0.,0.123776071742,
    0.499981922583,1.),.UNSPECIFIED.);
#7429 = CARTESIAN_POINT('',(-2.690565841794,-0.5));
#7430 = CARTESIAN_POINT('',(-2.709780757696,-0.5));
#7431 = CARTESIAN_POINT('',(-2.728903306888,-0.499737020665));
#7432 = CARTESIAN_POINT('',(-2.747939768292,-0.499262511216));
#7433 = CARTESIAN_POINT('',(-2.766896351198,-0.498622869227));
#7434 = CARTESIAN_POINT('',(-2.785779195262,-0.497859440628));
#7435 = CARTESIAN_POINT('',(-2.861781344633,-0.494422224744));
#7436 = CARTESIAN_POINT('',(-2.918347770181,-0.491028249263));
#7437 = CARTESIAN_POINT('',(-2.974458645718,-0.487852115017));
#7438 = CARTESIAN_POINT('',(-3.030267847753,-0.485523942754));
#7439 = CARTESIAN_POINT('',(-3.085927548986,-0.484359711336));
#7440 = CARTESIAN_POINT('',(-3.215577570415,-0.484359711336));
#7441 = CARTESIAN_POINT('',(-3.289540549115,-0.486416216125));
#7442 = CARTESIAN_POINT('',(-3.363856938792,-0.490528041234));
#7443 = CARTESIAN_POINT('',(-3.438890972822,-0.495708539438));
#7444 = CARTESIAN_POINT('',(-3.515007969193,-0.5));
#7445 = CARTESIAN_POINT('',(-3.592619465386,-0.5));
#7446 = ( GEOMETRIC_REPRESENTATION_CONTEXT(2) 
PARAMETRIC_REPRESENTATION_CONTEXT() REPRESENTATION_CONTEXT('2D SPACE',''
  ) );
#7447 = ORIENTED_EDGE('',*,*,#7448,.T.);
#7448 = EDGE_CURVE('',#7379,#6491,#7449,.T.);
#7449 = SURFACE_CURVE('',#7450,(#7454,#7461),.PCURVE_S1.);
#7450 = LINE('',#7451,#7452);
#7451 = CARTESIAN_POINT('',(15.556349186104,79.195959492893,6.));
#7452 = VECTOR('',#7453,1.);
#7453 = DIRECTION('',(0.707106781187,-0.707106781187,0.));
#7454 = PCURVE('',#6529,#7455);
#7455 = DEFINITIONAL_REPRESENTATION('',(#7456),#7460);
#7456 = LINE('',#7457,#7458);
#7457 = CARTESIAN_POINT('',(-1.570796326795,0.));
#7458 = VECTOR('',#7459,1.);
#7459 = DIRECTION('',(-0.,1.));
#7460 = ( GEOMETRIC_REPRESENTATION_CONTEXT(2) 
PARAMETRIC_REPRESENTATION_CONTEXT() REPRESENTATION_CONTEXT('2D SPACE',''
  ) );
#7461 = PCURVE('',#6639,#7462);
#7462 = DEFINITIONAL_REPRESENTATION('',(#7463),#7467);
#7463 = LINE('',#7464,#7465);
#7464 = CARTESIAN_POINT('',(-4.5,45.));
#7465 = VECTOR('',#7466,1.);
#7466 = DIRECTION('',(-1.014653635757E-17,-1.));
#7467 = ( GEOMETRIC_REPRESENTATION_CONTEXT(2) 
PARAMETRIC_REPRESENTATION_CONTEXT() REPRESENTATION_CONTEXT('2D SPACE',''
  ) );
#7468 = ORIENTED_EDGE('',*,*,#6514,.F.);
#7469 = ADVANCED_FACE('',(#7470),#6584,.F.);
#7470 = FACE_BOUND('',#7471,.F.);
#7471 = EDGE_LOOP('',(#7472,#7495,#7496,#7519));
#7472 = ORIENTED_EDGE('',*,*,#7473,.F.);
#7473 = EDGE_CURVE('',#6569,#7474,#7476,.T.);
#7474 = VERTEX_POINT('',#7475);
#7475 = CARTESIAN_POINT('',(30.405591591022,88.388347648318,-15.05));
#7476 = SURFACE_CURVE('',#7477,(#7481,#7488),.PCURVE_S1.);
#7477 = LINE('',#7478,#7479);
#7478 = CARTESIAN_POINT('',(91.216774773065,27.577164466275,-15.05));
#7479 = VECTOR('',#7480,1.);
#7480 = DIRECTION('',(-0.707106781187,0.707106781187,0.));
#7481 = PCURVE('',#6584,#7482);
#7482 = DEFINITIONAL_REPRESENTATION('',(#7483),#7487);
#7483 = LINE('',#7484,#7485);
#7484 = CARTESIAN_POINT('',(0.,-4.));
#7485 = VECTOR('',#7486,1.);
#7486 = DIRECTION('',(1.,0.));
#7487 = ( GEOMETRIC_REPRESENTATION_CONTEXT(2) 
PARAMETRIC_REPRESENTATION_CONTEXT() REPRESENTATION_CONTEXT('2D SPACE',''
  ) );
#7488 = PCURVE('',#6957,#7489);
#7489 = DEFINITIONAL_REPRESENTATION('',(#7490),#7494);
#7490 = LINE('',#7491,#7492);
#7491 = CARTESIAN_POINT('',(-1.570796326795,0.));
#7492 = VECTOR('',#7493,1.);
#7493 = DIRECTION('',(-0.,1.));
#7494 = ( GEOMETRIC_REPRESENTATION_CONTEXT(2) 
PARAMETRIC_REPRESENTATION_CONTEXT() REPRESENTATION_CONTEXT('2D SPACE',''
  ) );
#7495 = ORIENTED_EDGE('',*,*,#6568,.F.);
#7496 = ORIENTED_EDGE('',*,*,#7497,.T.);
#7497 = EDGE_CURVE('',#6545,#7498,#7500,.T.);
#7498 = VERTEX_POINT('',#7499);
#7499 = CARTESIAN_POINT('',(30.405591591022,88.388347648318,-2.));
#7500 = SURFACE_CURVE('',#7501,(#7505,#7512),.PCURVE_S1.);
#7501 = LINE('',#7502,#7503);
#7502 = CARTESIAN_POINT('',(91.216774773065,27.577164466275,-2.));
#7503 = VECTOR('',#7504,1.);
#7504 = DIRECTION('',(-0.707106781187,0.707106781187,0.));
#7505 = PCURVE('',#6584,#7506);
#7506 = DEFINITIONAL_REPRESENTATION('',(#7507),#7511);
#7507 = LINE('',#7508,#7509);
#7508 = CARTESIAN_POINT('',(0.,-17.05));
#7509 = VECTOR('',#7510,1.);
#7510 = DIRECTION('',(1.,0.));
#7511 = ( GEOMETRIC_REPRESENTATION_CONTEXT(2) 
PARAMETRIC_REPRESENTATION_CONTEXT() REPRESENTATION_CONTEXT('2D SPACE',''
  ) );
#7512 = PCURVE('',#6695,#7513);
#7513 = DEFINITIONAL_REPRESENTATION('',(#7514),#7518);
#7514 = LINE('',#7515,#7516);
#7515 = CARTESIAN_POINT('',(-0.,0.));
#7516 = VECTOR('',#7517,1.);
#7517 = DIRECTION('',(-0.,1.));
#7518 = ( GEOMETRIC_REPRESENTATION_CONTEXT(2) 
PARAMETRIC_REPRESENTATION_CONTEXT() REPRESENTATION_CONTEXT('2D SPACE',''
  ) );
#7519 = ORIENTED_EDGE('',*,*,#7520,.T.);
#7520 = EDGE_CURVE('',#7498,#7474,#7521,.T.);
#7521 = SURFACE_CURVE('',#7522,(#7526,#7533),.PCURVE_S1.);
#7522 = LINE('',#7523,#7524);
#7523 = CARTESIAN_POINT('',(30.405591591022,88.388347648318,-2.));
#7524 = VECTOR('',#7525,1.);
#7525 = DIRECTION('',(0.,-0.,-1.));
#7526 = PCURVE('',#6584,#7527);
#7527 = DEFINITIONAL_REPRESENTATION('',(#7528),#7532);
#7528 = LINE('',#7529,#7530);
#7529 = CARTESIAN_POINT('',(86.,-17.05));
#7530 = VECTOR('',#7531,1.);
#7531 = DIRECTION('',(0.,1.));
#7532 = ( GEOMETRIC_REPRESENTATION_CONTEXT(2) 
PARAMETRIC_REPRESENTATION_CONTEXT() REPRESENTATION_CONTEXT('2D SPACE',''
  ) );
#7533 = PCURVE('',#7534,#7539);
#7534 = CYLINDRICAL_SURFACE('',#7535,4.);
#7535 = AXIS2_PLACEMENT_3D('',#7536,#7537,#7538);
#7536 = CARTESIAN_POINT('',(27.577164466275,85.559920523572,-2.));
#7537 = DIRECTION('',(0.,-0.,-1.));
#7538 = DIRECTION('',(0.707106781187,0.707106781187,0.));
#7539 = DEFINITIONAL_REPRESENTATION('',(#7540),#7544);
#7540 = LINE('',#7541,#7542);
#7541 = CARTESIAN_POINT('',(-0.,0.));
#7542 = VECTOR('',#7543,1.);
#7543 = DIRECTION('',(-0.,1.));
#7544 = ( GEOMETRIC_REPRESENTATION_CONTEXT(2) 
PARAMETRIC_REPRESENTATION_CONTEXT() REPRESENTATION_CONTEXT('2D SPACE',''
  ) );
#7545 = ADVANCED_FACE('',(#7546,#7599),#6639,.T.);
#7546 = FACE_BOUND('',#7547,.T.);
#7547 = EDGE_LOOP('',(#7548,#7576,#7577,#7578));
#7548 = ORIENTED_EDGE('',*,*,#7549,.T.);
#7549 = EDGE_CURVE('',#7550,#7379,#7552,.T.);
#7550 = VERTEX_POINT('',#7551);
#7551 = CARTESIAN_POINT('',(67.655587541684,39.824643198671,6.));
#7552 = SURFACE_CURVE('',#7553,(#7558,#7569),.PCURVE_S1.);
#7553 = CIRCLE('',#7554,5.);
#7554 = AXIS2_PLACEMENT_3D('',#7555,#7556,#7557);
#7555 = CARTESIAN_POINT('',(62.932503525603,38.183766184074,6.));
#7556 = DIRECTION('',(0.,0.,-1.));
#7557 = DIRECTION('',(0.707106781187,0.707106781187,0.));
#7558 = PCURVE('',#6639,#7559);
#7559 = DEFINITIONAL_REPRESENTATION('',(#7560),#7568);
#7560 = ( BOUNDED_CURVE() B_SPLINE_CURVE(2,(#7561,#7562,#7563,#7564,
#7565,#7566,#7567),.UNSPECIFIED.,.T.,.F.) B_SPLINE_CURVE_WITH_KNOTS((1,2
    ,2,2,2,1),(-2.094395102393,0.,2.094395102393,4.188790204786,
6.28318530718,8.377580409573),.UNSPECIFIED.) CURVE() 
GEOMETRIC_REPRESENTATION_ITEM() RATIONAL_B_SPLINE_CURVE((1.,0.5,1.,0.5,
1.,0.5,1.)) REPRESENTATION_ITEM('') );
#7561 = CARTESIAN_POINT('',(5.,-17.5));
#7562 = CARTESIAN_POINT('',(5.,-26.16025403784));
#7563 = CARTESIAN_POINT('',(-2.5,-21.83012701892));
#7564 = CARTESIAN_POINT('',(-10.,-17.5));
#7565 = CARTESIAN_POINT('',(-2.5,-13.16987298107));
#7566 = CARTESIAN_POINT('',(5.,-8.839745962156));
#7567 = CARTESIAN_POINT('',(5.,-17.5));
#7568 = ( GEOMETRIC_REPRESENTATION_CONTEXT(2) 
PARAMETRIC_REPRESENTATION_CONTEXT() REPRESENTATION_CONTEXT('2D SPACE',''
  ) );
#7569 = PCURVE('',#7422,#7570);
#7570 = DEFINITIONAL_REPRESENTATION('',(#7571),#7575);
#7571 = LINE('',#7572,#7573);
#7572 = CARTESIAN_POINT('',(-6.28318530718,-0.5));
#7573 = VECTOR('',#7574,1.);
#7574 = DIRECTION('',(1.,-0.));
#7575 = ( GEOMETRIC_REPRESENTATION_CONTEXT(2) 
PARAMETRIC_REPRESENTATION_CONTEXT() REPRESENTATION_CONTEXT('2D SPACE',''
  ) );
#7576 = ORIENTED_EDGE('',*,*,#7448,.T.);
#7577 = ORIENTED_EDGE('',*,*,#6623,.T.);
#7578 = ORIENTED_EDGE('',*,*,#7579,.T.);
#7579 = EDGE_CURVE('',#6624,#7550,#7580,.T.);
#7580 = SURFACE_CURVE('',#7581,(#7585,#7592),.PCURVE_S1.);
#7581 = LINE('',#7582,#7583);
#7582 = CARTESIAN_POINT('',(85.559920523572,21.920310216783,6.));
#7583 = VECTOR('',#7584,1.);
#7584 = DIRECTION('',(-0.707106781187,0.707106781187,0.));
#7585 = PCURVE('',#6639,#7586);
#7586 = DEFINITIONAL_REPRESENTATION('',(#7587),#7591);
#7587 = LINE('',#7588,#7589);
#7588 = CARTESIAN_POINT('',(4.5,-45.));
#7589 = VECTOR('',#7590,1.);
#7590 = DIRECTION('',(1.014653635757E-17,1.));
#7591 = ( GEOMETRIC_REPRESENTATION_CONTEXT(2) 
PARAMETRIC_REPRESENTATION_CONTEXT() REPRESENTATION_CONTEXT('2D SPACE',''
  ) );
#7592 = PCURVE('',#6695,#7593);
#7593 = DEFINITIONAL_REPRESENTATION('',(#7594),#7598);
#7594 = LINE('',#7595,#7596);
#7595 = CARTESIAN_POINT('',(-1.570796326795,0.));
#7596 = VECTOR('',#7597,1.);
#7597 = DIRECTION('',(-0.,1.));
#7598 = ( GEOMETRIC_REPRESENTATION_CONTEXT(2) 
PARAMETRIC_REPRESENTATION_CONTEXT() REPRESENTATION_CONTEXT('2D SPACE',''
  ) );
#7599 = FACE_BOUND('',#7600,.T.);
#7600 = EDGE_LOOP('',(#7601));
#7601 = ORIENTED_EDGE('',*,*,#7602,.T.);
#7602 = EDGE_CURVE('',#7603,#7603,#7605,.T.);
#7603 = VERTEX_POINT('',#7604);
#7604 = CARTESIAN_POINT('',(76.367532368147,30.405591591022,6.));
#7605 = SURFACE_CURVE('',#7606,(#7611,#7622),.PCURVE_S1.);
#7606 = CIRCLE('',#7607,4.);
#7607 = AXIS2_PLACEMENT_3D('',#7608,#7609,#7610);
#7608 = CARTESIAN_POINT('',(73.539105243401,27.577164466275,6.));
#7609 = DIRECTION('',(0.,0.,-1.));
#7610 = DIRECTION('',(0.707106781187,0.707106781187,0.));
#7611 = PCURVE('',#6639,#7612);
#7612 = DEFINITIONAL_REPRESENTATION('',(#7613),#7621);
#7613 = ( BOUNDED_CURVE() B_SPLINE_CURVE(2,(#7614,#7615,#7616,#7617,
#7618,#7619,#7620),.UNSPECIFIED.,.T.,.F.) B_SPLINE_CURVE_WITH_KNOTS((1,2
    ,2,2,2,1),(-2.094395102393,0.,2.094395102393,4.188790204786,
6.28318530718,8.377580409573),.UNSPECIFIED.) CURVE() 
GEOMETRIC_REPRESENTATION_ITEM() RATIONAL_B_SPLINE_CURVE((1.,0.5,1.,0.5,
1.,0.5,1.)) REPRESENTATION_ITEM('') );
#7614 = CARTESIAN_POINT('',(4.,-32.5));
#7615 = CARTESIAN_POINT('',(4.,-39.42820323027));
#7616 = CARTESIAN_POINT('',(-2.,-35.96410161513));
#7617 = CARTESIAN_POINT('',(-8.,-32.5));
#7618 = CARTESIAN_POINT('',(-2.,-29.03589838486));
#7619 = CARTESIAN_POINT('',(4.,-25.57179676972));
#7620 = CARTESIAN_POINT('',(4.,-32.5));
#7621 = ( GEOMETRIC_REPRESENTATION_CONTEXT(2) 
PARAMETRIC_REPRESENTATION_CONTEXT() REPRESENTATION_CONTEXT('2D SPACE',''
  ) );
#7622 = PCURVE('',#7623,#7628);
#7623 = CYLINDRICAL_SURFACE('',#7624,4.);
#7624 = AXIS2_PLACEMENT_3D('',#7625,#7626,#7627);
#7625 = CARTESIAN_POINT('',(73.539105243401,27.577164466275,5.5));
#7626 = DIRECTION('',(0.,-0.,-1.));
#7627 = DIRECTION('',(0.707106781187,0.707106781187,0.));
#7628 = DEFINITIONAL_REPRESENTATION('',(#7629),#7633);
#7629 = LINE('',#7630,#7631);
#7630 = CARTESIAN_POINT('',(-6.28318530718,-0.5));
#7631 = VECTOR('',#7632,1.);
#7632 = DIRECTION('',(1.,-0.));
#7633 = ( GEOMETRIC_REPRESENTATION_CONTEXT(2) 
PARAMETRIC_REPRESENTATION_CONTEXT() REPRESENTATION_CONTEXT('2D SPACE',''
  ) );
#7634 = ADVANCED_FACE('',(#7635),#6695,.T.);
#7635 = FACE_BOUND('',#7636,.F.);
#7636 = EDGE_LOOP('',(#7637,#7638,#7639,#7640,#7675,#7710,#7733,#7768,
    #7803,#7826,#7861,#7896,#7919));
#7637 = ORIENTED_EDGE('',*,*,#7497,.F.);
#7638 = ORIENTED_EDGE('',*,*,#6680,.F.);
#7639 = ORIENTED_EDGE('',*,*,#7579,.T.);
#7640 = ORIENTED_EDGE('',*,*,#7641,.T.);
#7641 = EDGE_CURVE('',#7550,#7642,#7644,.T.);
#7642 = VERTEX_POINT('',#7643);
#7643 = CARTESIAN_POINT('',(66.468037431535,41.719300090006,
    5.984359711336));
#7644 = SURFACE_CURVE('',#7645,(#7653,#7664),.PCURVE_S1.);
#7645 = B_SPLINE_CURVE_WITH_KNOTS('',6,(#7646,#7647,#7648,#7649,#7650,
    #7651,#7652),.UNSPECIFIED.,.F.,.F.,(7,7),(0.,1.),
  .PIECEWISE_BEZIER_KNOTS.);
#7646 = CARTESIAN_POINT('',(67.655587541684,39.824643198671,6.));
#7647 = CARTESIAN_POINT('',(67.5282366312,40.19120878792,6.));
#7648 = CARTESIAN_POINT('',(67.369198874872,40.538854667009,
    5.995708540216));
#7649 = CARTESIAN_POINT('',(67.181641433412,40.866409600582,
    5.990528040773));
#7650 = CARTESIAN_POINT('',(66.967888418973,41.173002345274,
    5.986416216025));
#7651 = CARTESIAN_POINT('',(66.729613598999,41.457723922542,
    5.984359711336));
#7652 = CARTESIAN_POINT('',(66.468037431535,41.719300090006,
    5.984359711336));
#7653 = PCURVE('',#6695,#7654);
#7654 = DEFINITIONAL_REPRESENTATION('',(#7655),#7663);
#7655 = B_SPLINE_CURVE_WITH_KNOTS('',6,(#7656,#7657,#7658,#7659,#7660,
    #7661,#7662),.UNSPECIFIED.,.F.,.F.,(7,7),(0.,1.),
  .PIECEWISE_BEZIER_KNOTS.);
#7656 = CARTESIAN_POINT('',(-1.570796326795,25.32055052823));
#7657 = CARTESIAN_POINT('',(-1.549652536606,25.669802234531));
#7658 = CARTESIAN_POINT('',(-1.532981723484,26.028081669052));
#7659 = CARTESIAN_POINT('',(-1.520590835756,26.39232112251));
#7660 = CARTESIAN_POINT('',(-1.512368999846,26.760261137353));
#7661 = CARTESIAN_POINT('',(-1.508255564998,27.130075436379));
#7662 = CARTESIAN_POINT('',(-1.508255564998,27.5));
#7663 = ( GEOMETRIC_REPRESENTATION_CONTEXT(2) 
PARAMETRIC_REPRESENTATION_CONTEXT() REPRESENTATION_CONTEXT('2D SPACE',''
  ) );
#7664 = PCURVE('',#7422,#7665);
#7665 = DEFINITIONAL_REPRESENTATION('',(#7666),#7674);
#7666 = B_SPLINE_CURVE_WITH_KNOTS('',6,(#7667,#7668,#7669,#7670,#7671,
    #7672,#7673),.UNSPECIFIED.,.F.,.F.,(7,7),(0.,1.),
  .PIECEWISE_BEZIER_KNOTS.);
#7667 = CARTESIAN_POINT('',(-5.832158495383,-0.5));
#7668 = CARTESIAN_POINT('',(-5.909769985673,-0.5));
#7669 = CARTESIAN_POINT('',(-5.985886983313,-0.495708540216));
#7670 = CARTESIAN_POINT('',(-6.060921021582,-0.490528040773));
#7671 = CARTESIAN_POINT('',(-6.135237415336,-0.486416216025));
#7672 = CARTESIAN_POINT('',(-6.209200394455,-0.484359711336));
#7673 = CARTESIAN_POINT('',(-6.28318530718,-0.484359711336));
#7674 = ( GEOMETRIC_REPRESENTATION_CONTEXT(2) 
PARAMETRIC_REPRESENTATION_CONTEXT() REPRESENTATION_CONTEXT('2D SPACE',''
  ) );
#7675 = ORIENTED_EDGE('',*,*,#7676,.T.);
#7676 = EDGE_CURVE('',#7642,#7677,#7679,.T.);
#7677 = VERTEX_POINT('',#7678);
#7678 = CARTESIAN_POINT('',(64.5733805402,42.906850200155,6.));
#7679 = SURFACE_CURVE('',#7680,(#7688,#7699),.PCURVE_S1.);
#7680 = B_SPLINE_CURVE_WITH_KNOTS('',6,(#7681,#7682,#7683,#7684,#7685,
    #7686,#7687),.UNSPECIFIED.,.F.,.F.,(7,7),(0.,1.),
  .PIECEWISE_BEZIER_KNOTS.);
#7681 = CARTESIAN_POINT('',(66.468037431535,41.719300090006,
    5.984359711336));
#7682 = CARTESIAN_POINT('',(66.206461249574,41.980876271968,
    5.984359711336));
#7683 = CARTESIAN_POINT('',(65.92173967134,42.219151087559,
    5.986416216125));
#7684 = CARTESIAN_POINT('',(65.615146941389,42.432904088312,
    5.990528041234));
#7685 = CARTESIAN_POINT('',(65.287592028848,42.620461520307,
    5.995708539438));
#7686 = CARTESIAN_POINT('',(64.939946157334,42.779499279984,6.));
#7687 = CARTESIAN_POINT('',(64.5733805402,42.906850200155,6.));
#7688 = PCURVE('',#6695,#7689);
#7689 = DEFINITIONAL_REPRESENTATION('',(#7690),#7698);
#7690 = B_SPLINE_CURVE_WITH_KNOTS('',6,(#7691,#7692,#7693,#7694,#7695,
    #7696,#7697),.UNSPECIFIED.,.F.,.F.,(7,7),(0.,1.),
  .PIECEWISE_BEZIER_KNOTS.);
#7691 = CARTESIAN_POINT('',(-1.508255564998,27.5));
#7692 = CARTESIAN_POINT('',(-1.508255564998,27.869924584124));
#7693 = CARTESIAN_POINT('',(-1.512369000344,28.239738880734));
#7694 = CARTESIAN_POINT('',(-1.520590836091,28.607678875476));
#7695 = CARTESIAN_POINT('',(-1.532981722865,28.971918307371));
#7696 = CARTESIAN_POINT('',(-1.549652534997,29.330197738902));
#7697 = CARTESIAN_POINT('',(-1.570796326795,29.67944947177));
#7698 = ( GEOMETRIC_REPRESENTATION_CONTEXT(2) 
PARAMETRIC_REPRESENTATION_CONTEXT() REPRESENTATION_CONTEXT('2D SPACE',''
  ) );
#7699 = PCURVE('',#7422,#7700);
#7700 = DEFINITIONAL_REPRESENTATION('',(#7701),#7709);
#7701 = B_SPLINE_CURVE_WITH_KNOTS('',6,(#7702,#7703,#7704,#7705,#7706,
    #7707,#7708),.UNSPECIFIED.,.F.,.F.,(7,7),(0.,1.),
  .PIECEWISE_BEZIER_KNOTS.);
#7702 = CARTESIAN_POINT('',(0.,-0.484359711336));
#7703 = CARTESIAN_POINT('',(-7.398491682476E-02,-0.484359711336));
#7704 = CARTESIAN_POINT('',(-0.147947895525,-0.486416216125));
#7705 = CARTESIAN_POINT('',(-0.222264285203,-0.490528041234));
#7706 = CARTESIAN_POINT('',(-0.297298319232,-0.495708539438));
#7707 = CARTESIAN_POINT('',(-0.373415315603,-0.5));
#7708 = CARTESIAN_POINT('',(-0.451026811796,-0.5));
#7709 = ( GEOMETRIC_REPRESENTATION_CONTEXT(2) 
PARAMETRIC_REPRESENTATION_CONTEXT() REPRESENTATION_CONTEXT('2D SPACE',''
  ) );
#7710 = ORIENTED_EDGE('',*,*,#7711,.T.);
#7711 = EDGE_CURVE('',#7677,#7712,#7714,.T.);
#7712 = VERTEX_POINT('',#7713);
#7713 = CARTESIAN_POINT('',(55.28121887092,52.199011869435,6.));
#7714 = SURFACE_CURVE('',#7715,(#7719,#7726),.PCURVE_S1.);
#7715 = LINE('',#7716,#7717);
#7716 = CARTESIAN_POINT('',(85.559920523572,21.920310216783,6.));
#7717 = VECTOR('',#7718,1.);
#7718 = DIRECTION('',(-0.707106781187,0.707106781187,0.));
#7719 = PCURVE('',#6695,#7720);
#7720 = DEFINITIONAL_REPRESENTATION('',(#7721),#7725);
#7721 = LINE('',#7722,#7723);
#7722 = CARTESIAN_POINT('',(-1.570796326795,0.));
#7723 = VECTOR('',#7724,1.);
#7724 = DIRECTION('',(-0.,1.));
#7725 = ( GEOMETRIC_REPRESENTATION_CONTEXT(2) 
PARAMETRIC_REPRESENTATION_CONTEXT() REPRESENTATION_CONTEXT('2D SPACE',''
  ) );
#7726 = PCURVE('',#7366,#7727);
#7727 = DEFINITIONAL_REPRESENTATION('',(#7728),#7732);
#7728 = LINE('',#7729,#7730);
#7729 = CARTESIAN_POINT('',(4.5,-45.));
#7730 = VECTOR('',#7731,1.);
#7731 = DIRECTION('',(1.014653635757E-17,1.));
#7732 = ( GEOMETRIC_REPRESENTATION_CONTEXT(2) 
PARAMETRIC_REPRESENTATION_CONTEXT() REPRESENTATION_CONTEXT('2D SPACE',''
  ) );
#7733 = ORIENTED_EDGE('',*,*,#7734,.T.);
#7734 = EDGE_CURVE('',#7712,#7735,#7737,.T.);
#7735 = VERTEX_POINT('',#7736);
#7736 = CARTESIAN_POINT('',(54.093668760771,54.093668760771,
    5.984359711336));
#7737 = SURFACE_CURVE('',#7738,(#7746,#7757),.PCURVE_S1.);
#7738 = B_SPLINE_CURVE_WITH_KNOTS('',6,(#7739,#7740,#7741,#7742,#7743,
    #7744,#7745),.UNSPECIFIED.,.F.,.F.,(7,7),(0.,1.),
  .PIECEWISE_BEZIER_KNOTS.);
#7739 = CARTESIAN_POINT('',(55.28121887092,52.199011869435,6.));
#7740 = CARTESIAN_POINT('',(55.153867960436,52.565577458685,6.));
#7741 = CARTESIAN_POINT('',(54.994830204107,52.913223337774,
    5.995708540216));
#7742 = CARTESIAN_POINT('',(54.807272762648,53.240778271347,
    5.990528040773));
#7743 = CARTESIAN_POINT('',(54.593519748208,53.547371016038,
    5.986416216025));
#7744 = CARTESIAN_POINT('',(54.355244928235,53.832092593307,
    5.984359711336));
#7745 = CARTESIAN_POINT('',(54.093668760771,54.093668760771,
    5.984359711336));
#7746 = PCURVE('',#6695,#7747);
#7747 = DEFINITIONAL_REPRESENTATION('',(#7748),#7756);
#7748 = B_SPLINE_CURVE_WITH_KNOTS('',6,(#7749,#7750,#7751,#7752,#7753,
    #7754,#7755),.UNSPECIFIED.,.F.,.F.,(7,7),(0.,1.),
  .PIECEWISE_BEZIER_KNOTS.);
#7749 = CARTESIAN_POINT('',(-1.570796326795,42.82055052823));
#7750 = CARTESIAN_POINT('',(-1.549652536606,43.169802234531));
#7751 = CARTESIAN_POINT('',(-1.532981723484,43.528081669052));
#7752 = CARTESIAN_POINT('',(-1.520590835756,43.89232112251));
#7753 = CARTESIAN_POINT('',(-1.512368999846,44.260261137353));
#7754 = CARTESIAN_POINT('',(-1.508255564998,44.630075436379));
#7755 = CARTESIAN_POINT('',(-1.508255564998,45.));
#7756 = ( GEOMETRIC_REPRESENTATION_CONTEXT(2) 
PARAMETRIC_REPRESENTATION_CONTEXT() REPRESENTATION_CONTEXT('2D SPACE',''
  ) );
#7757 = PCURVE('',#7324,#7758);
#7758 = DEFINITIONAL_REPRESENTATION('',(#7759),#7767);
#7759 = B_SPLINE_CURVE_WITH_KNOTS('',6,(#7760,#7761,#7762,#7763,#7764,
    #7765,#7766),.UNSPECIFIED.,.F.,.F.,(7,7),(0.,1.),
  .PIECEWISE_BEZIER_KNOTS.);
#7760 = CARTESIAN_POINT('',(-5.832158495383,-0.5));
#7761 = CARTESIAN_POINT('',(-5.909769985673,-0.5));
#7762 = CARTESIAN_POINT('',(-5.985886983313,-0.495708540216));
#7763 = CARTESIAN_POINT('',(-6.060921021582,-0.490528040773));
#7764 = CARTESIAN_POINT('',(-6.135237415336,-0.486416216025));
#7765 = CARTESIAN_POINT('',(-6.209200394455,-0.484359711336));
#7766 = CARTESIAN_POINT('',(-6.28318530718,-0.484359711336));
#7767 = ( GEOMETRIC_REPRESENTATION_CONTEXT(2) 
PARAMETRIC_REPRESENTATION_CONTEXT() REPRESENTATION_CONTEXT('2D SPACE',''
  ) );
#7768 = ORIENTED_EDGE('',*,*,#7769,.T.);
#7769 = EDGE_CURVE('',#7735,#7770,#7772,.T.);
#7770 = VERTEX_POINT('',#7771);
#7771 = CARTESIAN_POINT('',(52.199011869435,55.28121887092,6.));
#7772 = SURFACE_CURVE('',#7773,(#7781,#7792),.PCURVE_S1.);
#7773 = B_SPLINE_CURVE_WITH_KNOTS('',6,(#7774,#7775,#7776,#7777,#7778,
    #7779,#7780),.UNSPECIFIED.,.F.,.F.,(7,7),(0.,1.),
  .PIECEWISE_BEZIER_KNOTS.);
#7774 = CARTESIAN_POINT('',(54.093668760771,54.093668760771,
    5.984359711336));
#7775 = CARTESIAN_POINT('',(53.832092578809,54.355244942732,
    5.984359711336));
#7776 = CARTESIAN_POINT('',(53.547371000575,54.593519758324,
    5.986416216125));
#7777 = CARTESIAN_POINT('',(53.240778270625,54.807272759077,
    5.990528041234));
#7778 = CARTESIAN_POINT('',(52.913223358083,54.994830191072,
    5.995708539438));
#7779 = CARTESIAN_POINT('',(52.565577486569,55.153867950748,6.));
#7780 = CARTESIAN_POINT('',(52.199011869435,55.28121887092,6.));
#7781 = PCURVE('',#6695,#7782);
#7782 = DEFINITIONAL_REPRESENTATION('',(#7783),#7791);
#7783 = B_SPLINE_CURVE_WITH_KNOTS('',6,(#7784,#7785,#7786,#7787,#7788,
    #7789,#7790),.UNSPECIFIED.,.F.,.F.,(7,7),(0.,1.),
  .PIECEWISE_BEZIER_KNOTS.);
#7784 = CARTESIAN_POINT('',(-1.508255564998,45.));
#7785 = CARTESIAN_POINT('',(-1.508255564998,45.369924584124));
#7786 = CARTESIAN_POINT('',(-1.512369000344,45.739738880734));
#7787 = CARTESIAN_POINT('',(-1.520590836091,46.107678875476));
#7788 = CARTESIAN_POINT('',(-1.532981722865,46.47191830737));
#7789 = CARTESIAN_POINT('',(-1.549652534997,46.830197738902));
#7790 = CARTESIAN_POINT('',(-1.570796326795,47.17944947177));
#7791 = ( GEOMETRIC_REPRESENTATION_CONTEXT(2) 
PARAMETRIC_REPRESENTATION_CONTEXT() REPRESENTATION_CONTEXT('2D SPACE',''
  ) );
#7792 = PCURVE('',#7324,#7793);
#7793 = DEFINITIONAL_REPRESENTATION('',(#7794),#7802);
#7794 = B_SPLINE_CURVE_WITH_KNOTS('',6,(#7795,#7796,#7797,#7798,#7799,
    #7800,#7801),.UNSPECIFIED.,.F.,.F.,(7,7),(0.,1.),
  .PIECEWISE_BEZIER_KNOTS.);
#7795 = CARTESIAN_POINT('',(0.,-0.484359711336));
#7796 = CARTESIAN_POINT('',(-7.398491682477E-02,-0.484359711336));
#7797 = CARTESIAN_POINT('',(-0.147947895525,-0.486416216125));
#7798 = CARTESIAN_POINT('',(-0.222264285203,-0.490528041234));
#7799 = CARTESIAN_POINT('',(-0.297298319232,-0.495708539438));
#7800 = CARTESIAN_POINT('',(-0.373415315603,-0.5));
#7801 = CARTESIAN_POINT('',(-0.451026811796,-0.5));
#7802 = ( GEOMETRIC_REPRESENTATION_CONTEXT(2) 
PARAMETRIC_REPRESENTATION_CONTEXT() REPRESENTATION_CONTEXT('2D SPACE',''
  ) );
#7803 = ORIENTED_EDGE('',*,*,#7804,.T.);
#7804 = EDGE_CURVE('',#7770,#7805,#7807,.T.);
#7805 = VERTEX_POINT('',#7806);
#7806 = CARTESIAN_POINT('',(32.300248482357,75.179982257998,6.));
#7807 = SURFACE_CURVE('',#7808,(#7812,#7819),.PCURVE_S1.);
#7808 = LINE('',#7809,#7810);
#7809 = CARTESIAN_POINT('',(85.559920523572,21.920310216783,6.));
#7810 = VECTOR('',#7811,1.);
#7811 = DIRECTION('',(-0.707106781187,0.707106781187,0.));
#7812 = PCURVE('',#6695,#7813);
#7813 = DEFINITIONAL_REPRESENTATION('',(#7814),#7818);
#7814 = LINE('',#7815,#7816);
#7815 = CARTESIAN_POINT('',(-1.570796326795,0.));
#7816 = VECTOR('',#7817,1.);
#7817 = DIRECTION('',(-0.,1.));
#7818 = ( GEOMETRIC_REPRESENTATION_CONTEXT(2) 
PARAMETRIC_REPRESENTATION_CONTEXT() REPRESENTATION_CONTEXT('2D SPACE',''
  ) );
#7819 = PCURVE('',#7268,#7820);
#7820 = DEFINITIONAL_REPRESENTATION('',(#7821),#7825);
#7821 = LINE('',#7822,#7823);
#7822 = CARTESIAN_POINT('',(4.5,-45.));
#7823 = VECTOR('',#7824,1.);
#7824 = DIRECTION('',(1.014653635757E-17,1.));
#7825 = ( GEOMETRIC_REPRESENTATION_CONTEXT(2) 
PARAMETRIC_REPRESENTATION_CONTEXT() REPRESENTATION_CONTEXT('2D SPACE',''
  ) );
#7826 = ORIENTED_EDGE('',*,*,#7827,.T.);
#7827 = EDGE_CURVE('',#7805,#7828,#7830,.T.);
#7828 = VERTEX_POINT('',#7829);
#7829 = CARTESIAN_POINT('',(31.112698372208,77.074639149334,
    5.984359711336));
#7830 = SURFACE_CURVE('',#7831,(#7839,#7850),.PCURVE_S1.);
#7831 = B_SPLINE_CURVE_WITH_KNOTS('',6,(#7832,#7833,#7834,#7835,#7836,
    #7837,#7838),.UNSPECIFIED.,.F.,.F.,(7,7),(0.,1.),
  .PIECEWISE_BEZIER_KNOTS.);
#7832 = CARTESIAN_POINT('',(32.300248482357,75.179982257998,6.));
#7833 = CARTESIAN_POINT('',(32.172897571873,75.546547847248,6.));
#7834 = CARTESIAN_POINT('',(32.013859815544,75.894193726337,
    5.995708540216));
#7835 = CARTESIAN_POINT('',(31.826302374085,76.22174865991,
    5.990528040773));
#7836 = CARTESIAN_POINT('',(31.612549359645,76.528341404601,
    5.986416216025));
#7837 = CARTESIAN_POINT('',(31.374274539672,76.81306298187,
    5.984359711336));
#7838 = CARTESIAN_POINT('',(31.112698372208,77.074639149334,
    5.984359711336));
#7839 = PCURVE('',#6695,#7840);
#7840 = DEFINITIONAL_REPRESENTATION('',(#7841),#7849);
#7841 = B_SPLINE_CURVE_WITH_KNOTS('',6,(#7842,#7843,#7844,#7845,#7846,
    #7847,#7848),.UNSPECIFIED.,.F.,.F.,(7,7),(0.,1.),
  .PIECEWISE_BEZIER_KNOTS.);
#7842 = CARTESIAN_POINT('',(-1.570796326795,75.32055052823));
#7843 = CARTESIAN_POINT('',(-1.549652536606,75.669802234532));
#7844 = CARTESIAN_POINT('',(-1.532981723484,76.028081669052));
#7845 = CARTESIAN_POINT('',(-1.520590835756,76.39232112251));
#7846 = CARTESIAN_POINT('',(-1.512368999846,76.760261137353));
#7847 = CARTESIAN_POINT('',(-1.508255564998,77.130075436379));
#7848 = CARTESIAN_POINT('',(-1.508255564998,77.5));
#7849 = ( GEOMETRIC_REPRESENTATION_CONTEXT(2) 
PARAMETRIC_REPRESENTATION_CONTEXT() REPRESENTATION_CONTEXT('2D SPACE',''
  ) );
#7850 = PCURVE('',#7226,#7851);
#7851 = DEFINITIONAL_REPRESENTATION('',(#7852),#7860);
#7852 = B_SPLINE_CURVE_WITH_KNOTS('',6,(#7853,#7854,#7855,#7856,#7857,
    #7858,#7859),.UNSPECIFIED.,.F.,.F.,(7,7),(0.,1.),
  .PIECEWISE_BEZIER_KNOTS.);
#7853 = CARTESIAN_POINT('',(-5.832158495383,-0.5));
#7854 = CARTESIAN_POINT('',(-5.909769985673,-0.5));
#7855 = CARTESIAN_POINT('',(-5.985886983313,-0.495708540216));
#7856 = CARTESIAN_POINT('',(-6.060921021582,-0.490528040773));
#7857 = CARTESIAN_POINT('',(-6.135237415336,-0.486416216025));
#7858 = CARTESIAN_POINT('',(-6.209200394455,-0.484359711336));
#7859 = CARTESIAN_POINT('',(-6.28318530718,-0.484359711336));
#7860 = ( GEOMETRIC_REPRESENTATION_CONTEXT(2) 
PARAMETRIC_REPRESENTATION_CONTEXT() REPRESENTATION_CONTEXT('2D SPACE',''
  ) );
#7861 = ORIENTED_EDGE('',*,*,#7862,.T.);
#7862 = EDGE_CURVE('',#7828,#7863,#7865,.T.);
#7863 = VERTEX_POINT('',#7864);
#7864 = CARTESIAN_POINT('',(29.218041480873,78.262189259483,6.));
#7865 = SURFACE_CURVE('',#7866,(#7874,#7885),.PCURVE_S1.);
#7866 = B_SPLINE_CURVE_WITH_KNOTS('',6,(#7867,#7868,#7869,#7870,#7871,
    #7872,#7873),.UNSPECIFIED.,.F.,.F.,(7,7),(0.,1.),
  .PIECEWISE_BEZIER_KNOTS.);
#7867 = CARTESIAN_POINT('',(31.112698372208,77.074639149334,
    5.984359711336));
#7868 = CARTESIAN_POINT('',(30.851122190247,77.336215331295,
    5.984359711336));
#7869 = CARTESIAN_POINT('',(30.566400612012,77.574490146887,
    5.986416216125));
#7870 = CARTESIAN_POINT('',(30.259807882062,77.78824314764,
    5.990528041234));
#7871 = CARTESIAN_POINT('',(29.93225296952,77.975800579635,
    5.995708539438));
#7872 = CARTESIAN_POINT('',(29.584607098006,78.134838339311,6.));
#7873 = CARTESIAN_POINT('',(29.218041480873,78.262189259483,6.));
#7874 = PCURVE('',#6695,#7875);
#7875 = DEFINITIONAL_REPRESENTATION('',(#7876),#7884);
#7876 = B_SPLINE_CURVE_WITH_KNOTS('',6,(#7877,#7878,#7879,#7880,#7881,
    #7882,#7883),.UNSPECIFIED.,.F.,.F.,(7,7),(0.,1.),
  .PIECEWISE_BEZIER_KNOTS.);
#7877 = CARTESIAN_POINT('',(-1.508255564998,77.5));
#7878 = CARTESIAN_POINT('',(-1.508255564998,77.869924584124));
#7879 = CARTESIAN_POINT('',(-1.512369000344,78.239738880734));
#7880 = CARTESIAN_POINT('',(-1.520590836091,78.607678875476));
#7881 = CARTESIAN_POINT('',(-1.532981722865,78.971918307371));
#7882 = CARTESIAN_POINT('',(-1.549652534997,79.330197738901));
#7883 = CARTESIAN_POINT('',(-1.570796326795,79.67944947177));
#7884 = ( GEOMETRIC_REPRESENTATION_CONTEXT(2) 
PARAMETRIC_REPRESENTATION_CONTEXT() REPRESENTATION_CONTEXT('2D SPACE',''
  ) );
#7885 = PCURVE('',#7226,#7886);
#7886 = DEFINITIONAL_REPRESENTATION('',(#7887),#7895);
#7887 = B_SPLINE_CURVE_WITH_KNOTS('',6,(#7888,#7889,#7890,#7891,#7892,
    #7893,#7894),.UNSPECIFIED.,.F.,.F.,(7,7),(0.,1.),
  .PIECEWISE_BEZIER_KNOTS.);
#7888 = CARTESIAN_POINT('',(0.,-0.484359711336));
#7889 = CARTESIAN_POINT('',(-7.39849168247E-02,-0.484359711336));
#7890 = CARTESIAN_POINT('',(-0.147947895525,-0.486416216125));
#7891 = CARTESIAN_POINT('',(-0.222264285203,-0.490528041234));
#7892 = CARTESIAN_POINT('',(-0.297298319232,-0.495708539438));
#7893 = CARTESIAN_POINT('',(-0.373415315603,-0.5));
#7894 = CARTESIAN_POINT('',(-0.451026811796,-0.5));
#7895 = ( GEOMETRIC_REPRESENTATION_CONTEXT(2) 
PARAMETRIC_REPRESENTATION_CONTEXT() REPRESENTATION_CONTEXT('2D SPACE',''
  ) );
#7896 = ORIENTED_EDGE('',*,*,#7897,.T.);
#7897 = EDGE_CURVE('',#7863,#7898,#7900,.T.);
#7898 = VERTEX_POINT('',#7899);
#7899 = CARTESIAN_POINT('',(24.748737341529,82.731493398826,6.));
#7900 = SURFACE_CURVE('',#7901,(#7905,#7912),.PCURVE_S1.);
#7901 = LINE('',#7902,#7903);
#7902 = CARTESIAN_POINT('',(85.559920523572,21.920310216783,6.));
#7903 = VECTOR('',#7904,1.);
#7904 = DIRECTION('',(-0.707106781187,0.707106781187,0.));
#7905 = PCURVE('',#6695,#7906);
#7906 = DEFINITIONAL_REPRESENTATION('',(#7907),#7911);
#7907 = LINE('',#7908,#7909);
#7908 = CARTESIAN_POINT('',(-1.570796326795,0.));
#7909 = VECTOR('',#7910,1.);
#7910 = DIRECTION('',(-0.,1.));
#7911 = ( GEOMETRIC_REPRESENTATION_CONTEXT(2) 
PARAMETRIC_REPRESENTATION_CONTEXT() REPRESENTATION_CONTEXT('2D SPACE',''
  ) );
#7912 = PCURVE('',#7170,#7913);
#7913 = DEFINITIONAL_REPRESENTATION('',(#7914),#7918);
#7914 = LINE('',#7915,#7916);
#7915 = CARTESIAN_POINT('',(4.5,-45.));
#7916 = VECTOR('',#7917,1.);
#7917 = DIRECTION('',(1.014653635757E-17,1.));
#7918 = ( GEOMETRIC_REPRESENTATION_CONTEXT(2) 
PARAMETRIC_REPRESENTATION_CONTEXT() REPRESENTATION_CONTEXT('2D SPACE',''
  ) );
#7919 = ORIENTED_EDGE('',*,*,#7920,.T.);
#7920 = EDGE_CURVE('',#7898,#7498,#7921,.T.);
#7921 = SURFACE_CURVE('',#7922,(#7927,#7934),.PCURVE_S1.);
#7922 = CIRCLE('',#7923,8.);
#7923 = AXIS2_PLACEMENT_3D('',#7924,#7925,#7926);
#7924 = CARTESIAN_POINT('',(24.748737341529,82.731493398826,-2.));
#7925 = DIRECTION('',(-0.707106781187,0.707106781187,0.));
#7926 = DIRECTION('',(0.,0.,1.));
#7927 = PCURVE('',#6695,#7928);
#7928 = DEFINITIONAL_REPRESENTATION('',(#7929),#7933);
#7929 = LINE('',#7930,#7931);
#7930 = CARTESIAN_POINT('',(-1.570796326795,86.));
#7931 = VECTOR('',#7932,1.);
#7932 = DIRECTION('',(1.,-0.));
#7933 = ( GEOMETRIC_REPRESENTATION_CONTEXT(2) 
PARAMETRIC_REPRESENTATION_CONTEXT() REPRESENTATION_CONTEXT('2D SPACE',''
  ) );
#7934 = PCURVE('',#7935,#7940);
#7935 = TOROIDAL_SURFACE('',#7936,4.,4.);
#7936 = AXIS2_PLACEMENT_3D('',#7937,#7938,#7939);
#7937 = CARTESIAN_POINT('',(24.748737341529,82.731493398826,-2.));
#7938 = DIRECTION('',(-0.707106781187,0.707106781187,0.));
#7939 = DIRECTION('',(0.,0.,1.));
#7940 = DEFINITIONAL_REPRESENTATION('',(#7941),#7945);
#7941 = LINE('',#7942,#7943);
#7942 = CARTESIAN_POINT('',(0.,0.));
#7943 = VECTOR('',#7944,1.);
#7944 = DIRECTION('',(1.,0.));
#7945 = ( GEOMETRIC_REPRESENTATION_CONTEXT(2) 
PARAMETRIC_REPRESENTATION_CONTEXT() REPRESENTATION_CONTEXT('2D SPACE',''
  ) );
#7946 = ADVANCED_FACE('',(#7947),#6727,.T.);
#7947 = FACE_BOUND('',#7948,.T.);
#7948 = EDGE_LOOP('',(#7949,#7950,#7977,#7978));
#7949 = ORIENTED_EDGE('',*,*,#6742,.F.);
#7950 = ORIENTED_EDGE('',*,*,#7951,.F.);
#7951 = EDGE_CURVE('',#6821,#6743,#7952,.T.);
#7952 = SURFACE_CURVE('',#7953,(#7958,#7965),.PCURVE_S1.);
#7953 = CIRCLE('',#7954,4.);
#7954 = AXIS2_PLACEMENT_3D('',#7955,#7956,#7957);
#7955 = CARTESIAN_POINT('',(15.556349186104,73.539105243401,-15.05));
#7956 = DIRECTION('',(-0.707106781187,0.707106781187,0.));
#7957 = DIRECTION('',(0.,0.,-1.));
#7958 = PCURVE('',#6727,#7959);
#7959 = DEFINITIONAL_REPRESENTATION('',(#7960),#7964);
#7960 = LINE('',#7961,#7962);
#7961 = CARTESIAN_POINT('',(1.570796326795,4.));
#7962 = VECTOR('',#7963,1.);
#7963 = DIRECTION('',(-1.,-0.));
#7964 = ( GEOMETRIC_REPRESENTATION_CONTEXT(2) 
PARAMETRIC_REPRESENTATION_CONTEXT() REPRESENTATION_CONTEXT('2D SPACE',''
  ) );
#7965 = PCURVE('',#7966,#7971);
#7966 = SPHERICAL_SURFACE('',#7967,4.);
#7967 = AXIS2_PLACEMENT_3D('',#7968,#7969,#7970);
#7968 = CARTESIAN_POINT('',(15.556349186104,73.539105243401,-15.05));
#7969 = DIRECTION('',(-0.707106781187,0.707106781187,0.));
#7970 = DIRECTION('',(0.,0.,-1.));
#7971 = DEFINITIONAL_REPRESENTATION('',(#7972),#7976);
#7972 = LINE('',#7973,#7974);
#7973 = CARTESIAN_POINT('',(0.,0.));
#7974 = VECTOR('',#7975,1.);
#7975 = DIRECTION('',(1.,0.));
#7976 = ( GEOMETRIC_REPRESENTATION_CONTEXT(2) 
PARAMETRIC_REPRESENTATION_CONTEXT() REPRESENTATION_CONTEXT('2D SPACE',''
  ) );
#7977 = ORIENTED_EDGE('',*,*,#6848,.T.);
#7978 = ORIENTED_EDGE('',*,*,#6712,.T.);
#7979 = ADVANCED_FACE('',(#7980),#6781,.T.);
#7980 = FACE_BOUND('',#7981,.F.);
#7981 = EDGE_LOOP('',(#7982,#8006,#8034,#8056));
#7982 = ORIENTED_EDGE('',*,*,#7983,.T.);
#7983 = EDGE_CURVE('',#6743,#7984,#7986,.T.);
#7984 = VERTEX_POINT('',#7985);
#7985 = CARTESIAN_POINT('',(12.727922061358,76.367532368147,-15.05));
#7986 = SURFACE_CURVE('',#7987,(#7992,#7999),.PCURVE_S1.);
#7987 = CIRCLE('',#7988,4.);
#7988 = AXIS2_PLACEMENT_3D('',#7989,#7990,#7991);
#7989 = CARTESIAN_POINT('',(15.556349186104,73.539105243401,-15.05));
#7990 = DIRECTION('',(-0.,0.,-1.));
#7991 = DIRECTION('',(-0.707106781187,-0.707106781187,0.));
#7992 = PCURVE('',#6781,#7993);
#7993 = DEFINITIONAL_REPRESENTATION('',(#7994),#7998);
#7994 = LINE('',#7995,#7996);
#7995 = CARTESIAN_POINT('',(-0.,0.));
#7996 = VECTOR('',#7997,1.);
#7997 = DIRECTION('',(-1.,0.));
#7998 = ( GEOMETRIC_REPRESENTATION_CONTEXT(2) 
PARAMETRIC_REPRESENTATION_CONTEXT() REPRESENTATION_CONTEXT('2D SPACE',''
  ) );
#7999 = PCURVE('',#7966,#8000);
#8000 = DEFINITIONAL_REPRESENTATION('',(#8001),#8005);
#8001 = LINE('',#8002,#8003);
#8002 = CARTESIAN_POINT('',(1.570796326795,0.));
#8003 = VECTOR('',#8004,1.);
#8004 = DIRECTION('',(0.,1.));
#8005 = ( GEOMETRIC_REPRESENTATION_CONTEXT(2) 
PARAMETRIC_REPRESENTATION_CONTEXT() REPRESENTATION_CONTEXT('2D SPACE',''
  ) );
#8006 = ORIENTED_EDGE('',*,*,#8007,.T.);
#8007 = EDGE_CURVE('',#7984,#8008,#8010,.T.);
#8008 = VERTEX_POINT('',#8009);
#8009 = CARTESIAN_POINT('',(12.727922061358,76.367532368147,-2.));
#8010 = SURFACE_CURVE('',#8011,(#8015,#8022),.PCURVE_S1.);
#8011 = LINE('',#8012,#8013);
#8012 = CARTESIAN_POINT('',(12.727922061358,76.367532368147,-15.05));
#8013 = VECTOR('',#8014,1.);
#8014 = DIRECTION('',(0.,0.,1.));
#8015 = PCURVE('',#6781,#8016);
#8016 = DEFINITIONAL_REPRESENTATION('',(#8017),#8021);
#8017 = LINE('',#8018,#8019);
#8018 = CARTESIAN_POINT('',(-1.570796326795,0.));
#8019 = VECTOR('',#8020,1.);
#8020 = DIRECTION('',(-0.,1.));
#8021 = ( GEOMETRIC_REPRESENTATION_CONTEXT(2) 
PARAMETRIC_REPRESENTATION_CONTEXT() REPRESENTATION_CONTEXT('2D SPACE',''
  ) );
#8022 = PCURVE('',#8023,#8028);
#8023 = PLANE('',#8024);
#8024 = AXIS2_PLACEMENT_3D('',#8025,#8026,#8027);
#8025 = CARTESIAN_POINT('',(27.577164466275,91.216774773065,-19.05));
#8026 = DIRECTION('',(0.707106781187,-0.707106781187,0.));
#8027 = DIRECTION('',(-0.707106781187,-0.707106781187,0.));
#8028 = DEFINITIONAL_REPRESENTATION('',(#8029),#8033);
#8029 = LINE('',#8030,#8031);
#8030 = CARTESIAN_POINT('',(21.,-4.));
#8031 = VECTOR('',#8032,1.);
#8032 = DIRECTION('',(0.,-1.));
#8033 = ( GEOMETRIC_REPRESENTATION_CONTEXT(2) 
PARAMETRIC_REPRESENTATION_CONTEXT() REPRESENTATION_CONTEXT('2D SPACE',''
  ) );
#8034 = ORIENTED_EDGE('',*,*,#8035,.F.);
#8035 = EDGE_CURVE('',#6766,#8008,#8036,.T.);
#8036 = SURFACE_CURVE('',#8037,(#8042,#8049),.PCURVE_S1.);
#8037 = CIRCLE('',#8038,4.);
#8038 = AXIS2_PLACEMENT_3D('',#8039,#8040,#8041);
#8039 = CARTESIAN_POINT('',(15.556349186104,73.539105243401,-2.));
#8040 = DIRECTION('',(-0.,0.,-1.));
#8041 = DIRECTION('',(-0.707106781187,-0.707106781187,0.));
#8042 = PCURVE('',#6781,#8043);
#8043 = DEFINITIONAL_REPRESENTATION('',(#8044),#8048);
#8044 = LINE('',#8045,#8046);
#8045 = CARTESIAN_POINT('',(-0.,13.05));
#8046 = VECTOR('',#8047,1.);
#8047 = DIRECTION('',(-1.,0.));
#8048 = ( GEOMETRIC_REPRESENTATION_CONTEXT(2) 
PARAMETRIC_REPRESENTATION_CONTEXT() REPRESENTATION_CONTEXT('2D SPACE',''
  ) );
#8049 = PCURVE('',#7142,#8050);
#8050 = DEFINITIONAL_REPRESENTATION('',(#8051),#8055);
#8051 = LINE('',#8052,#8053);
#8052 = CARTESIAN_POINT('',(0.,0.));
#8053 = VECTOR('',#8054,1.);
#8054 = DIRECTION('',(0.,1.));
#8055 = ( GEOMETRIC_REPRESENTATION_CONTEXT(2) 
PARAMETRIC_REPRESENTATION_CONTEXT() REPRESENTATION_CONTEXT('2D SPACE',''
  ) );
#8056 = ORIENTED_EDGE('',*,*,#6765,.F.);
#8057 = ADVANCED_FACE('',(#8058),#6836,.T.);
#8058 = FACE_BOUND('',#8059,.F.);
#8059 = EDGE_LOOP('',(#8060,#8089,#8110,#8132));
#8060 = ORIENTED_EDGE('',*,*,#8061,.T.);
#8061 = EDGE_CURVE('',#6819,#8062,#8064,.T.);
#8062 = VERTEX_POINT('',#8063);
#8063 = CARTESIAN_POINT('',(24.748737341529,88.388347648318,-15.05));
#8064 = SURFACE_CURVE('',#8065,(#8070,#8077),.PCURVE_S1.);
#8065 = CIRCLE('',#8066,4.);
#8066 = AXIS2_PLACEMENT_3D('',#8067,#8068,#8069);
#8067 = CARTESIAN_POINT('',(27.577164466275,85.559920523572,-15.05));
#8068 = DIRECTION('',(0.707106781187,0.707106781187,6.123233995737E-17)
  );
#8069 = DIRECTION('',(4.329780281177E-17,4.329780281177E-17,-1.));
#8070 = PCURVE('',#6836,#8071);
#8071 = DEFINITIONAL_REPRESENTATION('',(#8072),#8076);
#8072 = LINE('',#8073,#8074);
#8073 = CARTESIAN_POINT('',(-0.,0.));
#8074 = VECTOR('',#8075,1.);
#8075 = DIRECTION('',(-1.,0.));
#8076 = ( GEOMETRIC_REPRESENTATION_CONTEXT(2) 
PARAMETRIC_REPRESENTATION_CONTEXT() REPRESENTATION_CONTEXT('2D SPACE',''
  ) );
#8077 = PCURVE('',#8078,#8083);
#8078 = SPHERICAL_SURFACE('',#8079,4.);
#8079 = AXIS2_PLACEMENT_3D('',#8080,#8081,#8082);
#8080 = CARTESIAN_POINT('',(27.577164466275,85.559920523572,-15.05));
#8081 = DIRECTION('',(-0.707106781187,0.707106781187,0.));
#8082 = DIRECTION('',(0.707106781187,0.707106781187,0.));
#8083 = DEFINITIONAL_REPRESENTATION('',(#8084),#8088);
#8084 = LINE('',#8085,#8086);
#8085 = CARTESIAN_POINT('',(1.570796326795,0.));
#8086 = VECTOR('',#8087,1.);
#8087 = DIRECTION('',(0.,1.));
#8088 = ( GEOMETRIC_REPRESENTATION_CONTEXT(2) 
PARAMETRIC_REPRESENTATION_CONTEXT() REPRESENTATION_CONTEXT('2D SPACE',''
  ) );
#8089 = ORIENTED_EDGE('',*,*,#8090,.T.);
#8090 = EDGE_CURVE('',#8062,#7984,#8091,.T.);
#8091 = SURFACE_CURVE('',#8092,(#8096,#8103),.PCURVE_S1.);
#8092 = LINE('',#8093,#8094);
#8093 = CARTESIAN_POINT('',(24.748737341529,88.388347648318,-15.05));
#8094 = VECTOR('',#8095,1.);
#8095 = DIRECTION('',(-0.707106781187,-0.707106781187,0.));
#8096 = PCURVE('',#6836,#8097);
#8097 = DEFINITIONAL_REPRESENTATION('',(#8098),#8102);
#8098 = LINE('',#8099,#8100);
#8099 = CARTESIAN_POINT('',(-1.570796326795,0.));
#8100 = VECTOR('',#8101,1.);
#8101 = DIRECTION('',(-0.,1.));
#8102 = ( GEOMETRIC_REPRESENTATION_CONTEXT(2) 
PARAMETRIC_REPRESENTATION_CONTEXT() REPRESENTATION_CONTEXT('2D SPACE',''
  ) );
#8103 = PCURVE('',#8023,#8104);
#8104 = DEFINITIONAL_REPRESENTATION('',(#8105),#8109);
#8105 = LINE('',#8106,#8107);
#8106 = CARTESIAN_POINT('',(4.,-4.));
#8107 = VECTOR('',#8108,1.);
#8108 = DIRECTION('',(1.,0.));
#8109 = ( GEOMETRIC_REPRESENTATION_CONTEXT(2) 
PARAMETRIC_REPRESENTATION_CONTEXT() REPRESENTATION_CONTEXT('2D SPACE',''
  ) );
#8110 = ORIENTED_EDGE('',*,*,#8111,.F.);
#8111 = EDGE_CURVE('',#6821,#7984,#8112,.T.);
#8112 = SURFACE_CURVE('',#8113,(#8118,#8125),.PCURVE_S1.);
#8113 = CIRCLE('',#8114,4.);
#8114 = AXIS2_PLACEMENT_3D('',#8115,#8116,#8117);
#8115 = CARTESIAN_POINT('',(15.556349186104,73.539105243401,-15.05));
#8116 = DIRECTION('',(0.707106781187,0.707106781187,0.));
#8117 = DIRECTION('',(-0.,0.,-1.));
#8118 = PCURVE('',#6836,#8119);
#8119 = DEFINITIONAL_REPRESENTATION('',(#8120),#8124);
#8120 = LINE('',#8121,#8122);
#8121 = CARTESIAN_POINT('',(-0.,17.));
#8122 = VECTOR('',#8123,1.);
#8123 = DIRECTION('',(-1.,0.));
#8124 = ( GEOMETRIC_REPRESENTATION_CONTEXT(2) 
PARAMETRIC_REPRESENTATION_CONTEXT() REPRESENTATION_CONTEXT('2D SPACE',''
  ) );
#8125 = PCURVE('',#7966,#8126);
#8126 = DEFINITIONAL_REPRESENTATION('',(#8127),#8131);
#8127 = LINE('',#8128,#8129);
#8128 = CARTESIAN_POINT('',(0.,0.));
#8129 = VECTOR('',#8130,1.);
#8130 = DIRECTION('',(0.,1.));
#8131 = ( GEOMETRIC_REPRESENTATION_CONTEXT(2) 
PARAMETRIC_REPRESENTATION_CONTEXT() REPRESENTATION_CONTEXT('2D SPACE',''
  ) );
#8132 = ORIENTED_EDGE('',*,*,#6818,.F.);
#8133 = ADVANCED_FACE('',(#8134),#6957,.T.);
#8134 = FACE_BOUND('',#8135,.F.);
#8135 = EDGE_LOOP('',(#8136,#8137,#8138,#8139));
#8136 = ORIENTED_EDGE('',*,*,#6943,.F.);
#8137 = ORIENTED_EDGE('',*,*,#7099,.F.);
#8138 = ORIENTED_EDGE('',*,*,#7473,.T.);
#8139 = ORIENTED_EDGE('',*,*,#8140,.T.);
#8140 = EDGE_CURVE('',#7474,#6819,#8141,.T.);
#8141 = SURFACE_CURVE('',#8142,(#8147,#8154),.PCURVE_S1.);
#8142 = CIRCLE('',#8143,4.);
#8143 = AXIS2_PLACEMENT_3D('',#8144,#8145,#8146);
#8144 = CARTESIAN_POINT('',(27.577164466275,85.559920523572,-15.05));
#8145 = DIRECTION('',(-0.707106781187,0.707106781187,0.));
#8146 = DIRECTION('',(0.707106781187,0.707106781187,0.));
#8147 = PCURVE('',#6957,#8148);
#8148 = DEFINITIONAL_REPRESENTATION('',(#8149),#8153);
#8149 = LINE('',#8150,#8151);
#8150 = CARTESIAN_POINT('',(-1.570796326795,86.));
#8151 = VECTOR('',#8152,1.);
#8152 = DIRECTION('',(1.,-0.));
#8153 = ( GEOMETRIC_REPRESENTATION_CONTEXT(2) 
PARAMETRIC_REPRESENTATION_CONTEXT() REPRESENTATION_CONTEXT('2D SPACE',''
  ) );
#8154 = PCURVE('',#8078,#8155);
#8155 = DEFINITIONAL_REPRESENTATION('',(#8156),#8160);
#8156 = LINE('',#8157,#8158);
#8157 = CARTESIAN_POINT('',(0.,0.));
#8158 = VECTOR('',#8159,1.);
#8159 = DIRECTION('',(1.,0.));
#8160 = ( GEOMETRIC_REPRESENTATION_CONTEXT(2) 
PARAMETRIC_REPRESENTATION_CONTEXT() REPRESENTATION_CONTEXT('2D SPACE',''
  ) );
#8161 = ADVANCED_FACE('',(#8162),#6909,.T.);
#8162 = FACE_BOUND('',#8163,.T.);
#8163 = EDGE_LOOP('',(#8164,#8165,#8166,#8167));
#8164 = ORIENTED_EDGE('',*,*,#6893,.T.);
#8165 = ORIENTED_EDGE('',*,*,#7072,.T.);
#8166 = ORIENTED_EDGE('',*,*,#7046,.T.);
#8167 = ORIENTED_EDGE('',*,*,#6973,.F.);
#8168 = ADVANCED_FACE('',(#8169),#7422,.F.);
#8169 = FACE_BOUND('',#8170,.T.);
#8170 = EDGE_LOOP('',(#8171,#8200,#8221,#8222,#8248,#8249,#8250,#8251));
#8171 = ORIENTED_EDGE('',*,*,#8172,.F.);
#8172 = EDGE_CURVE('',#8173,#8173,#8175,.T.);
#8173 = VERTEX_POINT('',#8174);
#8174 = CARTESIAN_POINT('',(66.468037431535,41.719300090006,5.5));
#8175 = SURFACE_CURVE('',#8176,(#8181,#8188),.PCURVE_S1.);
#8176 = CIRCLE('',#8177,5.);
#8177 = AXIS2_PLACEMENT_3D('',#8178,#8179,#8180);
#8178 = CARTESIAN_POINT('',(62.932503525603,38.183766184074,5.5));
#8179 = DIRECTION('',(0.,-0.,1.));
#8180 = DIRECTION('',(0.707106781187,0.707106781187,0.));
#8181 = PCURVE('',#7422,#8182);
#8182 = DEFINITIONAL_REPRESENTATION('',(#8183),#8187);
#8183 = LINE('',#8184,#8185);
#8184 = CARTESIAN_POINT('',(-0.,0.));
#8185 = VECTOR('',#8186,1.);
#8186 = DIRECTION('',(-1.,0.));
#8187 = ( GEOMETRIC_REPRESENTATION_CONTEXT(2) 
PARAMETRIC_REPRESENTATION_CONTEXT() REPRESENTATION_CONTEXT('2D SPACE',''
  ) );
#8188 = PCURVE('',#8189,#8194);
#8189 = PLANE('',#8190);
#8190 = AXIS2_PLACEMENT_3D('',#8191,#8192,#8193);
#8191 = CARTESIAN_POINT('',(62.932503525603,38.183766184074,5.5));
#8192 = DIRECTION('',(0.,0.,1.));
#8193 = DIRECTION('',(0.707106781187,0.707106781187,0.));
#8194 = DEFINITIONAL_REPRESENTATION('',(#8195),#8199);
#8195 = CIRCLE('',#8196,5.);
#8196 = AXIS2_PLACEMENT_2D('',#8197,#8198);
#8197 = CARTESIAN_POINT('',(0.,0.));
#8198 = DIRECTION('',(1.,1.014653635757E-17));
#8199 = ( GEOMETRIC_REPRESENTATION_CONTEXT(2) 
PARAMETRIC_REPRESENTATION_CONTEXT() REPRESENTATION_CONTEXT('2D SPACE',''
  ) );
#8200 = ORIENTED_EDGE('',*,*,#8201,.T.);
#8201 = EDGE_CURVE('',#8173,#7642,#8202,.T.);
#8202 = SEAM_CURVE('',#8203,(#8207,#8214),.PCURVE_S1.);
#8203 = LINE('',#8204,#8205);
#8204 = CARTESIAN_POINT('',(66.468037431535,41.719300090006,5.5));
#8205 = VECTOR('',#8206,1.);
#8206 = DIRECTION('',(0.,0.,1.));
#8207 = PCURVE('',#7422,#8208);
#8208 = DEFINITIONAL_REPRESENTATION('',(#8209),#8213);
#8209 = LINE('',#8210,#8211);
#8210 = CARTESIAN_POINT('',(-6.28318530718,0.));
#8211 = VECTOR('',#8212,1.);
#8212 = DIRECTION('',(-0.,-1.));
#8213 = ( GEOMETRIC_REPRESENTATION_CONTEXT(2) 
PARAMETRIC_REPRESENTATION_CONTEXT() REPRESENTATION_CONTEXT('2D SPACE',''
  ) );
#8214 = PCURVE('',#7422,#8215);
#8215 = DEFINITIONAL_REPRESENTATION('',(#8216),#8220);
#8216 = LINE('',#8217,#8218);
#8217 = CARTESIAN_POINT('',(-0.,0.));
#8218 = VECTOR('',#8219,1.);
#8219 = DIRECTION('',(-0.,-1.));
#8220 = ( GEOMETRIC_REPRESENTATION_CONTEXT(2) 
PARAMETRIC_REPRESENTATION_CONTEXT() REPRESENTATION_CONTEXT('2D SPACE',''
  ) );
#8221 = ORIENTED_EDGE('',*,*,#7676,.T.);
#8222 = ORIENTED_EDGE('',*,*,#8223,.F.);
#8223 = EDGE_CURVE('',#7351,#7677,#8224,.T.);
#8224 = SURFACE_CURVE('',#8225,(#8230,#8237),.PCURVE_S1.);
#8225 = CIRCLE('',#8226,5.);
#8226 = AXIS2_PLACEMENT_3D('',#8227,#8228,#8229);
#8227 = CARTESIAN_POINT('',(62.932503525603,38.183766184074,6.));
#8228 = DIRECTION('',(0.,0.,-1.));
#8229 = DIRECTION('',(0.707106781187,0.707106781187,0.));
#8230 = PCURVE('',#7422,#8231);
#8231 = DEFINITIONAL_REPRESENTATION('',(#8232),#8236);
#8232 = LINE('',#8233,#8234);
#8233 = CARTESIAN_POINT('',(-6.28318530718,-0.5));
#8234 = VECTOR('',#8235,1.);
#8235 = DIRECTION('',(1.,-0.));
#8236 = ( GEOMETRIC_REPRESENTATION_CONTEXT(2) 
PARAMETRIC_REPRESENTATION_CONTEXT() REPRESENTATION_CONTEXT('2D SPACE',''
  ) );
#8237 = PCURVE('',#7366,#8238);
#8238 = DEFINITIONAL_REPRESENTATION('',(#8239),#8247);
#8239 = ( BOUNDED_CURVE() B_SPLINE_CURVE(2,(#8240,#8241,#8242,#8243,
#8244,#8245,#8246),.UNSPECIFIED.,.T.,.F.) B_SPLINE_CURVE_WITH_KNOTS((1,2
    ,2,2,2,1),(-2.094395102393,0.,2.094395102393,4.188790204786,
6.28318530718,8.377580409573),.UNSPECIFIED.) CURVE() 
GEOMETRIC_REPRESENTATION_ITEM() RATIONAL_B_SPLINE_CURVE((1.,0.5,1.,0.5,
1.,0.5,1.)) REPRESENTATION_ITEM('') );
#8240 = CARTESIAN_POINT('',(5.,-17.5));
#8241 = CARTESIAN_POINT('',(5.,-26.16025403784));
#8242 = CARTESIAN_POINT('',(-2.5,-21.83012701892));
#8243 = CARTESIAN_POINT('',(-10.,-17.5));
#8244 = CARTESIAN_POINT('',(-2.5,-13.16987298107));
#8245 = CARTESIAN_POINT('',(5.,-8.839745962156));
#8246 = CARTESIAN_POINT('',(5.,-17.5));
#8247 = ( GEOMETRIC_REPRESENTATION_CONTEXT(2) 
PARAMETRIC_REPRESENTATION_CONTEXT() REPRESENTATION_CONTEXT('2D SPACE',''
  ) );
#8248 = ORIENTED_EDGE('',*,*,#7378,.T.);
#8249 = ORIENTED_EDGE('',*,*,#7549,.F.);
#8250 = ORIENTED_EDGE('',*,*,#7641,.T.);
#8251 = ORIENTED_EDGE('',*,*,#8201,.F.);
#8252 = ADVANCED_FACE('',(#8253),#7366,.T.);
#8253 = FACE_BOUND('',#8254,.T.);
#8254 = EDGE_LOOP('',(#8255,#8256,#8282,#8283));
#8255 = ORIENTED_EDGE('',*,*,#7711,.T.);
#8256 = ORIENTED_EDGE('',*,*,#8257,.T.);
#8257 = EDGE_CURVE('',#7712,#7281,#8258,.T.);
#8258 = SURFACE_CURVE('',#8259,(#8264,#8275),.PCURVE_S1.);
#8259 = CIRCLE('',#8260,5.);
#8260 = AXIS2_PLACEMENT_3D('',#8261,#8262,#8263);
#8261 = CARTESIAN_POINT('',(50.558134854838,50.558134854838,6.));
#8262 = DIRECTION('',(0.,0.,-1.));
#8263 = DIRECTION('',(0.707106781187,0.707106781187,0.));
#8264 = PCURVE('',#7366,#8265);
#8265 = DEFINITIONAL_REPRESENTATION('',(#8266),#8274);
#8266 = ( BOUNDED_CURVE() B_SPLINE_CURVE(2,(#8267,#8268,#8269,#8270,
#8271,#8272,#8273),.UNSPECIFIED.,.T.,.F.) B_SPLINE_CURVE_WITH_KNOTS((1,2
    ,2,2,2,1),(-2.094395102393,0.,2.094395102393,4.188790204786,
6.28318530718,8.377580409573),.UNSPECIFIED.) CURVE() 
GEOMETRIC_REPRESENTATION_ITEM() RATIONAL_B_SPLINE_CURVE((1.,0.5,1.,0.5,
1.,0.5,1.)) REPRESENTATION_ITEM('') );
#8267 = CARTESIAN_POINT('',(5.,5.073268178785E-17));
#8268 = CARTESIAN_POINT('',(5.,-8.660254037844));
#8269 = CARTESIAN_POINT('',(-2.5,-4.330127018922));
#8270 = CARTESIAN_POINT('',(-10.,-1.326112162723E-15));
#8271 = CARTESIAN_POINT('',(-2.5,4.330127018922));
#8272 = CARTESIAN_POINT('',(5.,8.660254037844));
#8273 = CARTESIAN_POINT('',(5.,5.073268178785E-17));
#8274 = ( GEOMETRIC_REPRESENTATION_CONTEXT(2) 
PARAMETRIC_REPRESENTATION_CONTEXT() REPRESENTATION_CONTEXT('2D SPACE',''
  ) );
#8275 = PCURVE('',#7324,#8276);
#8276 = DEFINITIONAL_REPRESENTATION('',(#8277),#8281);
#8277 = LINE('',#8278,#8279);
#8278 = CARTESIAN_POINT('',(-6.28318530718,-0.5));
#8279 = VECTOR('',#8280,1.);
#8280 = DIRECTION('',(1.,-0.));
#8281 = ( GEOMETRIC_REPRESENTATION_CONTEXT(2) 
PARAMETRIC_REPRESENTATION_CONTEXT() REPRESENTATION_CONTEXT('2D SPACE',''
  ) );
#8282 = ORIENTED_EDGE('',*,*,#7350,.T.);
#8283 = ORIENTED_EDGE('',*,*,#8223,.T.);
#8284 = ADVANCED_FACE('',(#8285),#7324,.F.);
#8285 = FACE_BOUND('',#8286,.T.);
#8286 = EDGE_LOOP('',(#8287,#8316,#8337,#8338,#8364,#8365,#8366,#8367));
#8287 = ORIENTED_EDGE('',*,*,#8288,.F.);
#8288 = EDGE_CURVE('',#8289,#8289,#8291,.T.);
#8289 = VERTEX_POINT('',#8290);
#8290 = CARTESIAN_POINT('',(54.093668760771,54.093668760771,5.5));
#8291 = SURFACE_CURVE('',#8292,(#8297,#8304),.PCURVE_S1.);
#8292 = CIRCLE('',#8293,5.);
#8293 = AXIS2_PLACEMENT_3D('',#8294,#8295,#8296);
#8294 = CARTESIAN_POINT('',(50.558134854838,50.558134854838,5.5));
#8295 = DIRECTION('',(0.,-0.,1.));
#8296 = DIRECTION('',(0.707106781187,0.707106781187,0.));
#8297 = PCURVE('',#7324,#8298);
#8298 = DEFINITIONAL_REPRESENTATION('',(#8299),#8303);
#8299 = LINE('',#8300,#8301);
#8300 = CARTESIAN_POINT('',(-0.,0.));
#8301 = VECTOR('',#8302,1.);
#8302 = DIRECTION('',(-1.,0.));
#8303 = ( GEOMETRIC_REPRESENTATION_CONTEXT(2) 
PARAMETRIC_REPRESENTATION_CONTEXT() REPRESENTATION_CONTEXT('2D SPACE',''
  ) );
#8304 = PCURVE('',#8305,#8310);
#8305 = PLANE('',#8306);
#8306 = AXIS2_PLACEMENT_3D('',#8307,#8308,#8309);
#8307 = CARTESIAN_POINT('',(50.558134854838,50.558134854838,5.5));
#8308 = DIRECTION('',(0.,0.,1.));
#8309 = DIRECTION('',(0.707106781187,0.707106781187,0.));
#8310 = DEFINITIONAL_REPRESENTATION('',(#8311),#8315);
#8311 = CIRCLE('',#8312,5.);
#8312 = AXIS2_PLACEMENT_2D('',#8313,#8314);
#8313 = CARTESIAN_POINT('',(0.,0.));
#8314 = DIRECTION('',(1.,1.014653635757E-17));
#8315 = ( GEOMETRIC_REPRESENTATION_CONTEXT(2) 
PARAMETRIC_REPRESENTATION_CONTEXT() REPRESENTATION_CONTEXT('2D SPACE',''
  ) );
#8316 = ORIENTED_EDGE('',*,*,#8317,.T.);
#8317 = EDGE_CURVE('',#8289,#7735,#8318,.T.);
#8318 = SEAM_CURVE('',#8319,(#8323,#8330),.PCURVE_S1.);
#8319 = LINE('',#8320,#8321);
#8320 = CARTESIAN_POINT('',(54.093668760771,54.093668760771,5.5));
#8321 = VECTOR('',#8322,1.);
#8322 = DIRECTION('',(0.,0.,1.));
#8323 = PCURVE('',#7324,#8324);
#8324 = DEFINITIONAL_REPRESENTATION('',(#8325),#8329);
#8325 = LINE('',#8326,#8327);
#8326 = CARTESIAN_POINT('',(-6.28318530718,0.));
#8327 = VECTOR('',#8328,1.);
#8328 = DIRECTION('',(-0.,-1.));
#8329 = ( GEOMETRIC_REPRESENTATION_CONTEXT(2) 
PARAMETRIC_REPRESENTATION_CONTEXT() REPRESENTATION_CONTEXT('2D SPACE',''
  ) );
#8330 = PCURVE('',#7324,#8331);
#8331 = DEFINITIONAL_REPRESENTATION('',(#8332),#8336);
#8332 = LINE('',#8333,#8334);
#8333 = CARTESIAN_POINT('',(-0.,0.));
#8334 = VECTOR('',#8335,1.);
#8335 = DIRECTION('',(-0.,-1.));
#8336 = ( GEOMETRIC_REPRESENTATION_CONTEXT(2) 
PARAMETRIC_REPRESENTATION_CONTEXT() REPRESENTATION_CONTEXT('2D SPACE',''
  ) );
#8337 = ORIENTED_EDGE('',*,*,#7769,.T.);
#8338 = ORIENTED_EDGE('',*,*,#8339,.F.);
#8339 = EDGE_CURVE('',#7253,#7770,#8340,.T.);
#8340 = SURFACE_CURVE('',#8341,(#8346,#8353),.PCURVE_S1.);
#8341 = CIRCLE('',#8342,5.);
#8342 = AXIS2_PLACEMENT_3D('',#8343,#8344,#8345);
#8343 = CARTESIAN_POINT('',(50.558134854838,50.558134854838,6.));
#8344 = DIRECTION('',(0.,0.,-1.));
#8345 = DIRECTION('',(0.707106781187,0.707106781187,0.));
#8346 = PCURVE('',#7324,#8347);
#8347 = DEFINITIONAL_REPRESENTATION('',(#8348),#8352);
#8348 = LINE('',#8349,#8350);
#8349 = CARTESIAN_POINT('',(-6.28318530718,-0.5));
#8350 = VECTOR('',#8351,1.);
#8351 = DIRECTION('',(1.,-0.));
#8352 = ( GEOMETRIC_REPRESENTATION_CONTEXT(2) 
PARAMETRIC_REPRESENTATION_CONTEXT() REPRESENTATION_CONTEXT('2D SPACE',''
  ) );
#8353 = PCURVE('',#7268,#8354);
#8354 = DEFINITIONAL_REPRESENTATION('',(#8355),#8363);
#8355 = ( BOUNDED_CURVE() B_SPLINE_CURVE(2,(#8356,#8357,#8358,#8359,
#8360,#8361,#8362),.UNSPECIFIED.,.T.,.F.) B_SPLINE_CURVE_WITH_KNOTS((1,2
    ,2,2,2,1),(-2.094395102393,0.,2.094395102393,4.188790204786,
6.28318530718,8.377580409573),.UNSPECIFIED.) CURVE() 
GEOMETRIC_REPRESENTATION_ITEM() RATIONAL_B_SPLINE_CURVE((1.,0.5,1.,0.5,
1.,0.5,1.)) REPRESENTATION_ITEM('') );
#8356 = CARTESIAN_POINT('',(5.,5.073268178785E-17));
#8357 = CARTESIAN_POINT('',(5.,-8.660254037844));
#8358 = CARTESIAN_POINT('',(-2.5,-4.330127018922));
#8359 = CARTESIAN_POINT('',(-10.,-1.326112162723E-15));
#8360 = CARTESIAN_POINT('',(-2.5,4.330127018922));
#8361 = CARTESIAN_POINT('',(5.,8.660254037844));
#8362 = CARTESIAN_POINT('',(5.,5.073268178785E-17));
#8363 = ( GEOMETRIC_REPRESENTATION_CONTEXT(2) 
PARAMETRIC_REPRESENTATION_CONTEXT() REPRESENTATION_CONTEXT('2D SPACE',''
  ) );
#8364 = ORIENTED_EDGE('',*,*,#7280,.T.);
#8365 = ORIENTED_EDGE('',*,*,#8257,.F.);
#8366 = ORIENTED_EDGE('',*,*,#7734,.T.);
#8367 = ORIENTED_EDGE('',*,*,#8317,.F.);
#8368 = ADVANCED_FACE('',(#8369),#7268,.T.);
#8369 = FACE_BOUND('',#8370,.T.);
#8370 = EDGE_LOOP('',(#8371,#8372,#8398,#8399));
#8371 = ORIENTED_EDGE('',*,*,#7804,.T.);
#8372 = ORIENTED_EDGE('',*,*,#8373,.T.);
#8373 = EDGE_CURVE('',#7805,#7183,#8374,.T.);
#8374 = SURFACE_CURVE('',#8375,(#8380,#8391),.PCURVE_S1.);
#8375 = CIRCLE('',#8376,5.);
#8376 = AXIS2_PLACEMENT_3D('',#8377,#8378,#8379);
#8377 = CARTESIAN_POINT('',(27.577164466275,73.539105243401,6.));
#8378 = DIRECTION('',(0.,0.,-1.));
#8379 = DIRECTION('',(0.707106781187,0.707106781187,0.));
#8380 = PCURVE('',#7268,#8381);
#8381 = DEFINITIONAL_REPRESENTATION('',(#8382),#8390);
#8382 = ( BOUNDED_CURVE() B_SPLINE_CURVE(2,(#8383,#8384,#8385,#8386,
#8387,#8388,#8389),.UNSPECIFIED.,.T.,.F.) B_SPLINE_CURVE_WITH_KNOTS((1,2
    ,2,2,2,1),(-2.094395102393,0.,2.094395102393,4.188790204786,
6.28318530718,8.377580409573),.UNSPECIFIED.) CURVE() 
GEOMETRIC_REPRESENTATION_ITEM() RATIONAL_B_SPLINE_CURVE((1.,0.5,1.,0.5,
1.,0.5,1.)) REPRESENTATION_ITEM('') );
#8383 = CARTESIAN_POINT('',(5.,32.5));
#8384 = CARTESIAN_POINT('',(5.,23.839745962156));
#8385 = CARTESIAN_POINT('',(-2.5,28.169872981078));
#8386 = CARTESIAN_POINT('',(-10.,32.5));
#8387 = CARTESIAN_POINT('',(-2.5,36.830127018922));
#8388 = CARTESIAN_POINT('',(5.,41.160254037844));
#8389 = CARTESIAN_POINT('',(5.,32.5));
#8390 = ( GEOMETRIC_REPRESENTATION_CONTEXT(2) 
PARAMETRIC_REPRESENTATION_CONTEXT() REPRESENTATION_CONTEXT('2D SPACE',''
  ) );
#8391 = PCURVE('',#7226,#8392);
#8392 = DEFINITIONAL_REPRESENTATION('',(#8393),#8397);
#8393 = LINE('',#8394,#8395);
#8394 = CARTESIAN_POINT('',(-6.28318530718,-0.5));
#8395 = VECTOR('',#8396,1.);
#8396 = DIRECTION('',(1.,-0.));
#8397 = ( GEOMETRIC_REPRESENTATION_CONTEXT(2) 
PARAMETRIC_REPRESENTATION_CONTEXT() REPRESENTATION_CONTEXT('2D SPACE',''
  ) );
#8398 = ORIENTED_EDGE('',*,*,#7252,.T.);
#8399 = ORIENTED_EDGE('',*,*,#8339,.T.);
#8400 = ADVANCED_FACE('',(#8401),#7226,.F.);
#8401 = FACE_BOUND('',#8402,.T.);
#8402 = EDGE_LOOP('',(#8403,#8432,#8453,#8454,#8480,#8481,#8482,#8483));
#8403 = ORIENTED_EDGE('',*,*,#8404,.F.);
#8404 = EDGE_CURVE('',#8405,#8405,#8407,.T.);
#8405 = VERTEX_POINT('',#8406);
#8406 = CARTESIAN_POINT('',(31.112698372208,77.074639149334,5.5));
#8407 = SURFACE_CURVE('',#8408,(#8413,#8420),.PCURVE_S1.);
#8408 = CIRCLE('',#8409,5.);
#8409 = AXIS2_PLACEMENT_3D('',#8410,#8411,#8412);
#8410 = CARTESIAN_POINT('',(27.577164466275,73.539105243401,5.5));
#8411 = DIRECTION('',(0.,-0.,1.));
#8412 = DIRECTION('',(0.707106781187,0.707106781187,0.));
#8413 = PCURVE('',#7226,#8414);
#8414 = DEFINITIONAL_REPRESENTATION('',(#8415),#8419);
#8415 = LINE('',#8416,#8417);
#8416 = CARTESIAN_POINT('',(-0.,0.));
#8417 = VECTOR('',#8418,1.);
#8418 = DIRECTION('',(-1.,0.));
#8419 = ( GEOMETRIC_REPRESENTATION_CONTEXT(2) 
PARAMETRIC_REPRESENTATION_CONTEXT() REPRESENTATION_CONTEXT('2D SPACE',''
  ) );
#8420 = PCURVE('',#8421,#8426);
#8421 = PLANE('',#8422);
#8422 = AXIS2_PLACEMENT_3D('',#8423,#8424,#8425);
#8423 = CARTESIAN_POINT('',(27.577164466275,73.539105243401,5.5));
#8424 = DIRECTION('',(0.,0.,1.));
#8425 = DIRECTION('',(0.707106781187,0.707106781187,0.));
#8426 = DEFINITIONAL_REPRESENTATION('',(#8427),#8431);
#8427 = CIRCLE('',#8428,5.);
#8428 = AXIS2_PLACEMENT_2D('',#8429,#8430);
#8429 = CARTESIAN_POINT('',(0.,0.));
#8430 = DIRECTION('',(1.,1.014653635757E-17));
#8431 = ( GEOMETRIC_REPRESENTATION_CONTEXT(2) 
PARAMETRIC_REPRESENTATION_CONTEXT() REPRESENTATION_CONTEXT('2D SPACE',''
  ) );
#8432 = ORIENTED_EDGE('',*,*,#8433,.T.);
#8433 = EDGE_CURVE('',#8405,#7828,#8434,.T.);
#8434 = SEAM_CURVE('',#8435,(#8439,#8446),.PCURVE_S1.);
#8435 = LINE('',#8436,#8437);
#8436 = CARTESIAN_POINT('',(31.112698372208,77.074639149334,5.5));
#8437 = VECTOR('',#8438,1.);
#8438 = DIRECTION('',(0.,0.,1.));
#8439 = PCURVE('',#7226,#8440);
#8440 = DEFINITIONAL_REPRESENTATION('',(#8441),#8445);
#8441 = LINE('',#8442,#8443);
#8442 = CARTESIAN_POINT('',(-6.28318530718,0.));
#8443 = VECTOR('',#8444,1.);
#8444 = DIRECTION('',(-0.,-1.));
#8445 = ( GEOMETRIC_REPRESENTATION_CONTEXT(2) 
PARAMETRIC_REPRESENTATION_CONTEXT() REPRESENTATION_CONTEXT('2D SPACE',''
  ) );
#8446 = PCURVE('',#7226,#8447);
#8447 = DEFINITIONAL_REPRESENTATION('',(#8448),#8452);
#8448 = LINE('',#8449,#8450);
#8449 = CARTESIAN_POINT('',(-0.,0.));
#8450 = VECTOR('',#8451,1.);
#8451 = DIRECTION('',(-0.,-1.));
#8452 = ( GEOMETRIC_REPRESENTATION_CONTEXT(2) 
PARAMETRIC_REPRESENTATION_CONTEXT() REPRESENTATION_CONTEXT('2D SPACE',''
  ) );
#8453 = ORIENTED_EDGE('',*,*,#7862,.T.);
#8454 = ORIENTED_EDGE('',*,*,#8455,.F.);
#8455 = EDGE_CURVE('',#7155,#7863,#8456,.T.);
#8456 = SURFACE_CURVE('',#8457,(#8462,#8469),.PCURVE_S1.);
#8457 = CIRCLE('',#8458,5.);
#8458 = AXIS2_PLACEMENT_3D('',#8459,#8460,#8461);
#8459 = CARTESIAN_POINT('',(27.577164466275,73.539105243401,6.));
#8460 = DIRECTION('',(0.,0.,-1.));
#8461 = DIRECTION('',(0.707106781187,0.707106781187,0.));
#8462 = PCURVE('',#7226,#8463);
#8463 = DEFINITIONAL_REPRESENTATION('',(#8464),#8468);
#8464 = LINE('',#8465,#8466);
#8465 = CARTESIAN_POINT('',(-6.28318530718,-0.5));
#8466 = VECTOR('',#8467,1.);
#8467 = DIRECTION('',(1.,-0.));
#8468 = ( GEOMETRIC_REPRESENTATION_CONTEXT(2) 
PARAMETRIC_REPRESENTATION_CONTEXT() REPRESENTATION_CONTEXT('2D SPACE',''
  ) );
#8469 = PCURVE('',#7170,#8470);
#8470 = DEFINITIONAL_REPRESENTATION('',(#8471),#8479);
#8471 = ( BOUNDED_CURVE() B_SPLINE_CURVE(2,(#8472,#8473,#8474,#8475,
#8476,#8477,#8478),.UNSPECIFIED.,.T.,.F.) B_SPLINE_CURVE_WITH_KNOTS((1,2
    ,2,2,2,1),(-2.094395102393,0.,2.094395102393,4.188790204786,
6.28318530718,8.377580409573),.UNSPECIFIED.) CURVE() 
GEOMETRIC_REPRESENTATION_ITEM() RATIONAL_B_SPLINE_CURVE((1.,0.5,1.,0.5,
1.,0.5,1.)) REPRESENTATION_ITEM('') );
#8472 = CARTESIAN_POINT('',(5.,32.5));
#8473 = CARTESIAN_POINT('',(5.,23.839745962156));
#8474 = CARTESIAN_POINT('',(-2.5,28.169872981078));
#8475 = CARTESIAN_POINT('',(-10.,32.5));
#8476 = CARTESIAN_POINT('',(-2.5,36.830127018922));
#8477 = CARTESIAN_POINT('',(5.,41.160254037844));
#8478 = CARTESIAN_POINT('',(5.,32.5));
#8479 = ( GEOMETRIC_REPRESENTATION_CONTEXT(2) 
PARAMETRIC_REPRESENTATION_CONTEXT() REPRESENTATION_CONTEXT('2D SPACE',''
  ) );
#8480 = ORIENTED_EDGE('',*,*,#7182,.T.);
#8481 = ORIENTED_EDGE('',*,*,#8373,.F.);
#8482 = ORIENTED_EDGE('',*,*,#7827,.T.);
#8483 = ORIENTED_EDGE('',*,*,#8433,.F.);
#8484 = ADVANCED_FACE('',(#8485),#7170,.T.);
#8485 = FACE_BOUND('',#8486,.T.);
#8486 = EDGE_LOOP('',(#8487,#8513,#8514,#8515));
#8487 = ORIENTED_EDGE('',*,*,#8488,.F.);
#8488 = EDGE_CURVE('',#7126,#7898,#8489,.T.);
#8489 = SURFACE_CURVE('',#8490,(#8494,#8501),.PCURVE_S1.);
#8490 = LINE('',#8491,#8492);
#8491 = CARTESIAN_POINT('',(18.38477631085,76.367532368147,6.));
#8492 = VECTOR('',#8493,1.);
#8493 = DIRECTION('',(0.707106781187,0.707106781187,0.));
#8494 = PCURVE('',#7170,#8495);
#8495 = DEFINITIONAL_REPRESENTATION('',(#8496),#8500);
#8496 = LINE('',#8497,#8498);
#8497 = CARTESIAN_POINT('',(-4.5,41.));
#8498 = VECTOR('',#8499,1.);
#8499 = DIRECTION('',(1.,1.014653635757E-17));
#8500 = ( GEOMETRIC_REPRESENTATION_CONTEXT(2) 
PARAMETRIC_REPRESENTATION_CONTEXT() REPRESENTATION_CONTEXT('2D SPACE',''
  ) );
#8501 = PCURVE('',#8502,#8507);
#8502 = CYLINDRICAL_SURFACE('',#8503,4.);
#8503 = AXIS2_PLACEMENT_3D('',#8504,#8505,#8506);
#8504 = CARTESIAN_POINT('',(18.38477631085,76.367532368147,2.));
#8505 = DIRECTION('',(0.707106781187,0.707106781187,0.));
#8506 = DIRECTION('',(0.,0.,1.));
#8507 = DEFINITIONAL_REPRESENTATION('',(#8508),#8512);
#8508 = LINE('',#8509,#8510);
#8509 = CARTESIAN_POINT('',(-0.,0.));
#8510 = VECTOR('',#8511,1.);
#8511 = DIRECTION('',(-0.,1.));
#8512 = ( GEOMETRIC_REPRESENTATION_CONTEXT(2) 
PARAMETRIC_REPRESENTATION_CONTEXT() REPRESENTATION_CONTEXT('2D SPACE',''
  ) );
#8513 = ORIENTED_EDGE('',*,*,#7154,.T.);
#8514 = ORIENTED_EDGE('',*,*,#8455,.T.);
#8515 = ORIENTED_EDGE('',*,*,#7897,.T.);
#8516 = ADVANCED_FACE('',(#8517),#7142,.T.);
#8517 = FACE_BOUND('',#8518,.T.);
#8518 = EDGE_LOOP('',(#8519,#8520,#8521,#8545));
#8519 = ORIENTED_EDGE('',*,*,#8035,.F.);
#8520 = ORIENTED_EDGE('',*,*,#7125,.T.);
#8521 = ORIENTED_EDGE('',*,*,#8522,.T.);
#8522 = EDGE_CURVE('',#7126,#8523,#8525,.T.);
#8523 = VERTEX_POINT('',#8524);
#8524 = CARTESIAN_POINT('',(15.556349186104,79.195959492893,2.));
#8525 = SURFACE_CURVE('',#8526,(#8531,#8538),.PCURVE_S1.);
#8526 = CIRCLE('',#8527,4.);
#8527 = AXIS2_PLACEMENT_3D('',#8528,#8529,#8530);
#8528 = CARTESIAN_POINT('',(18.38477631085,76.367532368147,2.));
#8529 = DIRECTION('',(-0.707106781187,-0.707106781187,4.978996250515E-17
    ));
#8530 = DIRECTION('',(3.520682012241E-17,3.520682012241E-17,1.));
#8531 = PCURVE('',#7142,#8532);
#8532 = DEFINITIONAL_REPRESENTATION('',(#8533),#8537);
#8533 = LINE('',#8534,#8535);
#8534 = CARTESIAN_POINT('',(1.570796326795,0.));
#8535 = VECTOR('',#8536,1.);
#8536 = DIRECTION('',(0.,1.));
#8537 = ( GEOMETRIC_REPRESENTATION_CONTEXT(2) 
PARAMETRIC_REPRESENTATION_CONTEXT() REPRESENTATION_CONTEXT('2D SPACE',''
  ) );
#8538 = PCURVE('',#8502,#8539);
#8539 = DEFINITIONAL_REPRESENTATION('',(#8540),#8544);
#8540 = LINE('',#8541,#8542);
#8541 = CARTESIAN_POINT('',(-0.,0.));
#8542 = VECTOR('',#8543,1.);
#8543 = DIRECTION('',(-1.,0.));
#8544 = ( GEOMETRIC_REPRESENTATION_CONTEXT(2) 
PARAMETRIC_REPRESENTATION_CONTEXT() REPRESENTATION_CONTEXT('2D SPACE',''
  ) );
#8545 = ORIENTED_EDGE('',*,*,#8546,.F.);
#8546 = EDGE_CURVE('',#8008,#8523,#8547,.T.);
#8547 = SURFACE_CURVE('',#8548,(#8553,#8560),.PCURVE_S1.);
#8548 = CIRCLE('',#8549,4.);
#8549 = AXIS2_PLACEMENT_3D('',#8550,#8551,#8552);
#8550 = CARTESIAN_POINT('',(15.556349186104,79.195959492893,-2.));
#8551 = DIRECTION('',(-0.707106781187,0.707106781187,1.126491828437E-33)
  );
#8552 = DIRECTION('',(-0.707106781187,-0.707106781187,1.110223024625E-16
    ));
#8553 = PCURVE('',#7142,#8554);
#8554 = DEFINITIONAL_REPRESENTATION('',(#8555),#8559);
#8555 = LINE('',#8556,#8557);
#8556 = CARTESIAN_POINT('',(0.,1.570796326795));
#8557 = VECTOR('',#8558,1.);
#8558 = DIRECTION('',(1.,0.));
#8559 = ( GEOMETRIC_REPRESENTATION_CONTEXT(2) 
PARAMETRIC_REPRESENTATION_CONTEXT() REPRESENTATION_CONTEXT('2D SPACE',''
  ) );
#8560 = PCURVE('',#8023,#8561);
#8561 = DEFINITIONAL_REPRESENTATION('',(#8562),#8570);
#8562 = ( BOUNDED_CURVE() B_SPLINE_CURVE(2,(#8563,#8564,#8565,#8566,
#8567,#8568,#8569),.UNSPECIFIED.,.T.,.F.) B_SPLINE_CURVE_WITH_KNOTS((1,2
    ,2,2,2,1),(-2.094395102393,0.,2.094395102393,4.188790204786,
6.28318530718,8.377580409573),.UNSPECIFIED.) CURVE() 
GEOMETRIC_REPRESENTATION_ITEM() RATIONAL_B_SPLINE_CURVE((1.,0.5,1.,0.5,
1.,0.5,1.)) REPRESENTATION_ITEM('') );
#8563 = CARTESIAN_POINT('',(21.,-17.05));
#8564 = CARTESIAN_POINT('',(21.,-23.97820323027));
#8565 = CARTESIAN_POINT('',(15.,-20.51410161513));
#8566 = CARTESIAN_POINT('',(9.,-17.05));
#8567 = CARTESIAN_POINT('',(15.,-13.58589838486));
#8568 = CARTESIAN_POINT('',(21.,-10.12179676972));
#8569 = CARTESIAN_POINT('',(21.,-17.05));
#8570 = ( GEOMETRIC_REPRESENTATION_CONTEXT(2) 
PARAMETRIC_REPRESENTATION_CONTEXT() REPRESENTATION_CONTEXT('2D SPACE',''
  ) );
#8571 = ADVANCED_FACE('',(#8572),#7534,.T.);
#8572 = FACE_BOUND('',#8573,.F.);
#8573 = EDGE_LOOP('',(#8574,#8598,#8619,#8641));
#8574 = ORIENTED_EDGE('',*,*,#8575,.T.);
#8575 = EDGE_CURVE('',#7498,#8576,#8578,.T.);
#8576 = VERTEX_POINT('',#8577);
#8577 = CARTESIAN_POINT('',(24.748737341529,88.388347648318,-2.));
#8578 = SURFACE_CURVE('',#8579,(#8584,#8591),.PCURVE_S1.);
#8579 = CIRCLE('',#8580,4.);
#8580 = AXIS2_PLACEMENT_3D('',#8581,#8582,#8583);
#8581 = CARTESIAN_POINT('',(27.577164466275,85.559920523572,-2.));
#8582 = DIRECTION('',(-4.329780281177E-17,-4.329780281177E-17,1.));
#8583 = DIRECTION('',(0.707106781187,0.707106781187,6.123233995737E-17)
  );
#8584 = PCURVE('',#7534,#8585);
#8585 = DEFINITIONAL_REPRESENTATION('',(#8586),#8590);
#8586 = LINE('',#8587,#8588);
#8587 = CARTESIAN_POINT('',(-0.,0.));
#8588 = VECTOR('',#8589,1.);
#8589 = DIRECTION('',(-1.,0.));
#8590 = ( GEOMETRIC_REPRESENTATION_CONTEXT(2) 
PARAMETRIC_REPRESENTATION_CONTEXT() REPRESENTATION_CONTEXT('2D SPACE',''
  ) );
#8591 = PCURVE('',#7935,#8592);
#8592 = DEFINITIONAL_REPRESENTATION('',(#8593),#8597);
#8593 = LINE('',#8594,#8595);
#8594 = CARTESIAN_POINT('',(1.570796326795,0.));
#8595 = VECTOR('',#8596,1.);
#8596 = DIRECTION('',(0.,1.));
#8597 = ( GEOMETRIC_REPRESENTATION_CONTEXT(2) 
PARAMETRIC_REPRESENTATION_CONTEXT() REPRESENTATION_CONTEXT('2D SPACE',''
  ) );
#8598 = ORIENTED_EDGE('',*,*,#8599,.T.);
#8599 = EDGE_CURVE('',#8576,#8062,#8600,.T.);
#8600 = SURFACE_CURVE('',#8601,(#8605,#8612),.PCURVE_S1.);
#8601 = LINE('',#8602,#8603);
#8602 = CARTESIAN_POINT('',(24.748737341529,88.388347648318,-2.));
#8603 = VECTOR('',#8604,1.);
#8604 = DIRECTION('',(0.,-0.,-1.));
#8605 = PCURVE('',#7534,#8606);
#8606 = DEFINITIONAL_REPRESENTATION('',(#8607),#8611);
#8607 = LINE('',#8608,#8609);
#8608 = CARTESIAN_POINT('',(-1.570796326795,0.));
#8609 = VECTOR('',#8610,1.);
#8610 = DIRECTION('',(-0.,1.));
#8611 = ( GEOMETRIC_REPRESENTATION_CONTEXT(2) 
PARAMETRIC_REPRESENTATION_CONTEXT() REPRESENTATION_CONTEXT('2D SPACE',''
  ) );
#8612 = PCURVE('',#8023,#8613);
#8613 = DEFINITIONAL_REPRESENTATION('',(#8614),#8618);
#8614 = LINE('',#8615,#8616);
#8615 = CARTESIAN_POINT('',(4.,-17.05));
#8616 = VECTOR('',#8617,1.);
#8617 = DIRECTION('',(-0.,1.));
#8618 = ( GEOMETRIC_REPRESENTATION_CONTEXT(2) 
PARAMETRIC_REPRESENTATION_CONTEXT() REPRESENTATION_CONTEXT('2D SPACE',''
  ) );
#8619 = ORIENTED_EDGE('',*,*,#8620,.F.);
#8620 = EDGE_CURVE('',#7474,#8062,#8621,.T.);
#8621 = SURFACE_CURVE('',#8622,(#8627,#8634),.PCURVE_S1.);
#8622 = CIRCLE('',#8623,4.);
#8623 = AXIS2_PLACEMENT_3D('',#8624,#8625,#8626);
#8624 = CARTESIAN_POINT('',(27.577164466275,85.559920523572,-15.05));
#8625 = DIRECTION('',(0.,-0.,1.));
#8626 = DIRECTION('',(0.707106781187,0.707106781187,0.));
#8627 = PCURVE('',#7534,#8628);
#8628 = DEFINITIONAL_REPRESENTATION('',(#8629),#8633);
#8629 = LINE('',#8630,#8631);
#8630 = CARTESIAN_POINT('',(-0.,13.05));
#8631 = VECTOR('',#8632,1.);
#8632 = DIRECTION('',(-1.,0.));
#8633 = ( GEOMETRIC_REPRESENTATION_CONTEXT(2) 
PARAMETRIC_REPRESENTATION_CONTEXT() REPRESENTATION_CONTEXT('2D SPACE',''
  ) );
#8634 = PCURVE('',#8078,#8635);
#8635 = DEFINITIONAL_REPRESENTATION('',(#8636),#8640);
#8636 = LINE('',#8637,#8638);
#8637 = CARTESIAN_POINT('',(0.,0.));
#8638 = VECTOR('',#8639,1.);
#8639 = DIRECTION('',(0.,1.));
#8640 = ( GEOMETRIC_REPRESENTATION_CONTEXT(2) 
PARAMETRIC_REPRESENTATION_CONTEXT() REPRESENTATION_CONTEXT('2D SPACE',''
  ) );
#8641 = ORIENTED_EDGE('',*,*,#7520,.F.);
#8642 = ADVANCED_FACE('',(#8643),#7623,.F.);
#8643 = FACE_BOUND('',#8644,.T.);
#8644 = EDGE_LOOP('',(#8645,#8674,#8695,#8696));
#8645 = ORIENTED_EDGE('',*,*,#8646,.F.);
#8646 = EDGE_CURVE('',#8647,#8647,#8649,.T.);
#8647 = VERTEX_POINT('',#8648);
#8648 = CARTESIAN_POINT('',(76.367532368147,30.405591591022,5.5));
#8649 = SURFACE_CURVE('',#8650,(#8655,#8662),.PCURVE_S1.);
#8650 = CIRCLE('',#8651,4.);
#8651 = AXIS2_PLACEMENT_3D('',#8652,#8653,#8654);
#8652 = CARTESIAN_POINT('',(73.539105243401,27.577164466275,5.5));
#8653 = DIRECTION('',(0.,-0.,1.));
#8654 = DIRECTION('',(0.707106781187,0.707106781187,0.));
#8655 = PCURVE('',#7623,#8656);
#8656 = DEFINITIONAL_REPRESENTATION('',(#8657),#8661);
#8657 = LINE('',#8658,#8659);
#8658 = CARTESIAN_POINT('',(-0.,0.));
#8659 = VECTOR('',#8660,1.);
#8660 = DIRECTION('',(-1.,0.));
#8661 = ( GEOMETRIC_REPRESENTATION_CONTEXT(2) 
PARAMETRIC_REPRESENTATION_CONTEXT() REPRESENTATION_CONTEXT('2D SPACE',''
  ) );
#8662 = PCURVE('',#8663,#8668);
#8663 = PLANE('',#8664);
#8664 = AXIS2_PLACEMENT_3D('',#8665,#8666,#8667);
#8665 = CARTESIAN_POINT('',(73.539105243401,27.577164466275,5.5));
#8666 = DIRECTION('',(0.,0.,1.));
#8667 = DIRECTION('',(0.707106781187,0.707106781187,0.));
#8668 = DEFINITIONAL_REPRESENTATION('',(#8669),#8673);
#8669 = CIRCLE('',#8670,4.);
#8670 = AXIS2_PLACEMENT_2D('',#8671,#8672);
#8671 = CARTESIAN_POINT('',(0.,0.));
#8672 = DIRECTION('',(1.,1.014653635757E-17));
#8673 = ( GEOMETRIC_REPRESENTATION_CONTEXT(2) 
PARAMETRIC_REPRESENTATION_CONTEXT() REPRESENTATION_CONTEXT('2D SPACE',''
  ) );
#8674 = ORIENTED_EDGE('',*,*,#8675,.T.);
#8675 = EDGE_CURVE('',#8647,#7603,#8676,.T.);
#8676 = SEAM_CURVE('',#8677,(#8681,#8688),.PCURVE_S1.);
#8677 = LINE('',#8678,#8679);
#8678 = CARTESIAN_POINT('',(76.367532368147,30.405591591022,5.5));
#8679 = VECTOR('',#8680,1.);
#8680 = DIRECTION('',(0.,0.,1.));
#8681 = PCURVE('',#7623,#8682);
#8682 = DEFINITIONAL_REPRESENTATION('',(#8683),#8687);
#8683 = LINE('',#8684,#8685);
#8684 = CARTESIAN_POINT('',(-6.28318530718,0.));
#8685 = VECTOR('',#8686,1.);
#8686 = DIRECTION('',(-0.,-1.));
#8687 = ( GEOMETRIC_REPRESENTATION_CONTEXT(2) 
PARAMETRIC_REPRESENTATION_CONTEXT() REPRESENTATION_CONTEXT('2D SPACE',''
  ) );
#8688 = PCURVE('',#7623,#8689);
#8689 = DEFINITIONAL_REPRESENTATION('',(#8690),#8694);
#8690 = LINE('',#8691,#8692);
#8691 = CARTESIAN_POINT('',(-0.,0.));
#8692 = VECTOR('',#8693,1.);
#8693 = DIRECTION('',(-0.,-1.));
#8694 = ( GEOMETRIC_REPRESENTATION_CONTEXT(2) 
PARAMETRIC_REPRESENTATION_CONTEXT() REPRESENTATION_CONTEXT('2D SPACE',''
  ) );
#8695 = ORIENTED_EDGE('',*,*,#7602,.F.);
#8696 = ORIENTED_EDGE('',*,*,#8675,.F.);
#8697 = ADVANCED_FACE('',(#8698),#7935,.T.);
#8698 = FACE_BOUND('',#8699,.T.);
#8699 = EDGE_LOOP('',(#8700,#8724,#8725,#8726));
#8700 = ORIENTED_EDGE('',*,*,#8701,.F.);
#8701 = EDGE_CURVE('',#7898,#8702,#8704,.T.);
#8702 = VERTEX_POINT('',#8703);
#8703 = CARTESIAN_POINT('',(21.920310216783,85.559920523572,2.));
#8704 = SURFACE_CURVE('',#8705,(#8710,#8717),.PCURVE_S1.);
#8705 = CIRCLE('',#8706,4.);
#8706 = AXIS2_PLACEMENT_3D('',#8707,#8708,#8709);
#8707 = CARTESIAN_POINT('',(24.748737341529,82.731493398826,2.));
#8708 = DIRECTION('',(-0.707106781187,-0.707106781187,0.));
#8709 = DIRECTION('',(0.,0.,1.));
#8710 = PCURVE('',#7935,#8711);
#8711 = DEFINITIONAL_REPRESENTATION('',(#8712),#8716);
#8712 = LINE('',#8713,#8714);
#8713 = CARTESIAN_POINT('',(0.,0.));
#8714 = VECTOR('',#8715,1.);
#8715 = DIRECTION('',(0.,1.));
#8716 = ( GEOMETRIC_REPRESENTATION_CONTEXT(2) 
PARAMETRIC_REPRESENTATION_CONTEXT() REPRESENTATION_CONTEXT('2D SPACE',''
  ) );
#8717 = PCURVE('',#8502,#8718);
#8718 = DEFINITIONAL_REPRESENTATION('',(#8719),#8723);
#8719 = LINE('',#8720,#8721);
#8720 = CARTESIAN_POINT('',(-0.,9.));
#8721 = VECTOR('',#8722,1.);
#8722 = DIRECTION('',(-1.,0.));
#8723 = ( GEOMETRIC_REPRESENTATION_CONTEXT(2) 
PARAMETRIC_REPRESENTATION_CONTEXT() REPRESENTATION_CONTEXT('2D SPACE',''
  ) );
#8724 = ORIENTED_EDGE('',*,*,#7920,.T.);
#8725 = ORIENTED_EDGE('',*,*,#8575,.T.);
#8726 = ORIENTED_EDGE('',*,*,#8727,.F.);
#8727 = EDGE_CURVE('',#8702,#8576,#8728,.T.);
#8728 = SURFACE_CURVE('',#8729,(#8734,#8741),.PCURVE_S1.);
#8729 = CIRCLE('',#8730,4.);
#8730 = AXIS2_PLACEMENT_3D('',#8731,#8732,#8733);
#8731 = CARTESIAN_POINT('',(21.920310216783,85.559920523572,-2.));
#8732 = DIRECTION('',(-0.707106781187,0.707106781187,0.));
#8733 = DIRECTION('',(0.,0.,1.));
#8734 = PCURVE('',#7935,#8735);
#8735 = DEFINITIONAL_REPRESENTATION('',(#8736),#8740);
#8736 = LINE('',#8737,#8738);
#8737 = CARTESIAN_POINT('',(0.,1.570796326795));
#8738 = VECTOR('',#8739,1.);
#8739 = DIRECTION('',(1.,0.));
#8740 = ( GEOMETRIC_REPRESENTATION_CONTEXT(2) 
PARAMETRIC_REPRESENTATION_CONTEXT() REPRESENTATION_CONTEXT('2D SPACE',''
  ) );
#8741 = PCURVE('',#8023,#8742);
#8742 = DEFINITIONAL_REPRESENTATION('',(#8743),#8751);
#8743 = ( BOUNDED_CURVE() B_SPLINE_CURVE(2,(#8744,#8745,#8746,#8747,
#8748,#8749,#8750),.UNSPECIFIED.,.T.,.F.) B_SPLINE_CURVE_WITH_KNOTS((1,2
    ,2,2,2,1),(-2.094395102393,0.,2.094395102393,4.188790204786,
6.28318530718,8.377580409573),.UNSPECIFIED.) CURVE() 
GEOMETRIC_REPRESENTATION_ITEM() RATIONAL_B_SPLINE_CURVE((1.,0.5,1.,0.5,
1.,0.5,1.)) REPRESENTATION_ITEM('') );
#8744 = CARTESIAN_POINT('',(8.,-21.05));
#8745 = CARTESIAN_POINT('',(1.071796769724,-21.05));
#8746 = CARTESIAN_POINT('',(4.535898384862,-15.05));
#8747 = CARTESIAN_POINT('',(8.,-9.05));
#8748 = CARTESIAN_POINT('',(11.464101615138,-15.05));
#8749 = CARTESIAN_POINT('',(14.928203230276,-21.05));
#8750 = CARTESIAN_POINT('',(8.,-21.05));
#8751 = ( GEOMETRIC_REPRESENTATION_CONTEXT(2) 
PARAMETRIC_REPRESENTATION_CONTEXT() REPRESENTATION_CONTEXT('2D SPACE',''
  ) );
#8752 = ADVANCED_FACE('',(#8753),#7966,.T.);
#8753 = FACE_BOUND('',#8754,.T.);
#8754 = EDGE_LOOP('',(#8755,#8756,#8757));
#8755 = ORIENTED_EDGE('',*,*,#8111,.F.);
#8756 = ORIENTED_EDGE('',*,*,#7951,.T.);
#8757 = ORIENTED_EDGE('',*,*,#7983,.T.);
#8758 = ADVANCED_FACE('',(#8759),#8023,.F.);
#8759 = FACE_BOUND('',#8760,.F.);
#8760 = EDGE_LOOP('',(#8761,#8762,#8763,#8764,#8765,#8786));
#8761 = ORIENTED_EDGE('',*,*,#8007,.F.);
#8762 = ORIENTED_EDGE('',*,*,#8090,.F.);
#8763 = ORIENTED_EDGE('',*,*,#8599,.F.);
#8764 = ORIENTED_EDGE('',*,*,#8727,.F.);
#8765 = ORIENTED_EDGE('',*,*,#8766,.F.);
#8766 = EDGE_CURVE('',#8523,#8702,#8767,.T.);
#8767 = SURFACE_CURVE('',#8768,(#8772,#8779),.PCURVE_S1.);
#8768 = LINE('',#8769,#8770);
#8769 = CARTESIAN_POINT('',(15.556349186104,79.195959492893,2.));
#8770 = VECTOR('',#8771,1.);
#8771 = DIRECTION('',(0.707106781187,0.707106781187,0.));
#8772 = PCURVE('',#8023,#8773);
#8773 = DEFINITIONAL_REPRESENTATION('',(#8774),#8778);
#8774 = LINE('',#8775,#8776);
#8775 = CARTESIAN_POINT('',(17.,-21.05));
#8776 = VECTOR('',#8777,1.);
#8777 = DIRECTION('',(-1.,0.));
#8778 = ( GEOMETRIC_REPRESENTATION_CONTEXT(2) 
PARAMETRIC_REPRESENTATION_CONTEXT() REPRESENTATION_CONTEXT('2D SPACE',''
  ) );
#8779 = PCURVE('',#8502,#8780);
#8780 = DEFINITIONAL_REPRESENTATION('',(#8781),#8785);
#8781 = LINE('',#8782,#8783);
#8782 = CARTESIAN_POINT('',(-1.570796326795,0.));
#8783 = VECTOR('',#8784,1.);
#8784 = DIRECTION('',(-0.,1.));
#8785 = ( GEOMETRIC_REPRESENTATION_CONTEXT(2) 
PARAMETRIC_REPRESENTATION_CONTEXT() REPRESENTATION_CONTEXT('2D SPACE',''
  ) );
#8786 = ORIENTED_EDGE('',*,*,#8546,.F.);
#8787 = ADVANCED_FACE('',(#8788),#8078,.T.);
#8788 = FACE_BOUND('',#8789,.T.);
#8789 = EDGE_LOOP('',(#8790,#8791,#8792));
#8790 = ORIENTED_EDGE('',*,*,#8620,.F.);
#8791 = ORIENTED_EDGE('',*,*,#8140,.T.);
#8792 = ORIENTED_EDGE('',*,*,#8061,.T.);
#8793 = ADVANCED_FACE('',(#8794),#8189,.T.);
#8794 = FACE_BOUND('',#8795,.T.);
#8795 = EDGE_LOOP('',(#8796));
#8796 = ORIENTED_EDGE('',*,*,#8172,.T.);
#8797 = ADVANCED_FACE('',(#8798),#8305,.T.);
#8798 = FACE_BOUND('',#8799,.T.);
#8799 = EDGE_LOOP('',(#8800));
#8800 = ORIENTED_EDGE('',*,*,#8288,.T.);
#8801 = ADVANCED_FACE('',(#8802),#8421,.T.);
#8802 = FACE_BOUND('',#8803,.T.);
#8803 = EDGE_LOOP('',(#8804));
#8804 = ORIENTED_EDGE('',*,*,#8404,.T.);
#8805 = ADVANCED_FACE('',(#8806),#8502,.T.);
#8806 = FACE_BOUND('',#8807,.F.);
#8807 = EDGE_LOOP('',(#8808,#8809,#8810,#8811));
#8808 = ORIENTED_EDGE('',*,*,#8522,.T.);
#8809 = ORIENTED_EDGE('',*,*,#8766,.T.);
#8810 = ORIENTED_EDGE('',*,*,#8701,.F.);
#8811 = ORIENTED_EDGE('',*,*,#8488,.F.);
#8812 = ADVANCED_FACE('',(#8813),#8663,.T.);
#8813 = FACE_BOUND('',#8814,.T.);
#8814 = EDGE_LOOP('',(#8815));
#8815 = ORIENTED_EDGE('',*,*,#8646,.T.);
#8816 = ( GEOMETRIC_REPRESENTATION_CONTEXT(3) 
GLOBAL_UNCERTAINTY_ASSIGNED_CONTEXT((#8820)) 
GLOBAL_UNIT_ASSIGNED_CONTEXT((#8817,#8818,#8819)) REPRESENTATION_CONTEXT
('Context #1','3D Context with UNIT and UNCERTAINTY') );
#8817 = ( LENGTH_UNIT() NAMED_UNIT(*) SI_UNIT(.MILLI.,.METRE.) );
#8818 = ( NAMED_UNIT(*) PLANE_ANGLE_UNIT() SI_UNIT($,.RADIAN.) );
#8819 = ( NAMED_UNIT(*) SI_UNIT($,.STERADIAN.) SOLID_ANGLE_UNIT() );
#8820 = UNCERTAINTY_MEASURE_WITH_UNIT(LENGTH_MEASURE(1.E-07),#8817,
  'distance_accuracy_value','confusion accuracy');
#8821 = CONTEXT_DEPENDENT_SHAPE_REPRESENTATION(#8822,#8824);
#8822 = ( REPRESENTATION_RELATIONSHIP('','',#6024,#10) 
REPRESENTATION_RELATIONSHIP_WITH_TRANSFORMATION(#8823) 
SHAPE_REPRESENTATION_RELATIONSHIP() );
#8823 = ITEM_DEFINED_TRANSFORMATION('','',#11,#23);
#8824 = PRODUCT_DEFINITION_SHAPE('Placement','Placement of an item',
  #8825);
#8825 = NEXT_ASSEMBLY_USAGE_OCCURRENCE('14','d435_envelope','',#5,#6019,
  $);
#8826 = PRODUCT_RELATED_PRODUCT_CATEGORY('part',$,(#6021));
#8827 = SHAPE_DEFINITION_REPRESENTATION(#8828,#8834);
#8828 = PRODUCT_DEFINITION_SHAPE('','',#8829);
#8829 = PRODUCT_DEFINITION('design','',#8830,#8833);
#8830 = PRODUCT_DEFINITION_FORMATION('','',#8831);
#8831 = PRODUCT('dowel','dowel','',(#8832));
#8832 = PRODUCT_CONTEXT('',#2,'mechanical');
#8833 = PRODUCT_DEFINITION_CONTEXT('part definition',#2,'design');
#8834 = ADVANCED_BREP_SHAPE_REPRESENTATION('',(#11,#8835),#8933);
#8835 = MANIFOLD_SOLID_BREP('',#8836);
#8836 = CLOSED_SHELL('',(#8837,#8925,#8929));
#8837 = ADVANCED_FACE('',(#8838),#8852,.T.);
#8838 = FACE_BOUND('',#8839,.F.);
#8839 = EDGE_LOOP('',(#8840,#8870,#8897,#8898));
#8840 = ORIENTED_EDGE('',*,*,#8841,.T.);
#8841 = EDGE_CURVE('',#8842,#8844,#8846,.T.);
#8842 = VERTEX_POINT('',#8843);
#8843 = CARTESIAN_POINT('',(4.,40.,-8.));
#8844 = VERTEX_POINT('',#8845);
#8845 = CARTESIAN_POINT('',(4.,40.,14.));
#8846 = SEAM_CURVE('',#8847,(#8851,#8863),.PCURVE_S1.);
#8847 = LINE('',#8848,#8849);
#8848 = CARTESIAN_POINT('',(4.,40.,-8.));
#8849 = VECTOR('',#8850,1.);
#8850 = DIRECTION('',(0.,0.,1.));
#8851 = PCURVE('',#8852,#8857);
#8852 = CYLINDRICAL_SURFACE('',#8853,4.);
#8853 = AXIS2_PLACEMENT_3D('',#8854,#8855,#8856);
#8854 = CARTESIAN_POINT('',(2.449293598295E-15,40.,-8.));
#8855 = DIRECTION('',(-0.,-0.,-1.));
#8856 = DIRECTION('',(1.,0.,0.));
#8857 = DEFINITIONAL_REPRESENTATION('',(#8858),#8862);
#8858 = LINE('',#8859,#8860);
#8859 = CARTESIAN_POINT('',(-0.,0.));
#8860 = VECTOR('',#8861,1.);
#8861 = DIRECTION('',(-0.,-1.));
#8862 = ( GEOMETRIC_REPRESENTATION_CONTEXT(2) 
PARAMETRIC_REPRESENTATION_CONTEXT() REPRESENTATION_CONTEXT('2D SPACE',''
  ) );
#8863 = PCURVE('',#8852,#8864);
#8864 = DEFINITIONAL_REPRESENTATION('',(#8865),#8869);
#8865 = LINE('',#8866,#8867);
#8866 = CARTESIAN_POINT('',(-6.28318530718,0.));
#8867 = VECTOR('',#8868,1.);
#8868 = DIRECTION('',(-0.,-1.));
#8869 = ( GEOMETRIC_REPRESENTATION_CONTEXT(2) 
PARAMETRIC_REPRESENTATION_CONTEXT() REPRESENTATION_CONTEXT('2D SPACE',''
  ) );
#8870 = ORIENTED_EDGE('',*,*,#8871,.T.);
#8871 = EDGE_CURVE('',#8844,#8844,#8872,.T.);
#8872 = SURFACE_CURVE('',#8873,(#8878,#8885),.PCURVE_S1.);
#8873 = CIRCLE('',#8874,4.);
#8874 = AXIS2_PLACEMENT_3D('',#8875,#8876,#8877);
#8875 = CARTESIAN_POINT('',(2.449293598295E-15,40.,14.));
#8876 = DIRECTION('',(0.,0.,1.));
#8877 = DIRECTION('',(1.,0.,0.));
#8878 = PCURVE('',#8852,#8879);
#8879 = DEFINITIONAL_REPRESENTATION('',(#8880),#8884);
#8880 = LINE('',#8881,#8882);
#8881 = CARTESIAN_POINT('',(-0.,-22.));
#8882 = VECTOR('',#8883,1.);
#8883 = DIRECTION('',(-1.,0.));
#8884 = ( GEOMETRIC_REPRESENTATION_CONTEXT(2) 
PARAMETRIC_REPRESENTATION_CONTEXT() REPRESENTATION_CONTEXT('2D SPACE',''
  ) );
#8885 = PCURVE('',#8886,#8891);
#8886 = PLANE('',#8887);
#8887 = AXIS2_PLACEMENT_3D('',#8888,#8889,#8890);
#8888 = CARTESIAN_POINT('',(2.393020231944E-15,40.,14.));
#8889 = DIRECTION('',(0.,0.,1.));
#8890 = DIRECTION('',(1.,0.,-0.));
#8891 = DEFINITIONAL_REPRESENTATION('',(#8892),#8896);
#8892 = CIRCLE('',#8893,4.);
#8893 = AXIS2_PLACEMENT_2D('',#8894,#8895);
#8894 = CARTESIAN_POINT('',(5.627336635072E-17,-7.105427357601E-15));
#8895 = DIRECTION('',(1.,0.));
#8896 = ( GEOMETRIC_REPRESENTATION_CONTEXT(2) 
PARAMETRIC_REPRESENTATION_CONTEXT() REPRESENTATION_CONTEXT('2D SPACE',''
  ) );
#8897 = ORIENTED_EDGE('',*,*,#8841,.F.);
#8898 = ORIENTED_EDGE('',*,*,#8899,.F.);
#8899 = EDGE_CURVE('',#8842,#8842,#8900,.T.);
#8900 = SURFACE_CURVE('',#8901,(#8906,#8913),.PCURVE_S1.);
#8901 = CIRCLE('',#8902,4.);
#8902 = AXIS2_PLACEMENT_3D('',#8903,#8904,#8905);
#8903 = CARTESIAN_POINT('',(2.449293598295E-15,40.,-8.));
#8904 = DIRECTION('',(0.,0.,1.));
#8905 = DIRECTION('',(1.,0.,0.));
#8906 = PCURVE('',#8852,#8907);
#8907 = DEFINITIONAL_REPRESENTATION('',(#8908),#8912);
#8908 = LINE('',#8909,#8910);
#8909 = CARTESIAN_POINT('',(-0.,0.));
#8910 = VECTOR('',#8911,1.);
#8911 = DIRECTION('',(-1.,0.));
#8912 = ( GEOMETRIC_REPRESENTATION_CONTEXT(2) 
PARAMETRIC_REPRESENTATION_CONTEXT() REPRESENTATION_CONTEXT('2D SPACE',''
  ) );
#8913 = PCURVE('',#8914,#8919);
#8914 = PLANE('',#8915);
#8915 = AXIS2_PLACEMENT_3D('',#8916,#8917,#8918);
#8916 = CARTESIAN_POINT('',(2.393020231944E-15,40.,-8.));
#8917 = DIRECTION('',(0.,0.,1.));
#8918 = DIRECTION('',(1.,0.,-0.));
#8919 = DEFINITIONAL_REPRESENTATION('',(#8920),#8924);
#8920 = CIRCLE('',#8921,4.);
#8921 = AXIS2_PLACEMENT_2D('',#8922,#8923);
#8922 = CARTESIAN_POINT('',(5.627336635072E-17,-7.105427357601E-15));
#8923 = DIRECTION('',(1.,0.));
#8924 = ( GEOMETRIC_REPRESENTATION_CONTEXT(2) 
PARAMETRIC_REPRESENTATION_CONTEXT() REPRESENTATION_CONTEXT('2D SPACE',''
  ) );
#8925 = ADVANCED_FACE('',(#8926),#8914,.F.);
#8926 = FACE_BOUND('',#8927,.F.);
#8927 = EDGE_LOOP('',(#8928));
#8928 = ORIENTED_EDGE('',*,*,#8899,.T.);
#8929 = ADVANCED_FACE('',(#8930),#8886,.T.);
#8930 = FACE_BOUND('',#8931,.T.);
#8931 = EDGE_LOOP('',(#8932));
#8932 = ORIENTED_EDGE('',*,*,#8871,.T.);
#8933 = ( GEOMETRIC_REPRESENTATION_CONTEXT(3) 
GLOBAL_UNCERTAINTY_ASSIGNED_CONTEXT((#8937)) 
GLOBAL_UNIT_ASSIGNED_CONTEXT((#8934,#8935,#8936)) REPRESENTATION_CONTEXT
('Context #1','3D Context with UNIT and UNCERTAINTY') );
#8934 = ( LENGTH_UNIT() NAMED_UNIT(*) SI_UNIT(.MILLI.,.METRE.) );
#8935 = ( NAMED_UNIT(*) PLANE_ANGLE_UNIT() SI_UNIT($,.RADIAN.) );
#8936 = ( NAMED_UNIT(*) SI_UNIT($,.STERADIAN.) SOLID_ANGLE_UNIT() );
#8937 = UNCERTAINTY_MEASURE_WITH_UNIT(LENGTH_MEASURE(1.E-07),#8934,
  'distance_accuracy_value','confusion accuracy');
#8938 = CONTEXT_DEPENDENT_SHAPE_REPRESENTATION(#8939,#8941);
#8939 = ( REPRESENTATION_RELATIONSHIP('','',#8834,#10) 
REPRESENTATION_RELATIONSHIP_WITH_TRANSFORMATION(#8940) 
SHAPE_REPRESENTATION_RELATIONSHIP() );
#8940 = ITEM_DEFINED_TRANSFORMATION('','',#11,#27);
#8941 = PRODUCT_DEFINITION_SHAPE('Placement','Placement of an item',
  #8942);
#8942 = NEXT_ASSEMBLY_USAGE_OCCURRENCE('15','dowel','',#5,#8829,$);
#8943 = PRODUCT_RELATED_PRODUCT_CATEGORY('part',$,(#8831));
#8944 = SHAPE_DEFINITION_REPRESENTATION(#8945,#8951);
#8945 = PRODUCT_DEFINITION_SHAPE('','',#8946);
#8946 = PRODUCT_DEFINITION('design','',#8947,#8950);
#8947 = PRODUCT_DEFINITION_FORMATION('','',#8948);
#8948 = PRODUCT('bolt_0','bolt_0','',(#8949));
#8949 = PRODUCT_CONTEXT('',#2,'mechanical');
#8950 = PRODUCT_DEFINITION_CONTEXT('part definition',#2,'design');
#8951 = ADVANCED_BREP_SHAPE_REPRESENTATION('',(#11,#8952),#9140);
#8952 = MANIFOLD_SOLID_BREP('',#8953);
#8953 = CLOSED_SHELL('',(#8954,#9042,#9077,#9081,#9136));
#8954 = ADVANCED_FACE('',(#8955),#8969,.T.);
#8955 = FACE_BOUND('',#8956,.F.);
#8956 = EDGE_LOOP('',(#8957,#8987,#9014,#9015));
#8957 = ORIENTED_EDGE('',*,*,#8958,.T.);
#8958 = EDGE_CURVE('',#8959,#8961,#8963,.T.);
#8959 = VERTEX_POINT('',#8960);
#8960 = CARTESIAN_POINT('',(46.5,0.,6.));
#8961 = VERTEX_POINT('',#8962);
#8962 = CARTESIAN_POINT('',(46.5,0.,14.));
#8963 = SEAM_CURVE('',#8964,(#8968,#8980),.PCURVE_S1.);
#8964 = LINE('',#8965,#8966);
#8965 = CARTESIAN_POINT('',(46.5,0.,6.));
#8966 = VECTOR('',#8967,1.);
#8967 = DIRECTION('',(0.,0.,1.));
#8968 = PCURVE('',#8969,#8974);
#8969 = CYLINDRICAL_SURFACE('',#8970,6.5);
#8970 = AXIS2_PLACEMENT_3D('',#8971,#8972,#8973);
#8971 = CARTESIAN_POINT('',(40.,0.,6.));
#8972 = DIRECTION('',(-0.,-0.,-1.));
#8973 = DIRECTION('',(1.,0.,0.));
#8974 = DEFINITIONAL_REPRESENTATION('',(#8975),#8979);
#8975 = LINE('',#8976,#8977);
#8976 = CARTESIAN_POINT('',(-0.,0.));
#8977 = VECTOR('',#8978,1.);
#8978 = DIRECTION('',(-0.,-1.));
#8979 = ( GEOMETRIC_REPRESENTATION_CONTEXT(2) 
PARAMETRIC_REPRESENTATION_CONTEXT() REPRESENTATION_CONTEXT('2D SPACE',''
  ) );
#8980 = PCURVE('',#8969,#8981);
#8981 = DEFINITIONAL_REPRESENTATION('',(#8982),#8986);
#8982 = LINE('',#8983,#8984);
#8983 = CARTESIAN_POINT('',(-6.28318530718,0.));
#8984 = VECTOR('',#8985,1.);
#8985 = DIRECTION('',(-0.,-1.));
#8986 = ( GEOMETRIC_REPRESENTATION_CONTEXT(2) 
PARAMETRIC_REPRESENTATION_CONTEXT() REPRESENTATION_CONTEXT('2D SPACE',''
  ) );
#8987 = ORIENTED_EDGE('',*,*,#8988,.T.);
#8988 = EDGE_CURVE('',#8961,#8961,#8989,.T.);
#8989 = SURFACE_CURVE('',#8990,(#8995,#9002),.PCURVE_S1.);
#8990 = CIRCLE('',#8991,6.5);
#8991 = AXIS2_PLACEMENT_3D('',#8992,#8993,#8994);
#8992 = CARTESIAN_POINT('',(40.,0.,14.));
#8993 = DIRECTION('',(0.,0.,1.));
#8994 = DIRECTION('',(1.,0.,0.));
#8995 = PCURVE('',#8969,#8996);
#8996 = DEFINITIONAL_REPRESENTATION('',(#8997),#9001);
#8997 = LINE('',#8998,#8999);
#8998 = CARTESIAN_POINT('',(-0.,-8.));
#8999 = VECTOR('',#9000,1.);
#9000 = DIRECTION('',(-1.,0.));
#9001 = ( GEOMETRIC_REPRESENTATION_CONTEXT(2) 
PARAMETRIC_REPRESENTATION_CONTEXT() REPRESENTATION_CONTEXT('2D SPACE',''
  ) );
#9002 = PCURVE('',#9003,#9008);
#9003 = PLANE('',#9004);
#9004 = AXIS2_PLACEMENT_3D('',#9005,#9006,#9007);
#9005 = CARTESIAN_POINT('',(40.,5.76161480209E-16,14.));
#9006 = DIRECTION('',(0.,0.,1.));
#9007 = DIRECTION('',(1.,0.,-0.));
#9008 = DEFINITIONAL_REPRESENTATION('',(#9009),#9013);
#9009 = CIRCLE('',#9010,6.5);
#9010 = AXIS2_PLACEMENT_2D('',#9011,#9012);
#9011 = CARTESIAN_POINT('',(7.105427357601E-15,-5.76161480209E-16));
#9012 = DIRECTION('',(1.,0.));
#9013 = ( GEOMETRIC_REPRESENTATION_CONTEXT(2) 
PARAMETRIC_REPRESENTATION_CONTEXT() REPRESENTATION_CONTEXT('2D SPACE',''
  ) );
#9014 = ORIENTED_EDGE('',*,*,#8958,.F.);
#9015 = ORIENTED_EDGE('',*,*,#9016,.F.);
#9016 = EDGE_CURVE('',#8959,#8959,#9017,.T.);
#9017 = SURFACE_CURVE('',#9018,(#9023,#9030),.PCURVE_S1.);
#9018 = CIRCLE('',#9019,6.5);
#9019 = AXIS2_PLACEMENT_3D('',#9020,#9021,#9022);
#9020 = CARTESIAN_POINT('',(40.,0.,6.));
#9021 = DIRECTION('',(0.,0.,1.));
#9022 = DIRECTION('',(1.,0.,0.));
#9023 = PCURVE('',#8969,#9024);
#9024 = DEFINITIONAL_REPRESENTATION('',(#9025),#9029);
#9025 = LINE('',#9026,#9027);
#9026 = CARTESIAN_POINT('',(-0.,0.));
#9027 = VECTOR('',#9028,1.);
#9028 = DIRECTION('',(-1.,0.));
#9029 = ( GEOMETRIC_REPRESENTATION_CONTEXT(2) 
PARAMETRIC_REPRESENTATION_CONTEXT() REPRESENTATION_CONTEXT('2D SPACE',''
  ) );
#9030 = PCURVE('',#9031,#9036);
#9031 = PLANE('',#9032);
#9032 = AXIS2_PLACEMENT_3D('',#9033,#9034,#9035);
#9033 = CARTESIAN_POINT('',(40.,5.76161480209E-16,6.));
#9034 = DIRECTION('',(0.,0.,1.));
#9035 = DIRECTION('',(1.,0.,-0.));
#9036 = DEFINITIONAL_REPRESENTATION('',(#9037),#9041);
#9037 = CIRCLE('',#9038,6.5);
#9038 = AXIS2_PLACEMENT_2D('',#9039,#9040);
#9039 = CARTESIAN_POINT('',(7.105427357601E-15,-5.76161480209E-16));
#9040 = DIRECTION('',(1.,0.));
#9041 = ( GEOMETRIC_REPRESENTATION_CONTEXT(2) 
PARAMETRIC_REPRESENTATION_CONTEXT() REPRESENTATION_CONTEXT('2D SPACE',''
  ) );
#9042 = ADVANCED_FACE('',(#9043,#9046),#9031,.F.);
#9043 = FACE_BOUND('',#9044,.F.);
#9044 = EDGE_LOOP('',(#9045));
#9045 = ORIENTED_EDGE('',*,*,#9016,.T.);
#9046 = FACE_BOUND('',#9047,.F.);
#9047 = EDGE_LOOP('',(#9048));
#9048 = ORIENTED_EDGE('',*,*,#9049,.F.);
#9049 = EDGE_CURVE('',#9050,#9050,#9052,.T.);
#9050 = VERTEX_POINT('',#9051);
#9051 = CARTESIAN_POINT('',(44.,0.,6.));
#9052 = SURFACE_CURVE('',#9053,(#9058,#9065),.PCURVE_S1.);
#9053 = CIRCLE('',#9054,4.);
#9054 = AXIS2_PLACEMENT_3D('',#9055,#9056,#9057);
#9055 = CARTESIAN_POINT('',(40.,0.,6.));
#9056 = DIRECTION('',(0.,0.,1.));
#9057 = DIRECTION('',(1.,0.,0.));
#9058 = PCURVE('',#9031,#9059);
#9059 = DEFINITIONAL_REPRESENTATION('',(#9060),#9064);
#9060 = CIRCLE('',#9061,4.);
#9061 = AXIS2_PLACEMENT_2D('',#9062,#9063);
#9062 = CARTESIAN_POINT('',(7.105427357601E-15,-5.76161480209E-16));
#9063 = DIRECTION('',(1.,0.));
#9064 = ( GEOMETRIC_REPRESENTATION_CONTEXT(2) 
PARAMETRIC_REPRESENTATION_CONTEXT() REPRESENTATION_CONTEXT('2D SPACE',''
  ) );
#9065 = PCURVE('',#9066,#9071);
#9066 = CYLINDRICAL_SURFACE('',#9067,4.);
#9067 = AXIS2_PLACEMENT_3D('',#9068,#9069,#9070);
#9068 = CARTESIAN_POINT('',(40.,0.,-8.));
#9069 = DIRECTION('',(-0.,-0.,-1.));
#9070 = DIRECTION('',(1.,0.,0.));
#9071 = DEFINITIONAL_REPRESENTATION('',(#9072),#9076);
#9072 = LINE('',#9073,#9074);
#9073 = CARTESIAN_POINT('',(-0.,-14.));
#9074 = VECTOR('',#9075,1.);
#9075 = DIRECTION('',(-1.,0.));
#9076 = ( GEOMETRIC_REPRESENTATION_CONTEXT(2) 
PARAMETRIC_REPRESENTATION_CONTEXT() REPRESENTATION_CONTEXT('2D SPACE',''
  ) );
#9077 = ADVANCED_FACE('',(#9078),#9003,.T.);
#9078 = FACE_BOUND('',#9079,.T.);
#9079 = EDGE_LOOP('',(#9080));
#9080 = ORIENTED_EDGE('',*,*,#8988,.T.);
#9081 = ADVANCED_FACE('',(#9082),#9066,.T.);
#9082 = FACE_BOUND('',#9083,.F.);
#9083 = EDGE_LOOP('',(#9084,#9107,#9108,#9109));
#9084 = ORIENTED_EDGE('',*,*,#9085,.T.);
#9085 = EDGE_CURVE('',#9086,#9050,#9088,.T.);
#9086 = VERTEX_POINT('',#9087);
#9087 = CARTESIAN_POINT('',(44.,0.,-8.));
#9088 = SEAM_CURVE('',#9089,(#9093,#9100),.PCURVE_S1.);
#9089 = LINE('',#9090,#9091);
#9090 = CARTESIAN_POINT('',(44.,0.,-8.));
#9091 = VECTOR('',#9092,1.);
#9092 = DIRECTION('',(0.,0.,1.));
#9093 = PCURVE('',#9066,#9094);
#9094 = DEFINITIONAL_REPRESENTATION('',(#9095),#9099);
#9095 = LINE('',#9096,#9097);
#9096 = CARTESIAN_POINT('',(-0.,0.));
#9097 = VECTOR('',#9098,1.);
#9098 = DIRECTION('',(-0.,-1.));
#9099 = ( GEOMETRIC_REPRESENTATION_CONTEXT(2) 
PARAMETRIC_REPRESENTATION_CONTEXT() REPRESENTATION_CONTEXT('2D SPACE',''
  ) );
#9100 = PCURVE('',#9066,#9101);
#9101 = DEFINITIONAL_REPRESENTATION('',(#9102),#9106);
#9102 = LINE('',#9103,#9104);
#9103 = CARTESIAN_POINT('',(-6.28318530718,0.));
#9104 = VECTOR('',#9105,1.);
#9105 = DIRECTION('',(-0.,-1.));
#9106 = ( GEOMETRIC_REPRESENTATION_CONTEXT(2) 
PARAMETRIC_REPRESENTATION_CONTEXT() REPRESENTATION_CONTEXT('2D SPACE',''
  ) );
#9107 = ORIENTED_EDGE('',*,*,#9049,.T.);
#9108 = ORIENTED_EDGE('',*,*,#9085,.F.);
#9109 = ORIENTED_EDGE('',*,*,#9110,.F.);
#9110 = EDGE_CURVE('',#9086,#9086,#9111,.T.);
#9111 = SURFACE_CURVE('',#9112,(#9117,#9124),.PCURVE_S1.);
#9112 = CIRCLE('',#9113,4.);
#9113 = AXIS2_PLACEMENT_3D('',#9114,#9115,#9116);
#9114 = CARTESIAN_POINT('',(40.,0.,-8.));
#9115 = DIRECTION('',(0.,0.,1.));
#9116 = DIRECTION('',(1.,0.,0.));
#9117 = PCURVE('',#9066,#9118);
#9118 = DEFINITIONAL_REPRESENTATION('',(#9119),#9123);
#9119 = LINE('',#9120,#9121);
#9120 = CARTESIAN_POINT('',(-0.,0.));
#9121 = VECTOR('',#9122,1.);
#9122 = DIRECTION('',(-1.,0.));
#9123 = ( GEOMETRIC_REPRESENTATION_CONTEXT(2) 
PARAMETRIC_REPRESENTATION_CONTEXT() REPRESENTATION_CONTEXT('2D SPACE',''
  ) );
#9124 = PCURVE('',#9125,#9130);
#9125 = PLANE('',#9126);
#9126 = AXIS2_PLACEMENT_3D('',#9127,#9128,#9129);
#9127 = CARTESIAN_POINT('',(40.,3.49503809816E-16,-8.));
#9128 = DIRECTION('',(0.,0.,1.));
#9129 = DIRECTION('',(1.,0.,-0.));
#9130 = DEFINITIONAL_REPRESENTATION('',(#9131),#9135);
#9131 = CIRCLE('',#9132,4.);
#9132 = AXIS2_PLACEMENT_2D('',#9133,#9134);
#9133 = CARTESIAN_POINT('',(0.,-3.49503809816E-16));
#9134 = DIRECTION('',(1.,0.));
#9135 = ( GEOMETRIC_REPRESENTATION_CONTEXT(2) 
PARAMETRIC_REPRESENTATION_CONTEXT() REPRESENTATION_CONTEXT('2D SPACE',''
  ) );
#9136 = ADVANCED_FACE('',(#9137),#9125,.F.);
#9137 = FACE_BOUND('',#9138,.F.);
#9138 = EDGE_LOOP('',(#9139));
#9139 = ORIENTED_EDGE('',*,*,#9110,.T.);
#9140 = ( GEOMETRIC_REPRESENTATION_CONTEXT(3) 
GLOBAL_UNCERTAINTY_ASSIGNED_CONTEXT((#9144)) 
GLOBAL_UNIT_ASSIGNED_CONTEXT((#9141,#9142,#9143)) REPRESENTATION_CONTEXT
('Context #1','3D Context with UNIT and UNCERTAINTY') );
#9141 = ( LENGTH_UNIT() NAMED_UNIT(*) SI_UNIT(.MILLI.,.METRE.) );
#9142 = ( NAMED_UNIT(*) PLANE_ANGLE_UNIT() SI_UNIT($,.RADIAN.) );
#9143 = ( NAMED_UNIT(*) SI_UNIT($,.STERADIAN.) SOLID_ANGLE_UNIT() );
#9144 = UNCERTAINTY_MEASURE_WITH_UNIT(LENGTH_MEASURE(1.E-07),#9141,
  'distance_accuracy_value','confusion accuracy');
#9145 = CONTEXT_DEPENDENT_SHAPE_REPRESENTATION(#9146,#9148);
#9146 = ( REPRESENTATION_RELATIONSHIP('','',#8951,#10) 
REPRESENTATION_RELATIONSHIP_WITH_TRANSFORMATION(#9147) 
SHAPE_REPRESENTATION_RELATIONSHIP() );
#9147 = ITEM_DEFINED_TRANSFORMATION('','',#11,#31);
#9148 = PRODUCT_DEFINITION_SHAPE('Placement','Placement of an item',
  #9149);
#9149 = NEXT_ASSEMBLY_USAGE_OCCURRENCE('16','bolt_0','',#5,#8946,$);
#9150 = PRODUCT_RELATED_PRODUCT_CATEGORY('part',$,(#8948));
#9151 = SHAPE_DEFINITION_REPRESENTATION(#9152,#9158);
#9152 = PRODUCT_DEFINITION_SHAPE('','',#9153);
#9153 = PRODUCT_DEFINITION('design','',#9154,#9157);
#9154 = PRODUCT_DEFINITION_FORMATION('','',#9155);
#9155 = PRODUCT('bolt_1','bolt_1','',(#9156));
#9156 = PRODUCT_CONTEXT('',#2,'mechanical');
#9157 = PRODUCT_DEFINITION_CONTEXT('part definition',#2,'design');
#9158 = ADVANCED_BREP_SHAPE_REPRESENTATION('',(#11,#9159),#9347);
#9159 = MANIFOLD_SOLID_BREP('',#9160);
#9160 = CLOSED_SHELL('',(#9161,#9249,#9284,#9288,#9343));
#9161 = ADVANCED_FACE('',(#9162),#9176,.T.);
#9162 = FACE_BOUND('',#9163,.F.);
#9163 = EDGE_LOOP('',(#9164,#9194,#9221,#9222));
#9164 = ORIENTED_EDGE('',*,*,#9165,.T.);
#9165 = EDGE_CURVE('',#9166,#9168,#9170,.T.);
#9166 = VERTEX_POINT('',#9167);
#9167 = CARTESIAN_POINT('',(26.5,34.641016151378,6.));
#9168 = VERTEX_POINT('',#9169);
#9169 = CARTESIAN_POINT('',(26.5,34.641016151378,14.));
#9170 = SEAM_CURVE('',#9171,(#9175,#9187),.PCURVE_S1.);
#9171 = LINE('',#9172,#9173);
#9172 = CARTESIAN_POINT('',(26.5,34.641016151378,6.));
#9173 = VECTOR('',#9174,1.);
#9174 = DIRECTION('',(0.,0.,1.));
#9175 = PCURVE('',#9176,#9181);
#9176 = CYLINDRICAL_SURFACE('',#9177,6.5);
#9177 = AXIS2_PLACEMENT_3D('',#9178,#9179,#9180);
#9178 = CARTESIAN_POINT('',(20.,34.641016151378,6.));
#9179 = DIRECTION('',(-0.,-0.,-1.));
#9180 = DIRECTION('',(1.,0.,0.));
#9181 = DEFINITIONAL_REPRESENTATION('',(#9182),#9186);
#9182 = LINE('',#9183,#9184);
#9183 = CARTESIAN_POINT('',(-0.,0.));
#9184 = VECTOR('',#9185,1.);
#9185 = DIRECTION('',(-0.,-1.));
#9186 = ( GEOMETRIC_REPRESENTATION_CONTEXT(2) 
PARAMETRIC_REPRESENTATION_CONTEXT() REPRESENTATION_CONTEXT('2D SPACE',''
  ) );
#9187 = PCURVE('',#9176,#9188);
#9188 = DEFINITIONAL_REPRESENTATION('',(#9189),#9193);
#9189 = LINE('',#9190,#9191);
#9190 = CARTESIAN_POINT('',(-6.28318530718,0.));
#9191 = VECTOR('',#9192,1.);
#9192 = DIRECTION('',(-0.,-1.));
#9193 = ( GEOMETRIC_REPRESENTATION_CONTEXT(2) 
PARAMETRIC_REPRESENTATION_CONTEXT() REPRESENTATION_CONTEXT('2D SPACE',''
  ) );
#9194 = ORIENTED_EDGE('',*,*,#9195,.T.);
#9195 = EDGE_CURVE('',#9168,#9168,#9196,.T.);
#9196 = SURFACE_CURVE('',#9197,(#9202,#9209),.PCURVE_S1.);
#9197 = CIRCLE('',#9198,6.5);
#9198 = AXIS2_PLACEMENT_3D('',#9199,#9200,#9201);
#9199 = CARTESIAN_POINT('',(20.,34.641016151378,14.));
#9200 = DIRECTION('',(0.,0.,1.));
#9201 = DIRECTION('',(1.,0.,0.));
#9202 = PCURVE('',#9176,#9203);
#9203 = DEFINITIONAL_REPRESENTATION('',(#9204),#9208);
#9204 = LINE('',#9205,#9206);
#9205 = CARTESIAN_POINT('',(-0.,-8.));
#9206 = VECTOR('',#9207,1.);
#9207 = DIRECTION('',(-1.,0.));
#9208 = ( GEOMETRIC_REPRESENTATION_CONTEXT(2) 
PARAMETRIC_REPRESENTATION_CONTEXT() REPRESENTATION_CONTEXT('2D SPACE',''
  ) );
#9209 = PCURVE('',#9210,#9215);
#9210 = PLANE('',#9211);
#9211 = AXIS2_PLACEMENT_3D('',#9212,#9213,#9214);
#9212 = CARTESIAN_POINT('',(20.,34.641016151378,14.));
#9213 = DIRECTION('',(0.,0.,1.));
#9214 = DIRECTION('',(1.,0.,-0.));
#9215 = DEFINITIONAL_REPRESENTATION('',(#9216),#9220);
#9216 = CIRCLE('',#9217,6.5);
#9217 = AXIS2_PLACEMENT_2D('',#9218,#9219);
#9218 = CARTESIAN_POINT('',(3.552713678801E-15,7.105427357601E-15));
#9219 = DIRECTION('',(1.,0.));
#9220 = ( GEOMETRIC_REPRESENTATION_CONTEXT(2) 
PARAMETRIC_REPRESENTATION_CONTEXT() REPRESENTATION_CONTEXT('2D SPACE',''
  ) );
#9221 = ORIENTED_EDGE('',*,*,#9165,.F.);
#9222 = ORIENTED_EDGE('',*,*,#9223,.F.);
#9223 = EDGE_CURVE('',#9166,#9166,#9224,.T.);
#9224 = SURFACE_CURVE('',#9225,(#9230,#9237),.PCURVE_S1.);
#9225 = CIRCLE('',#9226,6.5);
#9226 = AXIS2_PLACEMENT_3D('',#9227,#9228,#9229);
#9227 = CARTESIAN_POINT('',(20.,34.641016151378,6.));
#9228 = DIRECTION('',(0.,0.,1.));
#9229 = DIRECTION('',(1.,0.,0.));
#9230 = PCURVE('',#9176,#9231);
#9231 = DEFINITIONAL_REPRESENTATION('',(#9232),#9236);
#9232 = LINE('',#9233,#9234);
#9233 = CARTESIAN_POINT('',(-0.,0.));
#9234 = VECTOR('',#9235,1.);
#9235 = DIRECTION('',(-1.,0.));
#9236 = ( GEOMETRIC_REPRESENTATION_CONTEXT(2) 
PARAMETRIC_REPRESENTATION_CONTEXT() REPRESENTATION_CONTEXT('2D SPACE',''
  ) );
#9237 = PCURVE('',#9238,#9243);
#9238 = PLANE('',#9239);
#9239 = AXIS2_PLACEMENT_3D('',#9240,#9241,#9242);
#9240 = CARTESIAN_POINT('',(20.,34.641016151378,6.));
#9241 = DIRECTION('',(0.,0.,1.));
#9242 = DIRECTION('',(1.,0.,-0.));
#9243 = DEFINITIONAL_REPRESENTATION('',(#9244),#9248);
#9244 = CIRCLE('',#9245,6.5);
#9245 = AXIS2_PLACEMENT_2D('',#9246,#9247);
#9246 = CARTESIAN_POINT('',(3.552713678801E-15,7.105427357601E-15));
#9247 = DIRECTION('',(1.,0.));
#9248 = ( GEOMETRIC_REPRESENTATION_CONTEXT(2) 
PARAMETRIC_REPRESENTATION_CONTEXT() REPRESENTATION_CONTEXT('2D SPACE',''
  ) );
#9249 = ADVANCED_FACE('',(#9250,#9253),#9238,.F.);
#9250 = FACE_BOUND('',#9251,.F.);
#9251 = EDGE_LOOP('',(#9252));
#9252 = ORIENTED_EDGE('',*,*,#9223,.T.);
#9253 = FACE_BOUND('',#9254,.F.);
#9254 = EDGE_LOOP('',(#9255));
#9255 = ORIENTED_EDGE('',*,*,#9256,.F.);
#9256 = EDGE_CURVE('',#9257,#9257,#9259,.T.);
#9257 = VERTEX_POINT('',#9258);
#9258 = CARTESIAN_POINT('',(24.,34.641016151378,6.));
#9259 = SURFACE_CURVE('',#9260,(#9265,#9272),.PCURVE_S1.);
#9260 = CIRCLE('',#9261,4.);
#9261 = AXIS2_PLACEMENT_3D('',#9262,#9263,#9264);
#9262 = CARTESIAN_POINT('',(20.,34.641016151378,6.));
#9263 = DIRECTION('',(0.,0.,1.));
#9264 = DIRECTION('',(1.,0.,0.));
#9265 = PCURVE('',#9238,#9266);
#9266 = DEFINITIONAL_REPRESENTATION('',(#9267),#9271);
#9267 = CIRCLE('',#9268,4.);
#9268 = AXIS2_PLACEMENT_2D('',#9269,#9270);
#9269 = CARTESIAN_POINT('',(3.552713678801E-15,7.105427357601E-15));
#9270 = DIRECTION('',(1.,0.));
#9271 = ( GEOMETRIC_REPRESENTATION_CONTEXT(2) 
PARAMETRIC_REPRESENTATION_CONTEXT() REPRESENTATION_CONTEXT('2D SPACE',''
  ) );
#9272 = PCURVE('',#9273,#9278);
#9273 = CYLINDRICAL_SURFACE('',#9274,4.);
#9274 = AXIS2_PLACEMENT_3D('',#9275,#9276,#9277);
#9275 = CARTESIAN_POINT('',(20.,34.641016151378,-8.));
#9276 = DIRECTION('',(-0.,-0.,-1.));
#9277 = DIRECTION('',(1.,0.,0.));
#9278 = DEFINITIONAL_REPRESENTATION('',(#9279),#9283);
#9279 = LINE('',#9280,#9281);
#9280 = CARTESIAN_POINT('',(-0.,-14.));
#9281 = VECTOR('',#9282,1.);
#9282 = DIRECTION('',(-1.,0.));
#9283 = ( GEOMETRIC_REPRESENTATION_CONTEXT(2) 
PARAMETRIC_REPRESENTATION_CONTEXT() REPRESENTATION_CONTEXT('2D SPACE',''
  ) );
#9284 = ADVANCED_FACE('',(#9285),#9210,.T.);
#9285 = FACE_BOUND('',#9286,.T.);
#9286 = EDGE_LOOP('',(#9287));
#9287 = ORIENTED_EDGE('',*,*,#9195,.T.);
#9288 = ADVANCED_FACE('',(#9289),#9273,.T.);
#9289 = FACE_BOUND('',#9290,.F.);
#9290 = EDGE_LOOP('',(#9291,#9314,#9315,#9316));
#9291 = ORIENTED_EDGE('',*,*,#9292,.T.);
#9292 = EDGE_CURVE('',#9293,#9257,#9295,.T.);
#9293 = VERTEX_POINT('',#9294);
#9294 = CARTESIAN_POINT('',(24.,34.641016151378,-8.));
#9295 = SEAM_CURVE('',#9296,(#9300,#9307),.PCURVE_S1.);
#9296 = LINE('',#9297,#9298);
#9297 = CARTESIAN_POINT('',(24.,34.641016151378,-8.));
#9298 = VECTOR('',#9299,1.);
#9299 = DIRECTION('',(0.,0.,1.));
#9300 = PCURVE('',#9273,#9301);
#9301 = DEFINITIONAL_REPRESENTATION('',(#9302),#9306);
#9302 = LINE('',#9303,#9304);
#9303 = CARTESIAN_POINT('',(-0.,0.));
#9304 = VECTOR('',#9305,1.);
#9305 = DIRECTION('',(-0.,-1.));
#9306 = ( GEOMETRIC_REPRESENTATION_CONTEXT(2) 
PARAMETRIC_REPRESENTATION_CONTEXT() REPRESENTATION_CONTEXT('2D SPACE',''
  ) );
#9307 = PCURVE('',#9273,#9308);
#9308 = DEFINITIONAL_REPRESENTATION('',(#9309),#9313);
#9309 = LINE('',#9310,#9311);
#9310 = CARTESIAN_POINT('',(-6.28318530718,0.));
#9311 = VECTOR('',#9312,1.);
#9312 = DIRECTION('',(-0.,-1.));
#9313 = ( GEOMETRIC_REPRESENTATION_CONTEXT(2) 
PARAMETRIC_REPRESENTATION_CONTEXT() REPRESENTATION_CONTEXT('2D SPACE',''
  ) );
#9314 = ORIENTED_EDGE('',*,*,#9256,.T.);
#9315 = ORIENTED_EDGE('',*,*,#9292,.F.);
#9316 = ORIENTED_EDGE('',*,*,#9317,.F.);
#9317 = EDGE_CURVE('',#9293,#9293,#9318,.T.);
#9318 = SURFACE_CURVE('',#9319,(#9324,#9331),.PCURVE_S1.);
#9319 = CIRCLE('',#9320,4.);
#9320 = AXIS2_PLACEMENT_3D('',#9321,#9322,#9323);
#9321 = CARTESIAN_POINT('',(20.,34.641016151378,-8.));
#9322 = DIRECTION('',(0.,0.,1.));
#9323 = DIRECTION('',(1.,0.,0.));
#9324 = PCURVE('',#9273,#9325);
#9325 = DEFINITIONAL_REPRESENTATION('',(#9326),#9330);
#9326 = LINE('',#9327,#9328);
#9327 = CARTESIAN_POINT('',(-0.,0.));
#9328 = VECTOR('',#9329,1.);
#9329 = DIRECTION('',(-1.,0.));
#9330 = ( GEOMETRIC_REPRESENTATION_CONTEXT(2) 
PARAMETRIC_REPRESENTATION_CONTEXT() REPRESENTATION_CONTEXT('2D SPACE',''
  ) );
#9331 = PCURVE('',#9332,#9337);
#9332 = PLANE('',#9333);
#9333 = AXIS2_PLACEMENT_3D('',#9334,#9335,#9336);
#9334 = CARTESIAN_POINT('',(20.,34.641016151378,-8.));
#9335 = DIRECTION('',(0.,0.,1.));
#9336 = DIRECTION('',(1.,0.,-0.));
#9337 = DEFINITIONAL_REPRESENTATION('',(#9338),#9342);
#9338 = CIRCLE('',#9339,4.);
#9339 = AXIS2_PLACEMENT_2D('',#9340,#9341);
#9340 = CARTESIAN_POINT('',(3.552713678801E-15,0.));
#9341 = DIRECTION('',(1.,0.));
#9342 = ( GEOMETRIC_REPRESENTATION_CONTEXT(2) 
PARAMETRIC_REPRESENTATION_CONTEXT() REPRESENTATION_CONTEXT('2D SPACE',''
  ) );
#9343 = ADVANCED_FACE('',(#9344),#9332,.F.);
#9344 = FACE_BOUND('',#9345,.F.);
#9345 = EDGE_LOOP('',(#9346));
#9346 = ORIENTED_EDGE('',*,*,#9317,.T.);
#9347 = ( GEOMETRIC_REPRESENTATION_CONTEXT(3) 
GLOBAL_UNCERTAINTY_ASSIGNED_CONTEXT((#9351)) 
GLOBAL_UNIT_ASSIGNED_CONTEXT((#9348,#9349,#9350)) REPRESENTATION_CONTEXT
('Context #1','3D Context with UNIT and UNCERTAINTY') );
#9348 = ( LENGTH_UNIT() NAMED_UNIT(*) SI_UNIT(.MILLI.,.METRE.) );
#9349 = ( NAMED_UNIT(*) PLANE_ANGLE_UNIT() SI_UNIT($,.RADIAN.) );
#9350 = ( NAMED_UNIT(*) SI_UNIT($,.STERADIAN.) SOLID_ANGLE_UNIT() );
#9351 = UNCERTAINTY_MEASURE_WITH_UNIT(LENGTH_MEASURE(1.E-07),#9348,
  'distance_accuracy_value','confusion accuracy');
#9352 = CONTEXT_DEPENDENT_SHAPE_REPRESENTATION(#9353,#9355);
#9353 = ( REPRESENTATION_RELATIONSHIP('','',#9158,#10) 
REPRESENTATION_RELATIONSHIP_WITH_TRANSFORMATION(#9354) 
SHAPE_REPRESENTATION_RELATIONSHIP() );
#9354 = ITEM_DEFINED_TRANSFORMATION('','',#11,#35);
#9355 = PRODUCT_DEFINITION_SHAPE('Placement','Placement of an item',
  #9356);
#9356 = NEXT_ASSEMBLY_USAGE_OCCURRENCE('17','bolt_1','',#5,#9153,$);
#9357 = PRODUCT_RELATED_PRODUCT_CATEGORY('part',$,(#9155));
#9358 = SHAPE_DEFINITION_REPRESENTATION(#9359,#9365);
#9359 = PRODUCT_DEFINITION_SHAPE('','',#9360);
#9360 = PRODUCT_DEFINITION('design','',#9361,#9364);
#9361 = PRODUCT_DEFINITION_FORMATION('','',#9362);
#9362 = PRODUCT('bolt_2','bolt_2','',(#9363));
#9363 = PRODUCT_CONTEXT('',#2,'mechanical');
#9364 = PRODUCT_DEFINITION_CONTEXT('part definition',#2,'design');
#9365 = ADVANCED_BREP_SHAPE_REPRESENTATION('',(#11,#9366),#9554);
#9366 = MANIFOLD_SOLID_BREP('',#9367);
#9367 = CLOSED_SHELL('',(#9368,#9456,#9491,#9495,#9550));
#9368 = ADVANCED_FACE('',(#9369),#9383,.T.);
#9369 = FACE_BOUND('',#9370,.F.);
#9370 = EDGE_LOOP('',(#9371,#9401,#9428,#9429));
#9371 = ORIENTED_EDGE('',*,*,#9372,.T.);
#9372 = EDGE_CURVE('',#9373,#9375,#9377,.T.);
#9373 = VERTEX_POINT('',#9374);
#9374 = CARTESIAN_POINT('',(-13.5,34.641016151378,6.));
#9375 = VERTEX_POINT('',#9376);
#9376 = CARTESIAN_POINT('',(-13.5,34.641016151378,14.));
#9377 = SEAM_CURVE('',#9378,(#9382,#9394),.PCURVE_S1.);
#9378 = LINE('',#9379,#9380);
#9379 = CARTESIAN_POINT('',(-13.5,34.641016151378,6.));
#9380 = VECTOR('',#9381,1.);
#9381 = DIRECTION('',(0.,0.,1.));
#9382 = PCURVE('',#9383,#9388);
#9383 = CYLINDRICAL_SURFACE('',#9384,6.5);
#9384 = AXIS2_PLACEMENT_3D('',#9385,#9386,#9387);
#9385 = CARTESIAN_POINT('',(-20.,34.641016151378,6.));
#9386 = DIRECTION('',(-0.,-0.,-1.));
#9387 = DIRECTION('',(1.,0.,0.));
#9388 = DEFINITIONAL_REPRESENTATION('',(#9389),#9393);
#9389 = LINE('',#9390,#9391);
#9390 = CARTESIAN_POINT('',(-0.,0.));
#9391 = VECTOR('',#9392,1.);
#9392 = DIRECTION('',(-0.,-1.));
#9393 = ( GEOMETRIC_REPRESENTATION_CONTEXT(2) 
PARAMETRIC_REPRESENTATION_CONTEXT() REPRESENTATION_CONTEXT('2D SPACE',''
  ) );
#9394 = PCURVE('',#9383,#9395);
#9395 = DEFINITIONAL_REPRESENTATION('',(#9396),#9400);
#9396 = LINE('',#9397,#9398);
#9397 = CARTESIAN_POINT('',(-6.28318530718,0.));
#9398 = VECTOR('',#9399,1.);
#9399 = DIRECTION('',(-0.,-1.));
#9400 = ( GEOMETRIC_REPRESENTATION_CONTEXT(2) 
PARAMETRIC_REPRESENTATION_CONTEXT() REPRESENTATION_CONTEXT('2D SPACE',''
  ) );
#9401 = ORIENTED_EDGE('',*,*,#9402,.T.);
#9402 = EDGE_CURVE('',#9375,#9375,#9403,.T.);
#9403 = SURFACE_CURVE('',#9404,(#9409,#9416),.PCURVE_S1.);
#9404 = CIRCLE('',#9405,6.5);
#9405 = AXIS2_PLACEMENT_3D('',#9406,#9407,#9408);
#9406 = CARTESIAN_POINT('',(-20.,34.641016151378,14.));
#9407 = DIRECTION('',(0.,0.,1.));
#9408 = DIRECTION('',(1.,0.,0.));
#9409 = PCURVE('',#9383,#9410);
#9410 = DEFINITIONAL_REPRESENTATION('',(#9411),#9415);
#9411 = LINE('',#9412,#9413);
#9412 = CARTESIAN_POINT('',(-0.,-8.));
#9413 = VECTOR('',#9414,1.);
#9414 = DIRECTION('',(-1.,0.));
#9415 = ( GEOMETRIC_REPRESENTATION_CONTEXT(2) 
PARAMETRIC_REPRESENTATION_CONTEXT() REPRESENTATION_CONTEXT('2D SPACE',''
  ) );
#9416 = PCURVE('',#9417,#9422);
#9417 = PLANE('',#9418);
#9418 = AXIS2_PLACEMENT_3D('',#9419,#9420,#9421);
#9419 = CARTESIAN_POINT('',(-20.,34.641016151378,14.));
#9420 = DIRECTION('',(0.,0.,1.));
#9421 = DIRECTION('',(1.,0.,-0.));
#9422 = DEFINITIONAL_REPRESENTATION('',(#9423),#9427);
#9423 = CIRCLE('',#9424,6.5);
#9424 = AXIS2_PLACEMENT_2D('',#9425,#9426);
#9425 = CARTESIAN_POINT('',(0.,7.105427357601E-15));
#9426 = DIRECTION('',(1.,0.));
#9427 = ( GEOMETRIC_REPRESENTATION_CONTEXT(2) 
PARAMETRIC_REPRESENTATION_CONTEXT() REPRESENTATION_CONTEXT('2D SPACE',''
  ) );
#9428 = ORIENTED_EDGE('',*,*,#9372,.F.);
#9429 = ORIENTED_EDGE('',*,*,#9430,.F.);
#9430 = EDGE_CURVE('',#9373,#9373,#9431,.T.);
#9431 = SURFACE_CURVE('',#9432,(#9437,#9444),.PCURVE_S1.);
#9432 = CIRCLE('',#9433,6.5);
#9433 = AXIS2_PLACEMENT_3D('',#9434,#9435,#9436);
#9434 = CARTESIAN_POINT('',(-20.,34.641016151378,6.));
#9435 = DIRECTION('',(0.,0.,1.));
#9436 = DIRECTION('',(1.,0.,0.));
#9437 = PCURVE('',#9383,#9438);
#9438 = DEFINITIONAL_REPRESENTATION('',(#9439),#9443);
#9439 = LINE('',#9440,#9441);
#9440 = CARTESIAN_POINT('',(-0.,0.));
#9441 = VECTOR('',#9442,1.);
#9442 = DIRECTION('',(-1.,0.));
#9443 = ( GEOMETRIC_REPRESENTATION_CONTEXT(2) 
PARAMETRIC_REPRESENTATION_CONTEXT() REPRESENTATION_CONTEXT('2D SPACE',''
  ) );
#9444 = PCURVE('',#9445,#9450);
#9445 = PLANE('',#9446);
#9446 = AXIS2_PLACEMENT_3D('',#9447,#9448,#9449);
#9447 = CARTESIAN_POINT('',(-20.,34.641016151378,6.));
#9448 = DIRECTION('',(0.,0.,1.));
#9449 = DIRECTION('',(1.,0.,-0.));
#9450 = DEFINITIONAL_REPRESENTATION('',(#9451),#9455);
#9451 = CIRCLE('',#9452,6.5);
#9452 = AXIS2_PLACEMENT_2D('',#9453,#9454);
#9453 = CARTESIAN_POINT('',(0.,7.105427357601E-15));
#9454 = DIRECTION('',(1.,0.));
#9455 = ( GEOMETRIC_REPRESENTATION_CONTEXT(2) 
PARAMETRIC_REPRESENTATION_CONTEXT() REPRESENTATION_CONTEXT('2D SPACE',''
  ) );
#9456 = ADVANCED_FACE('',(#9457,#9460),#9445,.F.);
#9457 = FACE_BOUND('',#9458,.F.);
#9458 = EDGE_LOOP('',(#9459));
#9459 = ORIENTED_EDGE('',*,*,#9430,.T.);
#9460 = FACE_BOUND('',#9461,.F.);
#9461 = EDGE_LOOP('',(#9462));
#9462 = ORIENTED_EDGE('',*,*,#9463,.F.);
#9463 = EDGE_CURVE('',#9464,#9464,#9466,.T.);
#9464 = VERTEX_POINT('',#9465);
#9465 = CARTESIAN_POINT('',(-16.,34.641016151378,6.));
#9466 = SURFACE_CURVE('',#9467,(#9472,#9479),.PCURVE_S1.);
#9467 = CIRCLE('',#9468,4.);
#9468 = AXIS2_PLACEMENT_3D('',#9469,#9470,#9471);
#9469 = CARTESIAN_POINT('',(-20.,34.641016151378,6.));
#9470 = DIRECTION('',(0.,0.,1.));
#9471 = DIRECTION('',(1.,0.,0.));
#9472 = PCURVE('',#9445,#9473);
#9473 = DEFINITIONAL_REPRESENTATION('',(#9474),#9478);
#9474 = CIRCLE('',#9475,4.);
#9475 = AXIS2_PLACEMENT_2D('',#9476,#9477);
#9476 = CARTESIAN_POINT('',(0.,7.105427357601E-15));
#9477 = DIRECTION('',(1.,0.));
#9478 = ( GEOMETRIC_REPRESENTATION_CONTEXT(2) 
PARAMETRIC_REPRESENTATION_CONTEXT() REPRESENTATION_CONTEXT('2D SPACE',''
  ) );
#9479 = PCURVE('',#9480,#9485);
#9480 = CYLINDRICAL_SURFACE('',#9481,4.);
#9481 = AXIS2_PLACEMENT_3D('',#9482,#9483,#9484);
#9482 = CARTESIAN_POINT('',(-20.,34.641016151378,-8.));
#9483 = DIRECTION('',(-0.,-0.,-1.));
#9484 = DIRECTION('',(1.,0.,0.));
#9485 = DEFINITIONAL_REPRESENTATION('',(#9486),#9490);
#9486 = LINE('',#9487,#9488);
#9487 = CARTESIAN_POINT('',(-0.,-14.));
#9488 = VECTOR('',#9489,1.);
#9489 = DIRECTION('',(-1.,0.));
#9490 = ( GEOMETRIC_REPRESENTATION_CONTEXT(2) 
PARAMETRIC_REPRESENTATION_CONTEXT() REPRESENTATION_CONTEXT('2D SPACE',''
  ) );
#9491 = ADVANCED_FACE('',(#9492),#9417,.T.);
#9492 = FACE_BOUND('',#9493,.T.);
#9493 = EDGE_LOOP('',(#9494));
#9494 = ORIENTED_EDGE('',*,*,#9402,.T.);
#9495 = ADVANCED_FACE('',(#9496),#9480,.T.);
#9496 = FACE_BOUND('',#9497,.F.);
#9497 = EDGE_LOOP('',(#9498,#9521,#9522,#9523));
#9498 = ORIENTED_EDGE('',*,*,#9499,.T.);
#9499 = EDGE_CURVE('',#9500,#9464,#9502,.T.);
#9500 = VERTEX_POINT('',#9501);
#9501 = CARTESIAN_POINT('',(-16.,34.641016151378,-8.));
#9502 = SEAM_CURVE('',#9503,(#9507,#9514),.PCURVE_S1.);
#9503 = LINE('',#9504,#9505);
#9504 = CARTESIAN_POINT('',(-16.,34.641016151378,-8.));
#9505 = VECTOR('',#9506,1.);
#9506 = DIRECTION('',(0.,0.,1.));
#9507 = PCURVE('',#9480,#9508);
#9508 = DEFINITIONAL_REPRESENTATION('',(#9509),#9513);
#9509 = LINE('',#9510,#9511);
#9510 = CARTESIAN_POINT('',(-0.,0.));
#9511 = VECTOR('',#9512,1.);
#9512 = DIRECTION('',(-0.,-1.));
#9513 = ( GEOMETRIC_REPRESENTATION_CONTEXT(2) 
PARAMETRIC_REPRESENTATION_CONTEXT() REPRESENTATION_CONTEXT('2D SPACE',''
  ) );
#9514 = PCURVE('',#9480,#9515);
#9515 = DEFINITIONAL_REPRESENTATION('',(#9516),#9520);
#9516 = LINE('',#9517,#9518);
#9517 = CARTESIAN_POINT('',(-6.28318530718,0.));
#9518 = VECTOR('',#9519,1.);
#9519 = DIRECTION('',(-0.,-1.));
#9520 = ( GEOMETRIC_REPRESENTATION_CONTEXT(2) 
PARAMETRIC_REPRESENTATION_CONTEXT() REPRESENTATION_CONTEXT('2D SPACE',''
  ) );
#9521 = ORIENTED_EDGE('',*,*,#9463,.T.);
#9522 = ORIENTED_EDGE('',*,*,#9499,.F.);
#9523 = ORIENTED_EDGE('',*,*,#9524,.F.);
#9524 = EDGE_CURVE('',#9500,#9500,#9525,.T.);
#9525 = SURFACE_CURVE('',#9526,(#9531,#9538),.PCURVE_S1.);
#9526 = CIRCLE('',#9527,4.);
#9527 = AXIS2_PLACEMENT_3D('',#9528,#9529,#9530);
#9528 = CARTESIAN_POINT('',(-20.,34.641016151378,-8.));
#9529 = DIRECTION('',(0.,0.,1.));
#9530 = DIRECTION('',(1.,0.,0.));
#9531 = PCURVE('',#9480,#9532);
#9532 = DEFINITIONAL_REPRESENTATION('',(#9533),#9537);
#9533 = LINE('',#9534,#9535);
#9534 = CARTESIAN_POINT('',(-0.,0.));
#9535 = VECTOR('',#9536,1.);
#9536 = DIRECTION('',(-1.,0.));
#9537 = ( GEOMETRIC_REPRESENTATION_CONTEXT(2) 
PARAMETRIC_REPRESENTATION_CONTEXT() REPRESENTATION_CONTEXT('2D SPACE',''
  ) );
#9538 = PCURVE('',#9539,#9544);
#9539 = PLANE('',#9540);
#9540 = AXIS2_PLACEMENT_3D('',#9541,#9542,#9543);
#9541 = CARTESIAN_POINT('',(-20.,34.641016151378,-8.));
#9542 = DIRECTION('',(0.,0.,1.));
#9543 = DIRECTION('',(1.,0.,-0.));
#9544 = DEFINITIONAL_REPRESENTATION('',(#9545),#9549);
#9545 = CIRCLE('',#9546,4.);
#9546 = AXIS2_PLACEMENT_2D('',#9547,#9548);
#9547 = CARTESIAN_POINT('',(3.552713678801E-15,-7.105427357601E-15));
#9548 = DIRECTION('',(1.,0.));
#9549 = ( GEOMETRIC_REPRESENTATION_CONTEXT(2) 
PARAMETRIC_REPRESENTATION_CONTEXT() REPRESENTATION_CONTEXT('2D SPACE',''
  ) );
#9550 = ADVANCED_FACE('',(#9551),#9539,.F.);
#9551 = FACE_BOUND('',#9552,.F.);
#9552 = EDGE_LOOP('',(#9553));
#9553 = ORIENTED_EDGE('',*,*,#9524,.T.);
#9554 = ( GEOMETRIC_REPRESENTATION_CONTEXT(3) 
GLOBAL_UNCERTAINTY_ASSIGNED_CONTEXT((#9558)) 
GLOBAL_UNIT_ASSIGNED_CONTEXT((#9555,#9556,#9557)) REPRESENTATION_CONTEXT
('Context #1','3D Context with UNIT and UNCERTAINTY') );
#9555 = ( LENGTH_UNIT() NAMED_UNIT(*) SI_UNIT(.MILLI.,.METRE.) );
#9556 = ( NAMED_UNIT(*) PLANE_ANGLE_UNIT() SI_UNIT($,.RADIAN.) );
#9557 = ( NAMED_UNIT(*) SI_UNIT($,.STERADIAN.) SOLID_ANGLE_UNIT() );
#9558 = UNCERTAINTY_MEASURE_WITH_UNIT(LENGTH_MEASURE(1.E-07),#9555,
  'distance_accuracy_value','confusion accuracy');
#9559 = CONTEXT_DEPENDENT_SHAPE_REPRESENTATION(#9560,#9562);
#9560 = ( REPRESENTATION_RELATIONSHIP('','',#9365,#10) 
REPRESENTATION_RELATIONSHIP_WITH_TRANSFORMATION(#9561) 
SHAPE_REPRESENTATION_RELATIONSHIP() );
#9561 = ITEM_DEFINED_TRANSFORMATION('','',#11,#39);
#9562 = PRODUCT_DEFINITION_SHAPE('Placement','Placement of an item',
  #9563);
#9563 = NEXT_ASSEMBLY_USAGE_OCCURRENCE('18','bolt_2','',#5,#9360,$);
#9564 = PRODUCT_RELATED_PRODUCT_CATEGORY('part',$,(#9362));
#9565 = SHAPE_DEFINITION_REPRESENTATION(#9566,#9572);
#9566 = PRODUCT_DEFINITION_SHAPE('','',#9567);
#9567 = PRODUCT_DEFINITION('design','',#9568,#9571);
#9568 = PRODUCT_DEFINITION_FORMATION('','',#9569);
#9569 = PRODUCT('bolt_3','bolt_3','',(#9570));
#9570 = PRODUCT_CONTEXT('',#2,'mechanical');
#9571 = PRODUCT_DEFINITION_CONTEXT('part definition',#2,'design');
#9572 = ADVANCED_BREP_SHAPE_REPRESENTATION('',(#11,#9573),#9761);
#9573 = MANIFOLD_SOLID_BREP('',#9574);
#9574 = CLOSED_SHELL('',(#9575,#9663,#9698,#9702,#9757));
#9575 = ADVANCED_FACE('',(#9576),#9590,.T.);
#9576 = FACE_BOUND('',#9577,.F.);
#9577 = EDGE_LOOP('',(#9578,#9608,#9635,#9636));
#9578 = ORIENTED_EDGE('',*,*,#9579,.T.);
#9579 = EDGE_CURVE('',#9580,#9582,#9584,.T.);
#9580 = VERTEX_POINT('',#9581);
#9581 = CARTESIAN_POINT('',(-33.5,4.898587196589E-15,6.));
#9582 = VERTEX_POINT('',#9583);
#9583 = CARTESIAN_POINT('',(-33.5,4.898587196589E-15,14.));
#9584 = SEAM_CURVE('',#9585,(#9589,#9601),.PCURVE_S1.);
#9585 = LINE('',#9586,#9587);
#9586 = CARTESIAN_POINT('',(-33.5,4.898587196589E-15,6.));
#9587 = VECTOR('',#9588,1.);
#9588 = DIRECTION('',(0.,0.,1.));
#9589 = PCURVE('',#9590,#9595);
#9590 = CYLINDRICAL_SURFACE('',#9591,6.5);
#9591 = AXIS2_PLACEMENT_3D('',#9592,#9593,#9594);
#9592 = CARTESIAN_POINT('',(-40.,4.898587196589E-15,6.));
#9593 = DIRECTION('',(-0.,-0.,-1.));
#9594 = DIRECTION('',(1.,0.,0.));
#9595 = DEFINITIONAL_REPRESENTATION('',(#9596),#9600);
#9596 = LINE('',#9597,#9598);
#9597 = CARTESIAN_POINT('',(-0.,0.));
#9598 = VECTOR('',#9599,1.);
#9599 = DIRECTION('',(-0.,-1.));
#9600 = ( GEOMETRIC_REPRESENTATION_CONTEXT(2) 
PARAMETRIC_REPRESENTATION_CONTEXT() REPRESENTATION_CONTEXT('2D SPACE',''
  ) );
#9601 = PCURVE('',#9590,#9602);
#9602 = DEFINITIONAL_REPRESENTATION('',(#9603),#9607);
#9603 = LINE('',#9604,#9605);
#9604 = CARTESIAN_POINT('',(-6.28318530718,0.));
#9605 = VECTOR('',#9606,1.);
#9606 = DIRECTION('',(-0.,-1.));
#9607 = ( GEOMETRIC_REPRESENTATION_CONTEXT(2) 
PARAMETRIC_REPRESENTATION_CONTEXT() REPRESENTATION_CONTEXT('2D SPACE',''
  ) );
#9608 = ORIENTED_EDGE('',*,*,#9609,.T.);
#9609 = EDGE_CURVE('',#9582,#9582,#9610,.T.);
#9610 = SURFACE_CURVE('',#9611,(#9616,#9623),.PCURVE_S1.);
#9611 = CIRCLE('',#9612,6.5);
#9612 = AXIS2_PLACEMENT_3D('',#9613,#9614,#9615);
#9613 = CARTESIAN_POINT('',(-40.,4.898587196589E-15,14.));
#9614 = DIRECTION('',(0.,0.,1.));
#9615 = DIRECTION('',(1.,0.,0.));
#9616 = PCURVE('',#9590,#9617);
#9617 = DEFINITIONAL_REPRESENTATION('',(#9618),#9622);
#9618 = LINE('',#9619,#9620);
#9619 = CARTESIAN_POINT('',(-0.,-8.));
#9620 = VECTOR('',#9621,1.);
#9621 = DIRECTION('',(-1.,0.));
#9622 = ( GEOMETRIC_REPRESENTATION_CONTEXT(2) 
PARAMETRIC_REPRESENTATION_CONTEXT() REPRESENTATION_CONTEXT('2D SPACE',''
  ) );
#9623 = PCURVE('',#9624,#9629);
#9624 = PLANE('',#9625);
#9625 = AXIS2_PLACEMENT_3D('',#9626,#9627,#9628);
#9626 = CARTESIAN_POINT('',(-40.,5.810476184768E-15,14.));
#9627 = DIRECTION('',(0.,0.,1.));
#9628 = DIRECTION('',(1.,0.,-0.));
#9629 = DEFINITIONAL_REPRESENTATION('',(#9630),#9634);
#9630 = CIRCLE('',#9631,6.5);
#9631 = AXIS2_PLACEMENT_2D('',#9632,#9633);
#9632 = CARTESIAN_POINT('',(-1.42108547152E-14,-9.118889881785E-16));
#9633 = DIRECTION('',(1.,0.));
#9634 = ( GEOMETRIC_REPRESENTATION_CONTEXT(2) 
PARAMETRIC_REPRESENTATION_CONTEXT() REPRESENTATION_CONTEXT('2D SPACE',''
  ) );
#9635 = ORIENTED_EDGE('',*,*,#9579,.F.);
#9636 = ORIENTED_EDGE('',*,*,#9637,.F.);
#9637 = EDGE_CURVE('',#9580,#9580,#9638,.T.);
#9638 = SURFACE_CURVE('',#9639,(#9644,#9651),.PCURVE_S1.);
#9639 = CIRCLE('',#9640,6.5);
#9640 = AXIS2_PLACEMENT_3D('',#9641,#9642,#9643);
#9641 = CARTESIAN_POINT('',(-40.,4.898587196589E-15,6.));
#9642 = DIRECTION('',(0.,0.,1.));
#9643 = DIRECTION('',(1.,0.,0.));
#9644 = PCURVE('',#9590,#9645);
#9645 = DEFINITIONAL_REPRESENTATION('',(#9646),#9650);
#9646 = LINE('',#9647,#9648);
#9647 = CARTESIAN_POINT('',(-0.,0.));
#9648 = VECTOR('',#9649,1.);
#9649 = DIRECTION('',(-1.,0.));
#9650 = ( GEOMETRIC_REPRESENTATION_CONTEXT(2) 
PARAMETRIC_REPRESENTATION_CONTEXT() REPRESENTATION_CONTEXT('2D SPACE',''
  ) );
#9651 = PCURVE('',#9652,#9657);
#9652 = PLANE('',#9653);
#9653 = AXIS2_PLACEMENT_3D('',#9654,#9655,#9656);
#9654 = CARTESIAN_POINT('',(-40.,5.810476184768E-15,6.));
#9655 = DIRECTION('',(0.,0.,1.));
#9656 = DIRECTION('',(1.,0.,-0.));
#9657 = DEFINITIONAL_REPRESENTATION('',(#9658),#9662);
#9658 = CIRCLE('',#9659,6.5);
#9659 = AXIS2_PLACEMENT_2D('',#9660,#9661);
#9660 = CARTESIAN_POINT('',(-1.42108547152E-14,-9.118889881785E-16));
#9661 = DIRECTION('',(1.,0.));
#9662 = ( GEOMETRIC_REPRESENTATION_CONTEXT(2) 
PARAMETRIC_REPRESENTATION_CONTEXT() REPRESENTATION_CONTEXT('2D SPACE',''
  ) );
#9663 = ADVANCED_FACE('',(#9664,#9667),#9652,.F.);
#9664 = FACE_BOUND('',#9665,.F.);
#9665 = EDGE_LOOP('',(#9666));
#9666 = ORIENTED_EDGE('',*,*,#9637,.T.);
#9667 = FACE_BOUND('',#9668,.F.);
#9668 = EDGE_LOOP('',(#9669));
#9669 = ORIENTED_EDGE('',*,*,#9670,.F.);
#9670 = EDGE_CURVE('',#9671,#9671,#9673,.T.);
#9671 = VERTEX_POINT('',#9672);
#9672 = CARTESIAN_POINT('',(-36.,4.898587196589E-15,6.));
#9673 = SURFACE_CURVE('',#9674,(#9679,#9686),.PCURVE_S1.);
#9674 = CIRCLE('',#9675,4.);
#9675 = AXIS2_PLACEMENT_3D('',#9676,#9677,#9678);
#9676 = CARTESIAN_POINT('',(-40.,4.898587196589E-15,6.));
#9677 = DIRECTION('',(0.,0.,1.));
#9678 = DIRECTION('',(1.,0.,0.));
#9679 = PCURVE('',#9652,#9680);
#9680 = DEFINITIONAL_REPRESENTATION('',(#9681),#9685);
#9681 = CIRCLE('',#9682,4.);
#9682 = AXIS2_PLACEMENT_2D('',#9683,#9684);
#9683 = CARTESIAN_POINT('',(-1.42108547152E-14,-9.118889881785E-16));
#9684 = DIRECTION('',(1.,0.));
#9685 = ( GEOMETRIC_REPRESENTATION_CONTEXT(2) 
PARAMETRIC_REPRESENTATION_CONTEXT() REPRESENTATION_CONTEXT('2D SPACE',''
  ) );
#9686 = PCURVE('',#9687,#9692);
#9687 = CYLINDRICAL_SURFACE('',#9688,4.);
#9688 = AXIS2_PLACEMENT_3D('',#9689,#9690,#9691);
#9689 = CARTESIAN_POINT('',(-40.,4.898587196589E-15,-8.));
#9690 = DIRECTION('',(-0.,-0.,-1.));
#9691 = DIRECTION('',(1.,0.,0.));
#9692 = DEFINITIONAL_REPRESENTATION('',(#9693),#9697);
#9693 = LINE('',#9694,#9695);
#9694 = CARTESIAN_POINT('',(-0.,-14.));
#9695 = VECTOR('',#9696,1.);
#9696 = DIRECTION('',(-1.,0.));
#9697 = ( GEOMETRIC_REPRESENTATION_CONTEXT(2) 
PARAMETRIC_REPRESENTATION_CONTEXT() REPRESENTATION_CONTEXT('2D SPACE',''
  ) );
#9698 = ADVANCED_FACE('',(#9699),#9624,.T.);
#9699 = FACE_BOUND('',#9700,.T.);
#9700 = EDGE_LOOP('',(#9701));
#9701 = ORIENTED_EDGE('',*,*,#9609,.T.);
#9702 = ADVANCED_FACE('',(#9703),#9687,.T.);
#9703 = FACE_BOUND('',#9704,.F.);
#9704 = EDGE_LOOP('',(#9705,#9728,#9729,#9730));
#9705 = ORIENTED_EDGE('',*,*,#9706,.T.);
#9706 = EDGE_CURVE('',#9707,#9671,#9709,.T.);
#9707 = VERTEX_POINT('',#9708);
#9708 = CARTESIAN_POINT('',(-36.,4.898587196589E-15,-8.));
#9709 = SEAM_CURVE('',#9710,(#9714,#9721),.PCURVE_S1.);
#9710 = LINE('',#9711,#9712);
#9711 = CARTESIAN_POINT('',(-36.,4.898587196589E-15,-8.));
#9712 = VECTOR('',#9713,1.);
#9713 = DIRECTION('',(0.,0.,1.));
#9714 = PCURVE('',#9687,#9715);
#9715 = DEFINITIONAL_REPRESENTATION('',(#9716),#9720);
#9716 = LINE('',#9717,#9718);
#9717 = CARTESIAN_POINT('',(-0.,0.));
#9718 = VECTOR('',#9719,1.);
#9719 = DIRECTION('',(-0.,-1.));
#9720 = ( GEOMETRIC_REPRESENTATION_CONTEXT(2) 
PARAMETRIC_REPRESENTATION_CONTEXT() REPRESENTATION_CONTEXT('2D SPACE',''
  ) );
#9721 = PCURVE('',#9687,#9722);
#9722 = DEFINITIONAL_REPRESENTATION('',(#9723),#9727);
#9723 = LINE('',#9724,#9725);
#9724 = CARTESIAN_POINT('',(-6.28318530718,0.));
#9725 = VECTOR('',#9726,1.);
#9726 = DIRECTION('',(-0.,-1.));
#9727 = ( GEOMETRIC_REPRESENTATION_CONTEXT(2) 
PARAMETRIC_REPRESENTATION_CONTEXT() REPRESENTATION_CONTEXT('2D SPACE',''
  ) );
#9728 = ORIENTED_EDGE('',*,*,#9670,.T.);
#9729 = ORIENTED_EDGE('',*,*,#9706,.F.);
#9730 = ORIENTED_EDGE('',*,*,#9731,.F.);
#9731 = EDGE_CURVE('',#9707,#9707,#9732,.T.);
#9732 = SURFACE_CURVE('',#9733,(#9738,#9745),.PCURVE_S1.);
#9733 = CIRCLE('',#9734,4.);
#9734 = AXIS2_PLACEMENT_3D('',#9735,#9736,#9737);
#9735 = CARTESIAN_POINT('',(-40.,4.898587196589E-15,-8.));
#9736 = DIRECTION('',(0.,0.,1.));
#9737 = DIRECTION('',(1.,0.,0.));
#9738 = PCURVE('',#9687,#9739);
#9739 = DEFINITIONAL_REPRESENTATION('',(#9740),#9744);
#9740 = LINE('',#9741,#9742);
#9741 = CARTESIAN_POINT('',(-0.,0.));
#9742 = VECTOR('',#9743,1.);
#9743 = DIRECTION('',(-1.,0.));
#9744 = ( GEOMETRIC_REPRESENTATION_CONTEXT(2) 
PARAMETRIC_REPRESENTATION_CONTEXT() REPRESENTATION_CONTEXT('2D SPACE',''
  ) );
#9745 = PCURVE('',#9746,#9751);
#9746 = PLANE('',#9747);
#9747 = AXIS2_PLACEMENT_3D('',#9748,#9749,#9750);
#9748 = CARTESIAN_POINT('',(-40.,5.268255406866E-15,-8.));
#9749 = DIRECTION('',(0.,0.,1.));
#9750 = DIRECTION('',(1.,0.,-0.));
#9751 = DEFINITIONAL_REPRESENTATION('',(#9752),#9756);
#9752 = CIRCLE('',#9753,4.);
#9753 = AXIS2_PLACEMENT_2D('',#9754,#9755);
#9754 = CARTESIAN_POINT('',(7.105427357601E-15,-3.696682102764E-16));
#9755 = DIRECTION('',(1.,0.));
#9756 = ( GEOMETRIC_REPRESENTATION_CONTEXT(2) 
PARAMETRIC_REPRESENTATION_CONTEXT() REPRESENTATION_CONTEXT('2D SPACE',''
  ) );
#9757 = ADVANCED_FACE('',(#9758),#9746,.F.);
#9758 = FACE_BOUND('',#9759,.F.);
#9759 = EDGE_LOOP('',(#9760));
#9760 = ORIENTED_EDGE('',*,*,#9731,.T.);
#9761 = ( GEOMETRIC_REPRESENTATION_CONTEXT(3) 
GLOBAL_UNCERTAINTY_ASSIGNED_CONTEXT((#9765)) 
GLOBAL_UNIT_ASSIGNED_CONTEXT((#9762,#9763,#9764)) REPRESENTATION_CONTEXT
('Context #1','3D Context with UNIT and UNCERTAINTY') );
#9762 = ( LENGTH_UNIT() NAMED_UNIT(*) SI_UNIT(.MILLI.,.METRE.) );
#9763 = ( NAMED_UNIT(*) PLANE_ANGLE_UNIT() SI_UNIT($,.RADIAN.) );
#9764 = ( NAMED_UNIT(*) SI_UNIT($,.STERADIAN.) SOLID_ANGLE_UNIT() );
#9765 = UNCERTAINTY_MEASURE_WITH_UNIT(LENGTH_MEASURE(1.E-07),#9762,
  'distance_accuracy_value','confusion accuracy');
#9766 = CONTEXT_DEPENDENT_SHAPE_REPRESENTATION(#9767,#9769);
#9767 = ( REPRESENTATION_RELATIONSHIP('','',#9572,#10) 
REPRESENTATION_RELATIONSHIP_WITH_TRANSFORMATION(#9768) 
SHAPE_REPRESENTATION_RELATIONSHIP() );
#9768 = ITEM_DEFINED_TRANSFORMATION('','',#11,#43);
#9769 = PRODUCT_DEFINITION_SHAPE('Placement','Placement of an item',
  #9770);
#9770 = NEXT_ASSEMBLY_USAGE_OCCURRENCE('19','bolt_3','',#5,#9567,$);
#9771 = PRODUCT_RELATED_PRODUCT_CATEGORY('part',$,(#9569));
#9772 = SHAPE_DEFINITION_REPRESENTATION(#9773,#9779);
#9773 = PRODUCT_DEFINITION_SHAPE('','',#9774);
#9774 = PRODUCT_DEFINITION('design','',#9775,#9778);
#9775 = PRODUCT_DEFINITION_FORMATION('','',#9776);
#9776 = PRODUCT('bolt_4','bolt_4','',(#9777));
#9777 = PRODUCT_CONTEXT('',#2,'mechanical');
#9778 = PRODUCT_DEFINITION_CONTEXT('part definition',#2,'design');
#9779 = ADVANCED_BREP_SHAPE_REPRESENTATION('',(#11,#9780),#9968);
#9780 = MANIFOLD_SOLID_BREP('',#9781);
#9781 = CLOSED_SHELL('',(#9782,#9870,#9905,#9909,#9964));
#9782 = ADVANCED_FACE('',(#9783),#9797,.T.);
#9783 = FACE_BOUND('',#9784,.F.);
#9784 = EDGE_LOOP('',(#9785,#9815,#9842,#9843));
#9785 = ORIENTED_EDGE('',*,*,#9786,.T.);
#9786 = EDGE_CURVE('',#9787,#9789,#9791,.T.);
#9787 = VERTEX_POINT('',#9788);
#9788 = CARTESIAN_POINT('',(-13.5,-34.64101615137,6.));
#9789 = VERTEX_POINT('',#9790);
#9790 = CARTESIAN_POINT('',(-13.5,-34.64101615137,14.));
#9791 = SEAM_CURVE('',#9792,(#9796,#9808),.PCURVE_S1.);
#9792 = LINE('',#9793,#9794);
#9793 = CARTESIAN_POINT('',(-13.5,-34.64101615137,6.));
#9794 = VECTOR('',#9795,1.);
#9795 = DIRECTION('',(0.,0.,1.));
#9796 = PCURVE('',#9797,#9802);
#9797 = CYLINDRICAL_SURFACE('',#9798,6.5);
#9798 = AXIS2_PLACEMENT_3D('',#9799,#9800,#9801);
#9799 = CARTESIAN_POINT('',(-20.,-34.64101615137,6.));
#9800 = DIRECTION('',(-0.,-0.,-1.));
#9801 = DIRECTION('',(1.,0.,0.));
#9802 = DEFINITIONAL_REPRESENTATION('',(#9803),#9807);
#9803 = LINE('',#9804,#9805);
#9804 = CARTESIAN_POINT('',(-0.,0.));
#9805 = VECTOR('',#9806,1.);
#9806 = DIRECTION('',(-0.,-1.));
#9807 = ( GEOMETRIC_REPRESENTATION_CONTEXT(2) 
PARAMETRIC_REPRESENTATION_CONTEXT() REPRESENTATION_CONTEXT('2D SPACE',''
  ) );
#9808 = PCURVE('',#9797,#9809);
#9809 = DEFINITIONAL_REPRESENTATION('',(#9810),#9814);
#9810 = LINE('',#9811,#9812);
#9811 = CARTESIAN_POINT('',(-6.28318530718,0.));
#9812 = VECTOR('',#9813,1.);
#9813 = DIRECTION('',(-0.,-1.));
#9814 = ( GEOMETRIC_REPRESENTATION_CONTEXT(2) 
PARAMETRIC_REPRESENTATION_CONTEXT() REPRESENTATION_CONTEXT('2D SPACE',''
  ) );
#9815 = ORIENTED_EDGE('',*,*,#9816,.T.);
#9816 = EDGE_CURVE('',#9789,#9789,#9817,.T.);
#9817 = SURFACE_CURVE('',#9818,(#9823,#9830),.PCURVE_S1.);
#9818 = CIRCLE('',#9819,6.5);
#9819 = AXIS2_PLACEMENT_3D('',#9820,#9821,#9822);
#9820 = CARTESIAN_POINT('',(-20.,-34.64101615137,14.));
#9821 = DIRECTION('',(0.,0.,1.));
#9822 = DIRECTION('',(1.,0.,0.));
#9823 = PCURVE('',#9797,#9824);
#9824 = DEFINITIONAL_REPRESENTATION('',(#9825),#9829);
#9825 = LINE('',#9826,#9827);
#9826 = CARTESIAN_POINT('',(-0.,-8.));
#9827 = VECTOR('',#9828,1.);
#9828 = DIRECTION('',(-1.,0.));
#9829 = ( GEOMETRIC_REPRESENTATION_CONTEXT(2) 
PARAMETRIC_REPRESENTATION_CONTEXT() REPRESENTATION_CONTEXT('2D SPACE',''
  ) );
#9830 = PCURVE('',#9831,#9836);
#9831 = PLANE('',#9832);
#9832 = AXIS2_PLACEMENT_3D('',#9833,#9834,#9835);
#9833 = CARTESIAN_POINT('',(-20.,-34.64101615137,14.));
#9834 = DIRECTION('',(0.,0.,1.));
#9835 = DIRECTION('',(1.,0.,-0.));
#9836 = DEFINITIONAL_REPRESENTATION('',(#9837),#9841);
#9837 = CIRCLE('',#9838,6.5);
#9838 = AXIS2_PLACEMENT_2D('',#9839,#9840);
#9839 = CARTESIAN_POINT('',(0.,0.));
#9840 = DIRECTION('',(1.,0.));
#9841 = ( GEOMETRIC_REPRESENTATION_CONTEXT(2) 
PARAMETRIC_REPRESENTATION_CONTEXT() REPRESENTATION_CONTEXT('2D SPACE',''
  ) );
#9842 = ORIENTED_EDGE('',*,*,#9786,.F.);
#9843 = ORIENTED_EDGE('',*,*,#9844,.F.);
#9844 = EDGE_CURVE('',#9787,#9787,#9845,.T.);
#9845 = SURFACE_CURVE('',#9846,(#9851,#9858),.PCURVE_S1.);
#9846 = CIRCLE('',#9847,6.5);
#9847 = AXIS2_PLACEMENT_3D('',#9848,#9849,#9850);
#9848 = CARTESIAN_POINT('',(-20.,-34.64101615137,6.));
#9849 = DIRECTION('',(0.,0.,1.));
#9850 = DIRECTION('',(1.,0.,0.));
#9851 = PCURVE('',#9797,#9852);
#9852 = DEFINITIONAL_REPRESENTATION('',(#9853),#9857);
#9853 = LINE('',#9854,#9855);
#9854 = CARTESIAN_POINT('',(-0.,0.));
#9855 = VECTOR('',#9856,1.);
#9856 = DIRECTION('',(-1.,0.));
#9857 = ( GEOMETRIC_REPRESENTATION_CONTEXT(2) 
PARAMETRIC_REPRESENTATION_CONTEXT() REPRESENTATION_CONTEXT('2D SPACE',''
  ) );
#9858 = PCURVE('',#9859,#9864);
#9859 = PLANE('',#9860);
#9860 = AXIS2_PLACEMENT_3D('',#9861,#9862,#9863);
#9861 = CARTESIAN_POINT('',(-20.,-34.64101615137,6.));
#9862 = DIRECTION('',(0.,0.,1.));
#9863 = DIRECTION('',(1.,0.,-0.));
#9864 = DEFINITIONAL_REPRESENTATION('',(#9865),#9869);
#9865 = CIRCLE('',#9866,6.5);
#9866 = AXIS2_PLACEMENT_2D('',#9867,#9868);
#9867 = CARTESIAN_POINT('',(0.,0.));
#9868 = DIRECTION('',(1.,0.));
#9869 = ( GEOMETRIC_REPRESENTATION_CONTEXT(2) 
PARAMETRIC_REPRESENTATION_CONTEXT() REPRESENTATION_CONTEXT('2D SPACE',''
  ) );
#9870 = ADVANCED_FACE('',(#9871,#9874),#9859,.F.);
#9871 = FACE_BOUND('',#9872,.F.);
#9872 = EDGE_LOOP('',(#9873));
#9873 = ORIENTED_EDGE('',*,*,#9844,.T.);
#9874 = FACE_BOUND('',#9875,.F.);
#9875 = EDGE_LOOP('',(#9876));
#9876 = ORIENTED_EDGE('',*,*,#9877,.F.);
#9877 = EDGE_CURVE('',#9878,#9878,#9880,.T.);
#9878 = VERTEX_POINT('',#9879);
#9879 = CARTESIAN_POINT('',(-16.,-34.64101615137,6.));
#9880 = SURFACE_CURVE('',#9881,(#9886,#9893),.PCURVE_S1.);
#9881 = CIRCLE('',#9882,4.);
#9882 = AXIS2_PLACEMENT_3D('',#9883,#9884,#9885);
#9883 = CARTESIAN_POINT('',(-20.,-34.64101615137,6.));
#9884 = DIRECTION('',(0.,0.,1.));
#9885 = DIRECTION('',(1.,0.,0.));
#9886 = PCURVE('',#9859,#9887);
#9887 = DEFINITIONAL_REPRESENTATION('',(#9888),#9892);
#9888 = CIRCLE('',#9889,4.);
#9889 = AXIS2_PLACEMENT_2D('',#9890,#9891);
#9890 = CARTESIAN_POINT('',(0.,0.));
#9891 = DIRECTION('',(1.,0.));
#9892 = ( GEOMETRIC_REPRESENTATION_CONTEXT(2) 
PARAMETRIC_REPRESENTATION_CONTEXT() REPRESENTATION_CONTEXT('2D SPACE',''
  ) );
#9893 = PCURVE('',#9894,#9899);
#9894 = CYLINDRICAL_SURFACE('',#9895,4.);
#9895 = AXIS2_PLACEMENT_3D('',#9896,#9897,#9898);
#9896 = CARTESIAN_POINT('',(-20.,-34.64101615137,-8.));
#9897 = DIRECTION('',(-0.,-0.,-1.));
#9898 = DIRECTION('',(1.,0.,0.));
#9899 = DEFINITIONAL_REPRESENTATION('',(#9900),#9904);
#9900 = LINE('',#9901,#9902);
#9901 = CARTESIAN_POINT('',(-0.,-14.));
#9902 = VECTOR('',#9903,1.);
#9903 = DIRECTION('',(-1.,0.));
#9904 = ( GEOMETRIC_REPRESENTATION_CONTEXT(2) 
PARAMETRIC_REPRESENTATION_CONTEXT() REPRESENTATION_CONTEXT('2D SPACE',''
  ) );
#9905 = ADVANCED_FACE('',(#9906),#9831,.T.);
#9906 = FACE_BOUND('',#9907,.T.);
#9907 = EDGE_LOOP('',(#9908));
#9908 = ORIENTED_EDGE('',*,*,#9816,.T.);
#9909 = ADVANCED_FACE('',(#9910),#9894,.T.);
#9910 = FACE_BOUND('',#9911,.F.);
#9911 = EDGE_LOOP('',(#9912,#9935,#9936,#9937));
#9912 = ORIENTED_EDGE('',*,*,#9913,.T.);
#9913 = EDGE_CURVE('',#9914,#9878,#9916,.T.);
#9914 = VERTEX_POINT('',#9915);
#9915 = CARTESIAN_POINT('',(-16.,-34.64101615137,-8.));
#9916 = SEAM_CURVE('',#9917,(#9921,#9928),.PCURVE_S1.);
#9917 = LINE('',#9918,#9919);
#9918 = CARTESIAN_POINT('',(-16.,-34.64101615137,-8.));
#9919 = VECTOR('',#9920,1.);
#9920 = DIRECTION('',(0.,0.,1.));
#9921 = PCURVE('',#9894,#9922);
#9922 = DEFINITIONAL_REPRESENTATION('',(#9923),#9927);
#9923 = LINE('',#9924,#9925);
#9924 = CARTESIAN_POINT('',(-0.,0.));
#9925 = VECTOR('',#9926,1.);
#9926 = DIRECTION('',(-0.,-1.));
#9927 = ( GEOMETRIC_REPRESENTATION_CONTEXT(2) 
PARAMETRIC_REPRESENTATION_CONTEXT() REPRESENTATION_CONTEXT('2D SPACE',''
  ) );
#9928 = PCURVE('',#9894,#9929);
#9929 = DEFINITIONAL_REPRESENTATION('',(#9930),#9934);
#9930 = LINE('',#9931,#9932);
#9931 = CARTESIAN_POINT('',(-6.28318530718,0.));
#9932 = VECTOR('',#9933,1.);
#9933 = DIRECTION('',(-0.,-1.));
#9934 = ( GEOMETRIC_REPRESENTATION_CONTEXT(2) 
PARAMETRIC_REPRESENTATION_CONTEXT() REPRESENTATION_CONTEXT('2D SPACE',''
  ) );
#9935 = ORIENTED_EDGE('',*,*,#9877,.T.);
#9936 = ORIENTED_EDGE('',*,*,#9913,.F.);
#9937 = ORIENTED_EDGE('',*,*,#9938,.F.);
#9938 = EDGE_CURVE('',#9914,#9914,#9939,.T.);
#9939 = SURFACE_CURVE('',#9940,(#9945,#9952),.PCURVE_S1.);
#9940 = CIRCLE('',#9941,4.);
#9941 = AXIS2_PLACEMENT_3D('',#9942,#9943,#9944);
#9942 = CARTESIAN_POINT('',(-20.,-34.64101615137,-8.));
#9943 = DIRECTION('',(0.,0.,1.));
#9944 = DIRECTION('',(1.,0.,0.));
#9945 = PCURVE('',#9894,#9946);
#9946 = DEFINITIONAL_REPRESENTATION('',(#9947),#9951);
#9947 = LINE('',#9948,#9949);
#9948 = CARTESIAN_POINT('',(-0.,0.));
#9949 = VECTOR('',#9950,1.);
#9950 = DIRECTION('',(-1.,0.));
#9951 = ( GEOMETRIC_REPRESENTATION_CONTEXT(2) 
PARAMETRIC_REPRESENTATION_CONTEXT() REPRESENTATION_CONTEXT('2D SPACE',''
  ) );
#9952 = PCURVE('',#9953,#9958);
#9953 = PLANE('',#9954);
#9954 = AXIS2_PLACEMENT_3D('',#9955,#9956,#9957);
#9955 = CARTESIAN_POINT('',(-20.,-34.64101615137,-8.));
#9956 = DIRECTION('',(0.,0.,1.));
#9957 = DIRECTION('',(1.,0.,-0.));
#9958 = DEFINITIONAL_REPRESENTATION('',(#9959),#9963);
#9959 = CIRCLE('',#9960,4.);
#9960 = AXIS2_PLACEMENT_2D('',#9961,#9962);
#9961 = CARTESIAN_POINT('',(0.,0.));
#9962 = DIRECTION('',(1.,0.));
#9963 = ( GEOMETRIC_REPRESENTATION_CONTEXT(2) 
PARAMETRIC_REPRESENTATION_CONTEXT() REPRESENTATION_CONTEXT('2D SPACE',''
  ) );
#9964 = ADVANCED_FACE('',(#9965),#9953,.F.);
#9965 = FACE_BOUND('',#9966,.F.);
#9966 = EDGE_LOOP('',(#9967));
#9967 = ORIENTED_EDGE('',*,*,#9938,.T.);
#9968 = ( GEOMETRIC_REPRESENTATION_CONTEXT(3) 
GLOBAL_UNCERTAINTY_ASSIGNED_CONTEXT((#9972)) 
GLOBAL_UNIT_ASSIGNED_CONTEXT((#9969,#9970,#9971)) REPRESENTATION_CONTEXT
('Context #1','3D Context with UNIT and UNCERTAINTY') );
#9969 = ( LENGTH_UNIT() NAMED_UNIT(*) SI_UNIT(.MILLI.,.METRE.) );
#9970 = ( NAMED_UNIT(*) PLANE_ANGLE_UNIT() SI_UNIT($,.RADIAN.) );
#9971 = ( NAMED_UNIT(*) SI_UNIT($,.STERADIAN.) SOLID_ANGLE_UNIT() );
#9972 = UNCERTAINTY_MEASURE_WITH_UNIT(LENGTH_MEASURE(1.E-07),#9969,
  'distance_accuracy_value','confusion accuracy');
#9973 = CONTEXT_DEPENDENT_SHAPE_REPRESENTATION(#9974,#9976);
#9974 = ( REPRESENTATION_RELATIONSHIP('','',#9779,#10) 
REPRESENTATION_RELATIONSHIP_WITH_TRANSFORMATION(#9975) 
SHAPE_REPRESENTATION_RELATIONSHIP() );
#9975 = ITEM_DEFINED_TRANSFORMATION('','',#11,#47);
#9976 = PRODUCT_DEFINITION_SHAPE('Placement','Placement of an item',
  #9977);
#9977 = NEXT_ASSEMBLY_USAGE_OCCURRENCE('20','bolt_4','',#5,#9774,$);
#9978 = PRODUCT_RELATED_PRODUCT_CATEGORY('part',$,(#9776));
#9979 = SHAPE_DEFINITION_REPRESENTATION(#9980,#9986);
#9980 = PRODUCT_DEFINITION_SHAPE('','',#9981);
#9981 = PRODUCT_DEFINITION('design','',#9982,#9985);
#9982 = PRODUCT_DEFINITION_FORMATION('','',#9983);
#9983 = PRODUCT('bolt_5','bolt_5','',(#9984));
#9984 = PRODUCT_CONTEXT('',#2,'mechanical');
#9985 = PRODUCT_DEFINITION_CONTEXT('part definition',#2,'design');
#9986 = ADVANCED_BREP_SHAPE_REPRESENTATION('',(#11,#9987),#10175);
#9987 = MANIFOLD_SOLID_BREP('',#9988);
#9988 = CLOSED_SHELL('',(#9989,#10077,#10112,#10116,#10171));
#9989 = ADVANCED_FACE('',(#9990),#10004,.T.);
#9990 = FACE_BOUND('',#9991,.F.);
#9991 = EDGE_LOOP('',(#9992,#10022,#10049,#10050));
#9992 = ORIENTED_EDGE('',*,*,#9993,.T.);
#9993 = EDGE_CURVE('',#9994,#9996,#9998,.T.);
#9994 = VERTEX_POINT('',#9995);
#9995 = CARTESIAN_POINT('',(26.5,-34.64101615137,6.));
#9996 = VERTEX_POINT('',#9997);
#9997 = CARTESIAN_POINT('',(26.5,-34.64101615137,14.));
#9998 = SEAM_CURVE('',#9999,(#10003,#10015),.PCURVE_S1.);
#9999 = LINE('',#10000,#10001);
#10000 = CARTESIAN_POINT('',(26.5,-34.64101615137,6.));
#10001 = VECTOR('',#10002,1.);
#10002 = DIRECTION('',(0.,0.,1.));
#10003 = PCURVE('',#10004,#10009);
#10004 = CYLINDRICAL_SURFACE('',#10005,6.5);
#10005 = AXIS2_PLACEMENT_3D('',#10006,#10007,#10008);
#10006 = CARTESIAN_POINT('',(20.,-34.64101615137,6.));
#10007 = DIRECTION('',(-0.,-0.,-1.));
#10008 = DIRECTION('',(1.,0.,0.));
#10009 = DEFINITIONAL_REPRESENTATION('',(#10010),#10014);
#10010 = LINE('',#10011,#10012);
#10011 = CARTESIAN_POINT('',(-0.,0.));
#10012 = VECTOR('',#10013,1.);
#10013 = DIRECTION('',(-0.,-1.));
#10014 = ( GEOMETRIC_REPRESENTATION_CONTEXT(2) 
PARAMETRIC_REPRESENTATION_CONTEXT() REPRESENTATION_CONTEXT('2D SPACE',''
  ) );
#10015 = PCURVE('',#10004,#10016);
#10016 = DEFINITIONAL_REPRESENTATION('',(#10017),#10021);
#10017 = LINE('',#10018,#10019);
#10018 = CARTESIAN_POINT('',(-6.28318530718,0.));
#10019 = VECTOR('',#10020,1.);
#10020 = DIRECTION('',(-0.,-1.));
#10021 = ( GEOMETRIC_REPRESENTATION_CONTEXT(2) 
PARAMETRIC_REPRESENTATION_CONTEXT() REPRESENTATION_CONTEXT('2D SPACE',''
  ) );
#10022 = ORIENTED_EDGE('',*,*,#10023,.T.);
#10023 = EDGE_CURVE('',#9996,#9996,#10024,.T.);
#10024 = SURFACE_CURVE('',#10025,(#10030,#10037),.PCURVE_S1.);
#10025 = CIRCLE('',#10026,6.5);
#10026 = AXIS2_PLACEMENT_3D('',#10027,#10028,#10029);
#10027 = CARTESIAN_POINT('',(20.,-34.64101615137,14.));
#10028 = DIRECTION('',(0.,0.,1.));
#10029 = DIRECTION('',(1.,0.,0.));
#10030 = PCURVE('',#10004,#10031);
#10031 = DEFINITIONAL_REPRESENTATION('',(#10032),#10036);
#10032 = LINE('',#10033,#10034);
#10033 = CARTESIAN_POINT('',(-0.,-8.));
#10034 = VECTOR('',#10035,1.);
#10035 = DIRECTION('',(-1.,0.));
#10036 = ( GEOMETRIC_REPRESENTATION_CONTEXT(2) 
PARAMETRIC_REPRESENTATION_CONTEXT() REPRESENTATION_CONTEXT('2D SPACE',''
  ) );
#10037 = PCURVE('',#10038,#10043);
#10038 = PLANE('',#10039);
#10039 = AXIS2_PLACEMENT_3D('',#10040,#10041,#10042);
#10040 = CARTESIAN_POINT('',(20.,-34.64101615137,14.));
#10041 = DIRECTION('',(0.,0.,1.));
#10042 = DIRECTION('',(1.,0.,-0.));
#10043 = DEFINITIONAL_REPRESENTATION('',(#10044),#10048);
#10044 = CIRCLE('',#10045,6.5);
#10045 = AXIS2_PLACEMENT_2D('',#10046,#10047);
#10046 = CARTESIAN_POINT('',(0.,0.));
#10047 = DIRECTION('',(1.,0.));
#10048 = ( GEOMETRIC_REPRESENTATION_CONTEXT(2) 
PARAMETRIC_REPRESENTATION_CONTEXT() REPRESENTATION_CONTEXT('2D SPACE',''
  ) );
#10049 = ORIENTED_EDGE('',*,*,#9993,.F.);
#10050 = ORIENTED_EDGE('',*,*,#10051,.F.);
#10051 = EDGE_CURVE('',#9994,#9994,#10052,.T.);
#10052 = SURFACE_CURVE('',#10053,(#10058,#10065),.PCURVE_S1.);
#10053 = CIRCLE('',#10054,6.5);
#10054 = AXIS2_PLACEMENT_3D('',#10055,#10056,#10057);
#10055 = CARTESIAN_POINT('',(20.,-34.64101615137,6.));
#10056 = DIRECTION('',(0.,0.,1.));
#10057 = DIRECTION('',(1.,0.,0.));
#10058 = PCURVE('',#10004,#10059);
#10059 = DEFINITIONAL_REPRESENTATION('',(#10060),#10064);
#10060 = LINE('',#10061,#10062);
#10061 = CARTESIAN_POINT('',(-0.,0.));
#10062 = VECTOR('',#10063,1.);
#10063 = DIRECTION('',(-1.,0.));
#10064 = ( GEOMETRIC_REPRESENTATION_CONTEXT(2) 
PARAMETRIC_REPRESENTATION_CONTEXT() REPRESENTATION_CONTEXT('2D SPACE',''
  ) );
#10065 = PCURVE('',#10066,#10071);
#10066 = PLANE('',#10067);
#10067 = AXIS2_PLACEMENT_3D('',#10068,#10069,#10070);
#10068 = CARTESIAN_POINT('',(20.,-34.64101615137,6.));
#10069 = DIRECTION('',(0.,0.,1.));
#10070 = DIRECTION('',(1.,0.,-0.));
#10071 = DEFINITIONAL_REPRESENTATION('',(#10072),#10076);
#10072 = CIRCLE('',#10073,6.5);
#10073 = AXIS2_PLACEMENT_2D('',#10074,#10075);
#10074 = CARTESIAN_POINT('',(0.,0.));
#10075 = DIRECTION('',(1.,0.));
#10076 = ( GEOMETRIC_REPRESENTATION_CONTEXT(2) 
PARAMETRIC_REPRESENTATION_CONTEXT() REPRESENTATION_CONTEXT('2D SPACE',''
  ) );
#10077 = ADVANCED_FACE('',(#10078,#10081),#10066,.F.);
#10078 = FACE_BOUND('',#10079,.F.);
#10079 = EDGE_LOOP('',(#10080));
#10080 = ORIENTED_EDGE('',*,*,#10051,.T.);
#10081 = FACE_BOUND('',#10082,.F.);
#10082 = EDGE_LOOP('',(#10083));
#10083 = ORIENTED_EDGE('',*,*,#10084,.F.);
#10084 = EDGE_CURVE('',#10085,#10085,#10087,.T.);
#10085 = VERTEX_POINT('',#10086);
#10086 = CARTESIAN_POINT('',(24.,-34.64101615137,6.));
#10087 = SURFACE_CURVE('',#10088,(#10093,#10100),.PCURVE_S1.);
#10088 = CIRCLE('',#10089,4.);
#10089 = AXIS2_PLACEMENT_3D('',#10090,#10091,#10092);
#10090 = CARTESIAN_POINT('',(20.,-34.64101615137,6.));
#10091 = DIRECTION('',(0.,0.,1.));
#10092 = DIRECTION('',(1.,0.,0.));
#10093 = PCURVE('',#10066,#10094);
#10094 = DEFINITIONAL_REPRESENTATION('',(#10095),#10099);
#10095 = CIRCLE('',#10096,4.);
#10096 = AXIS2_PLACEMENT_2D('',#10097,#10098);
#10097 = CARTESIAN_POINT('',(0.,0.));
#10098 = DIRECTION('',(1.,0.));
#10099 = ( GEOMETRIC_REPRESENTATION_CONTEXT(2) 
PARAMETRIC_REPRESENTATION_CONTEXT() REPRESENTATION_CONTEXT('2D SPACE',''
  ) );
#10100 = PCURVE('',#10101,#10106);
#10101 = CYLINDRICAL_SURFACE('',#10102,4.);
#10102 = AXIS2_PLACEMENT_3D('',#10103,#10104,#10105);
#10103 = CARTESIAN_POINT('',(20.,-34.64101615137,-8.));
#10104 = DIRECTION('',(-0.,-0.,-1.));
#10105 = DIRECTION('',(1.,0.,0.));
#10106 = DEFINITIONAL_REPRESENTATION('',(#10107),#10111);
#10107 = LINE('',#10108,#10109);
#10108 = CARTESIAN_POINT('',(-0.,-14.));
#10109 = VECTOR('',#10110,1.);
#10110 = DIRECTION('',(-1.,0.));
#10111 = ( GEOMETRIC_REPRESENTATION_CONTEXT(2) 
PARAMETRIC_REPRESENTATION_CONTEXT() REPRESENTATION_CONTEXT('2D SPACE',''
  ) );
#10112 = ADVANCED_FACE('',(#10113),#10038,.T.);
#10113 = FACE_BOUND('',#10114,.T.);
#10114 = EDGE_LOOP('',(#10115));
#10115 = ORIENTED_EDGE('',*,*,#10023,.T.);
#10116 = ADVANCED_FACE('',(#10117),#10101,.T.);
#10117 = FACE_BOUND('',#10118,.F.);
#10118 = EDGE_LOOP('',(#10119,#10142,#10143,#10144));
#10119 = ORIENTED_EDGE('',*,*,#10120,.T.);
#10120 = EDGE_CURVE('',#10121,#10085,#10123,.T.);
#10121 = VERTEX_POINT('',#10122);
#10122 = CARTESIAN_POINT('',(24.,-34.64101615137,-8.));
#10123 = SEAM_CURVE('',#10124,(#10128,#10135),.PCURVE_S1.);
#10124 = LINE('',#10125,#10126);
#10125 = CARTESIAN_POINT('',(24.,-34.64101615137,-8.));
#10126 = VECTOR('',#10127,1.);
#10127 = DIRECTION('',(0.,0.,1.));
#10128 = PCURVE('',#10101,#10129);
#10129 = DEFINITIONAL_REPRESENTATION('',(#10130),#10134);
#10130 = LINE('',#10131,#10132);
#10131 = CARTESIAN_POINT('',(-0.,0.));
#10132 = VECTOR('',#10133,1.);
#10133 = DIRECTION('',(-0.,-1.));
#10134 = ( GEOMETRIC_REPRESENTATION_CONTEXT(2) 
PARAMETRIC_REPRESENTATION_CONTEXT() REPRESENTATION_CONTEXT('2D SPACE',''
  ) );
#10135 = PCURVE('',#10101,#10136);
#10136 = DEFINITIONAL_REPRESENTATION('',(#10137),#10141);
#10137 = LINE('',#10138,#10139);
#10138 = CARTESIAN_POINT('',(-6.28318530718,0.));
#10139 = VECTOR('',#10140,1.);
#10140 = DIRECTION('',(-0.,-1.));
#10141 = ( GEOMETRIC_REPRESENTATION_CONTEXT(2) 
PARAMETRIC_REPRESENTATION_CONTEXT() REPRESENTATION_CONTEXT('2D SPACE',''
  ) );
#10142 = ORIENTED_EDGE('',*,*,#10084,.T.);
#10143 = ORIENTED_EDGE('',*,*,#10120,.F.);
#10144 = ORIENTED_EDGE('',*,*,#10145,.F.);
#10145 = EDGE_CURVE('',#10121,#10121,#10146,.T.);
#10146 = SURFACE_CURVE('',#10147,(#10152,#10159),.PCURVE_S1.);
#10147 = CIRCLE('',#10148,4.);
#10148 = AXIS2_PLACEMENT_3D('',#10149,#10150,#10151);
#10149 = CARTESIAN_POINT('',(20.,-34.64101615137,-8.));
#10150 = DIRECTION('',(0.,0.,1.));
#10151 = DIRECTION('',(1.,0.,0.));
#10152 = PCURVE('',#10101,#10153);
#10153 = DEFINITIONAL_REPRESENTATION('',(#10154),#10158);
#10154 = LINE('',#10155,#10156);
#10155 = CARTESIAN_POINT('',(-0.,0.));
#10156 = VECTOR('',#10157,1.);
#10157 = DIRECTION('',(-1.,0.));
#10158 = ( GEOMETRIC_REPRESENTATION_CONTEXT(2) 
PARAMETRIC_REPRESENTATION_CONTEXT() REPRESENTATION_CONTEXT('2D SPACE',''
  ) );
#10159 = PCURVE('',#10160,#10165);
#10160 = PLANE('',#10161);
#10161 = AXIS2_PLACEMENT_3D('',#10162,#10163,#10164);
#10162 = CARTESIAN_POINT('',(20.,-34.64101615137,-8.));
#10163 = DIRECTION('',(0.,0.,1.));
#10164 = DIRECTION('',(1.,0.,-0.));
#10165 = DEFINITIONAL_REPRESENTATION('',(#10166),#10170);
#10166 = CIRCLE('',#10167,4.);
#10167 = AXIS2_PLACEMENT_2D('',#10168,#10169);
#10168 = CARTESIAN_POINT('',(-3.552713678801E-15,7.105427357601E-15));
#10169 = DIRECTION('',(1.,0.));
#10170 = ( GEOMETRIC_REPRESENTATION_CONTEXT(2) 
PARAMETRIC_REPRESENTATION_CONTEXT() REPRESENTATION_CONTEXT('2D SPACE',''
  ) );
#10171 = ADVANCED_FACE('',(#10172),#10160,.F.);
#10172 = FACE_BOUND('',#10173,.F.);
#10173 = EDGE_LOOP('',(#10174));
#10174 = ORIENTED_EDGE('',*,*,#10145,.T.);
#10175 = ( GEOMETRIC_REPRESENTATION_CONTEXT(3) 
GLOBAL_UNCERTAINTY_ASSIGNED_CONTEXT((#10179)) 
GLOBAL_UNIT_ASSIGNED_CONTEXT((#10176,#10177,#10178)) 
REPRESENTATION_CONTEXT('Context #1',
  '3D Context with UNIT and UNCERTAINTY') );
#10176 = ( LENGTH_UNIT() NAMED_UNIT(*) SI_UNIT(.MILLI.,.METRE.) );
#10177 = ( NAMED_UNIT(*) PLANE_ANGLE_UNIT() SI_UNIT($,.RADIAN.) );
#10178 = ( NAMED_UNIT(*) SI_UNIT($,.STERADIAN.) SOLID_ANGLE_UNIT() );
#10179 = UNCERTAINTY_MEASURE_WITH_UNIT(LENGTH_MEASURE(1.E-07),#10176,
  'distance_accuracy_value','confusion accuracy');
#10180 = CONTEXT_DEPENDENT_SHAPE_REPRESENTATION(#10181,#10183);
#10181 = ( REPRESENTATION_RELATIONSHIP('','',#9986,#10) 
REPRESENTATION_RELATIONSHIP_WITH_TRANSFORMATION(#10182) 
SHAPE_REPRESENTATION_RELATIONSHIP() );
#10182 = ITEM_DEFINED_TRANSFORMATION('','',#11,#51);
#10183 = PRODUCT_DEFINITION_SHAPE('Placement','Placement of an item',
  #10184);
#10184 = NEXT_ASSEMBLY_USAGE_OCCURRENCE('21','bolt_5','',#5,#9981,$);
#10185 = PRODUCT_RELATED_PRODUCT_CATEGORY('part',$,(#9983));
#10186 = SHAPE_DEFINITION_REPRESENTATION(#10187,#10193);
#10187 = PRODUCT_DEFINITION_SHAPE('','',#10188);
#10188 = PRODUCT_DEFINITION('design','',#10189,#10192);
#10189 = PRODUCT_DEFINITION_FORMATION('','',#10190);
#10190 = PRODUCT('tripod_screw','tripod_screw','',(#10191));
#10191 = PRODUCT_CONTEXT('',#2,'mechanical');
#10192 = PRODUCT_DEFINITION_CONTEXT('part definition',#2,'design');
#10193 = ADVANCED_BREP_SHAPE_REPRESENTATION('',(#11,#10194),#10372);
#10194 = MANIFOLD_SOLID_BREP('',#10195);
#10195 = CLOSED_SHELL('',(#10196,#10233,#10312,#10368));
#10196 = ADVANCED_FACE('',(#10197),#10210,.F.);
#10197 = FACE_BOUND('',#10198,.F.);
#10198 = EDGE_LOOP('',(#10199));
#10199 = ORIENTED_EDGE('',*,*,#10200,.T.);
#10200 = EDGE_CURVE('',#10201,#10201,#10203,.T.);
#10201 = VERTEX_POINT('',#10202);
#10202 = CARTESIAN_POINT('',(37.476659402887,37.476659402887,-2.85));
#10203 = SURFACE_CURVE('',#10204,(#10209,#10221),.PCURVE_S1.);
#10204 = CIRCLE('',#10205,6.05);
#10205 = AXIS2_PLACEMENT_3D('',#10206,#10207,#10208);
#10206 = CARTESIAN_POINT('',(37.476659402887,37.476659402887,-8.9));
#10207 = DIRECTION('',(0.707106781187,0.707106781187,-0.));
#10208 = DIRECTION('',(0.,0.,1.));
#10209 = PCURVE('',#10210,#10215);
#10210 = PLANE('',#10211);
#10211 = AXIS2_PLACEMENT_3D('',#10212,#10213,#10214);
#10212 = CARTESIAN_POINT('',(37.476659402887,37.476659402887,-8.9));
#10213 = DIRECTION('',(0.707106781187,0.707106781187,0.));
#10214 = DIRECTION('',(0.,0.,1.));
#10215 = DEFINITIONAL_REPRESENTATION('',(#10216),#10220);
#10216 = CIRCLE('',#10217,6.05);
#10217 = AXIS2_PLACEMENT_2D('',#10218,#10219);
#10218 = CARTESIAN_POINT('',(0.,0.));
#10219 = DIRECTION('',(1.,0.));
#10220 = ( GEOMETRIC_REPRESENTATION_CONTEXT(2) 
PARAMETRIC_REPRESENTATION_CONTEXT() REPRESENTATION_CONTEXT('2D SPACE',''
  ) );
#10221 = PCURVE('',#10222,#10227);
#10222 = CONICAL_SURFACE('',#10223,6.05,0.715584993318);
#10223 = AXIS2_PLACEMENT_3D('',#10224,#10225,#10226);
#10224 = CARTESIAN_POINT('',(37.476659402887,37.476659402887,-8.9));
#10225 = DIRECTION('',(-0.707106781187,-0.707106781187,-0.));
#10226 = DIRECTION('',(0.,0.,1.));
#10227 = DEFINITIONAL_REPRESENTATION('',(#10228),#10232);
#10228 = LINE('',#10229,#10230);
#10229 = CARTESIAN_POINT('',(-0.,-0.));
#10230 = VECTOR('',#10231,1.);
#10231 = DIRECTION('',(-1.,-0.));
#10232 = ( GEOMETRIC_REPRESENTATION_CONTEXT(2) 
PARAMETRIC_REPRESENTATION_CONTEXT() REPRESENTATION_CONTEXT('2D SPACE',''
  ) );
#10233 = ADVANCED_FACE('',(#10234),#10222,.T.);
#10234 = FACE_BOUND('',#10235,.T.);
#10235 = EDGE_LOOP('',(#10236,#10259,#10288,#10310,#10311));
#10236 = ORIENTED_EDGE('',*,*,#10237,.T.);
#10237 = EDGE_CURVE('',#10201,#10238,#10240,.T.);
#10238 = VERTEX_POINT('',#10239);
#10239 = CARTESIAN_POINT('',(39.815280145012,39.815280145012,-5.725));
#10240 = SEAM_CURVE('',#10241,(#10245,#10252),.PCURVE_S1.);
#10241 = LINE('',#10242,#10243);
#10242 = CARTESIAN_POINT('',(37.476659402887,37.476659402887,-2.85));
#10243 = VECTOR('',#10244,1.);
#10244 = DIRECTION('',(0.533660262002,0.533660262002,-0.656059028991));
#10245 = PCURVE('',#10222,#10246);
#10246 = DEFINITIONAL_REPRESENTATION('',(#10247),#10251);
#10247 = LINE('',#10248,#10249);
#10248 = CARTESIAN_POINT('',(-6.28318530718,0.));
#10249 = VECTOR('',#10250,1.);
#10250 = DIRECTION('',(-0.,-1.));
#10251 = ( GEOMETRIC_REPRESENTATION_CONTEXT(2) 
PARAMETRIC_REPRESENTATION_CONTEXT() REPRESENTATION_CONTEXT('2D SPACE',''
  ) );
#10252 = PCURVE('',#10222,#10253);
#10253 = DEFINITIONAL_REPRESENTATION('',(#10254),#10258);
#10254 = LINE('',#10255,#10256);
#10255 = CARTESIAN_POINT('',(0.,-0.));
#10256 = VECTOR('',#10257,1.);
#10257 = DIRECTION('',(-0.,-1.));
#10258 = ( GEOMETRIC_REPRESENTATION_CONTEXT(2) 
PARAMETRIC_REPRESENTATION_CONTEXT() REPRESENTATION_CONTEXT('2D SPACE',''
  ) );
#10259 = ORIENTED_EDGE('',*,*,#10260,.F.);
#10260 = EDGE_CURVE('',#10261,#10238,#10263,.T.);
#10261 = VERTEX_POINT('',#10262);
#10262 = CARTESIAN_POINT('',(37.570216114745,42.060344175279,-8.9));
#10263 = SURFACE_CURVE('',#10264,(#10269,#10276),.PCURVE_S1.);
#10264 = CIRCLE('',#10265,3.175);
#10265 = AXIS2_PLACEMENT_3D('',#10266,#10267,#10268);
#10266 = CARTESIAN_POINT('',(39.815280145012,39.815280145012,-8.9));
#10267 = DIRECTION('',(0.707106781187,0.707106781187,-0.));
#10268 = DIRECTION('',(0.,0.,1.));
#10269 = PCURVE('',#10222,#10270);
#10270 = DEFINITIONAL_REPRESENTATION('',(#10271),#10275);
#10271 = LINE('',#10272,#10273);
#10272 = CARTESIAN_POINT('',(-0.,-3.30730917076));
#10273 = VECTOR('',#10274,1.);
#10274 = DIRECTION('',(-1.,-0.));
#10275 = ( GEOMETRIC_REPRESENTATION_CONTEXT(2) 
PARAMETRIC_REPRESENTATION_CONTEXT() REPRESENTATION_CONTEXT('2D SPACE',''
  ) );
#10276 = PCURVE('',#10277,#10282);
#10277 = CYLINDRICAL_SURFACE('',#10278,3.175);
#10278 = AXIS2_PLACEMENT_3D('',#10279,#10280,#10281);
#10279 = CARTESIAN_POINT('',(37.476659402887,37.476659402887,-8.9));
#10280 = DIRECTION('',(-0.707106781187,-0.707106781187,-0.));
#10281 = DIRECTION('',(-0.707106781187,0.707106781187,0.));
#10282 = DEFINITIONAL_REPRESENTATION('',(#10283),#10287);
#10283 = LINE('',#10284,#10285);
#10284 = CARTESIAN_POINT('',(4.712388980385,-3.30730917076));
#10285 = VECTOR('',#10286,1.);
#10286 = DIRECTION('',(-1.,0.));
#10287 = ( GEOMETRIC_REPRESENTATION_CONTEXT(2) 
PARAMETRIC_REPRESENTATION_CONTEXT() REPRESENTATION_CONTEXT('2D SPACE',''
  ) );
#10288 = ORIENTED_EDGE('',*,*,#10289,.F.);
#10289 = EDGE_CURVE('',#10238,#10261,#10290,.T.);
#10290 = SURFACE_CURVE('',#10291,(#10296,#10303),.PCURVE_S1.);
#10291 = CIRCLE('',#10292,3.175);
#10292 = AXIS2_PLACEMENT_3D('',#10293,#10294,#10295);
#10293 = CARTESIAN_POINT('',(39.815280145012,39.815280145012,-8.9));
#10294 = DIRECTION('',(0.707106781187,0.707106781187,-0.));
#10295 = DIRECTION('',(0.,0.,1.));
#10296 = PCURVE('',#10222,#10297);
#10297 = DEFINITIONAL_REPRESENTATION('',(#10298),#10302);
#10298 = LINE('',#10299,#10300);
#10299 = CARTESIAN_POINT('',(-0.,-3.30730917076));
#10300 = VECTOR('',#10301,1.);
#10301 = DIRECTION('',(-1.,-0.));
#10302 = ( GEOMETRIC_REPRESENTATION_CONTEXT(2) 
PARAMETRIC_REPRESENTATION_CONTEXT() REPRESENTATION_CONTEXT('2D SPACE',''
  ) );
#10303 = PCURVE('',#10277,#10304);
#10304 = DEFINITIONAL_REPRESENTATION('',(#10305),#10309);
#10305 = LINE('',#10306,#10307);
#10306 = CARTESIAN_POINT('',(-1.570796326795,-3.30730917076));
#10307 = VECTOR('',#10308,1.);
#10308 = DIRECTION('',(-1.,0.));
#10309 = ( GEOMETRIC_REPRESENTATION_CONTEXT(2) 
PARAMETRIC_REPRESENTATION_CONTEXT() REPRESENTATION_CONTEXT('2D SPACE',''
  ) );
#10310 = ORIENTED_EDGE('',*,*,#10237,.F.);
#10311 = ORIENTED_EDGE('',*,*,#10200,.T.);
#10312 = ADVANCED_FACE('',(#10313),#10277,.T.);
#10313 = FACE_BOUND('',#10314,.F.);
#10314 = EDGE_LOOP('',(#10315,#10316,#10339,#10366,#10367));
#10315 = ORIENTED_EDGE('',*,*,#10260,.F.);
#10316 = ORIENTED_EDGE('',*,*,#10317,.T.);
#10317 = EDGE_CURVE('',#10261,#10318,#10320,.T.);
#10318 = VERTEX_POINT('',#10319);
#10319 = CARTESIAN_POINT('',(43.363323356265,47.8534514168,-8.9));
#10320 = SEAM_CURVE('',#10321,(#10325,#10332),.PCURVE_S1.);
#10321 = LINE('',#10322,#10323);
#10322 = CARTESIAN_POINT('',(35.23159537262,39.721723433154,-8.9));
#10323 = VECTOR('',#10324,1.);
#10324 = DIRECTION('',(0.707106781187,0.707106781187,0.));
#10325 = PCURVE('',#10277,#10326);
#10326 = DEFINITIONAL_REPRESENTATION('',(#10327),#10331);
#10327 = LINE('',#10328,#10329);
#10328 = CARTESIAN_POINT('',(-6.28318530718,0.));
#10329 = VECTOR('',#10330,1.);
#10330 = DIRECTION('',(-0.,-1.));
#10331 = ( GEOMETRIC_REPRESENTATION_CONTEXT(2) 
PARAMETRIC_REPRESENTATION_CONTEXT() REPRESENTATION_CONTEXT('2D SPACE',''
  ) );
#10332 = PCURVE('',#10277,#10333);
#10333 = DEFINITIONAL_REPRESENTATION('',(#10334),#10338);
#10334 = LINE('',#10335,#10336);
#10335 = CARTESIAN_POINT('',(-0.,0.));
#10336 = VECTOR('',#10337,1.);
#10337 = DIRECTION('',(-0.,-1.));
#10338 = ( GEOMETRIC_REPRESENTATION_CONTEXT(2) 
PARAMETRIC_REPRESENTATION_CONTEXT() REPRESENTATION_CONTEXT('2D SPACE',''
  ) );
#10339 = ORIENTED_EDGE('',*,*,#10340,.T.);
#10340 = EDGE_CURVE('',#10318,#10318,#10341,.T.);
#10341 = SURFACE_CURVE('',#10342,(#10347,#10354),.PCURVE_S1.);
#10342 = CIRCLE('',#10343,3.175);
#10343 = AXIS2_PLACEMENT_3D('',#10344,#10345,#10346);
#10344 = CARTESIAN_POINT('',(45.608387386532,45.608387386532,-8.9));
#10345 = DIRECTION('',(0.707106781187,0.707106781187,-0.));
#10346 = DIRECTION('',(-0.707106781187,0.707106781187,0.));
#10347 = PCURVE('',#10277,#10348);
#10348 = DEFINITIONAL_REPRESENTATION('',(#10349),#10353);
#10349 = LINE('',#10350,#10351);
#10350 = CARTESIAN_POINT('',(-0.,-11.5));
#10351 = VECTOR('',#10352,1.);
#10352 = DIRECTION('',(-1.,0.));
#10353 = ( GEOMETRIC_REPRESENTATION_CONTEXT(2) 
PARAMETRIC_REPRESENTATION_CONTEXT() REPRESENTATION_CONTEXT('2D SPACE',''
  ) );
#10354 = PCURVE('',#10355,#10360);
#10355 = PLANE('',#10356);
#10356 = AXIS2_PLACEMENT_3D('',#10357,#10358,#10359);
#10357 = CARTESIAN_POINT('',(45.608387386532,45.608387386532,-8.9));
#10358 = DIRECTION('',(0.707106781187,0.707106781187,0.));
#10359 = DIRECTION('',(0.,0.,1.));
#10360 = DEFINITIONAL_REPRESENTATION('',(#10361),#10365);
#10361 = CIRCLE('',#10362,3.175);
#10362 = AXIS2_PLACEMENT_2D('',#10363,#10364);
#10363 = CARTESIAN_POINT('',(0.,0.));
#10364 = DIRECTION('',(0.,-1.));
#10365 = ( GEOMETRIC_REPRESENTATION_CONTEXT(2) 
PARAMETRIC_REPRESENTATION_CONTEXT() REPRESENTATION_CONTEXT('2D SPACE',''
  ) );
#10366 = ORIENTED_EDGE('',*,*,#10317,.F.);
#10367 = ORIENTED_EDGE('',*,*,#10289,.F.);
#10368 = ADVANCED_FACE('',(#10369),#10355,.T.);
#10369 = FACE_BOUND('',#10370,.T.);
#10370 = EDGE_LOOP('',(#10371));
#10371 = ORIENTED_EDGE('',*,*,#10340,.T.);
#10372 = ( GEOMETRIC_REPRESENTATION_CONTEXT(3) 
GLOBAL_UNCERTAINTY_ASSIGNED_CONTEXT((#10376)) 
GLOBAL_UNIT_ASSIGNED_CONTEXT((#10373,#10374,#10375)) 
REPRESENTATION_CONTEXT('Context #1',
  '3D Context with UNIT and UNCERTAINTY') );
#10373 = ( LENGTH_UNIT() NAMED_UNIT(*) SI_UNIT(.MILLI.,.METRE.) );
#10374 = ( NAMED_UNIT(*) PLANE_ANGLE_UNIT() SI_UNIT($,.RADIAN.) );
#10375 = ( NAMED_UNIT(*) SI_UNIT($,.STERADIAN.) SOLID_ANGLE_UNIT() );
#10376 = UNCERTAINTY_MEASURE_WITH_UNIT(LENGTH_MEASURE(1.E-07),#10373,
  'distance_accuracy_value','confusion accuracy');
#10377 = CONTEXT_DEPENDENT_SHAPE_REPRESENTATION(#10378,#10380);
#10378 = ( REPRESENTATION_RELATIONSHIP('','',#10193,#10) 
REPRESENTATION_RELATIONSHIP_WITH_TRANSFORMATION(#10379) 
SHAPE_REPRESENTATION_RELATIONSHIP() );
#10379 = ITEM_DEFINED_TRANSFORMATION('','',#11,#55);
#10380 = PRODUCT_DEFINITION_SHAPE('Placement','Placement of an item',
  #10381);
#10381 = NEXT_ASSEMBLY_USAGE_OCCURRENCE('22','tripod_screw','',#5,#10188
  ,$);
#10382 = PRODUCT_RELATED_PRODUCT_CATEGORY('part',$,(#10190));
#10383 = SHAPE_DEFINITION_REPRESENTATION(#10384,#10390);
#10384 = PRODUCT_DEFINITION_SHAPE('','',#10385);
#10385 = PRODUCT_DEFINITION('design','',#10386,#10389);
#10386 = PRODUCT_DEFINITION_FORMATION('','',#10387);
#10387 = PRODUCT('m3_a','m3_a','',(#10388));
#10388 = PRODUCT_CONTEXT('',#2,'mechanical');
#10389 = PRODUCT_DEFINITION_CONTEXT('part definition',#2,'design');
#10390 = ADVANCED_BREP_SHAPE_REPRESENTATION('',(#11,#10391),#10569);
#10391 = MANIFOLD_SOLID_BREP('',#10392);
#10392 = CLOSED_SHELL('',(#10393,#10430,#10509,#10565));
#10393 = ADVANCED_FACE('',(#10394),#10407,.F.);
#10394 = FACE_BOUND('',#10395,.F.);
#10395 = EDGE_LOOP('',(#10396));
#10396 = ORIENTED_EDGE('',*,*,#10397,.T.);
#10397 = EDGE_CURVE('',#10398,#10398,#10400,.T.);
#10398 = VERTEX_POINT('',#10399);
#10399 = CARTESIAN_POINT('',(53.386561979584,21.56675682619,-5.2));
#10400 = SURFACE_CURVE('',#10401,(#10406,#10418),.PCURVE_S1.);
#10401 = CIRCLE('',#10402,3.);
#10402 = AXIS2_PLACEMENT_3D('',#10403,#10404,#10405);
#10403 = CARTESIAN_POINT('',(53.386561979584,21.56675682619,-8.2));
#10404 = DIRECTION('',(0.707106781187,0.707106781187,-0.));
#10405 = DIRECTION('',(0.,0.,1.));
#10406 = PCURVE('',#10407,#10412);
#10407 = PLANE('',#10408);
#10408 = AXIS2_PLACEMENT_3D('',#10409,#10410,#10411);
#10409 = CARTESIAN_POINT('',(53.386561979584,21.56675682619,-8.2));
#10410 = DIRECTION('',(0.707106781187,0.707106781187,0.));
#10411 = DIRECTION('',(0.,0.,1.));
#10412 = DEFINITIONAL_REPRESENTATION('',(#10413),#10417);
#10413 = CIRCLE('',#10414,3.);
#10414 = AXIS2_PLACEMENT_2D('',#10415,#10416);
#10415 = CARTESIAN_POINT('',(0.,2.512147933894E-15));
#10416 = DIRECTION('',(1.,0.));
#10417 = ( GEOMETRIC_REPRESENTATION_CONTEXT(2) 
PARAMETRIC_REPRESENTATION_CONTEXT() REPRESENTATION_CONTEXT('2D SPACE',''
  ) );
#10418 = PCURVE('',#10419,#10424);
#10419 = CONICAL_SURFACE('',#10420,3.,0.785398163397);
#10420 = AXIS2_PLACEMENT_3D('',#10421,#10422,#10423);
#10421 = CARTESIAN_POINT('',(53.386561979584,21.56675682619,-8.2));
#10422 = DIRECTION('',(-0.707106781187,-0.707106781187,-0.));
#10423 = DIRECTION('',(0.,0.,1.));
#10424 = DEFINITIONAL_REPRESENTATION('',(#10425),#10429);
#10425 = LINE('',#10426,#10427);
#10426 = CARTESIAN_POINT('',(-0.,-0.));
#10427 = VECTOR('',#10428,1.);
#10428 = DIRECTION('',(-1.,-0.));
#10429 = ( GEOMETRIC_REPRESENTATION_CONTEXT(2) 
PARAMETRIC_REPRESENTATION_CONTEXT() REPRESENTATION_CONTEXT('2D SPACE',''
  ) );
#10430 = ADVANCED_FACE('',(#10431),#10419,.T.);
#10431 = FACE_BOUND('',#10432,.T.);
#10432 = EDGE_LOOP('',(#10433,#10456,#10485,#10507,#10508));
#10433 = ORIENTED_EDGE('',*,*,#10434,.T.);
#10434 = EDGE_CURVE('',#10398,#10435,#10437,.T.);
#10435 = VERTEX_POINT('',#10436);
#10436 = CARTESIAN_POINT('',(54.447222151364,22.62741699797,-6.7));
#10437 = SEAM_CURVE('',#10438,(#10442,#10449),.PCURVE_S1.);
#10438 = LINE('',#10439,#10440);
#10439 = CARTESIAN_POINT('',(53.386561979584,21.56675682619,-5.2));
#10440 = VECTOR('',#10441,1.);
#10441 = DIRECTION('',(0.5,0.5,-0.707106781187));
#10442 = PCURVE('',#10419,#10443);
#10443 = DEFINITIONAL_REPRESENTATION('',(#10444),#10448);
#10444 = LINE('',#10445,#10446);
#10445 = CARTESIAN_POINT('',(-6.28318530718,0.));
#10446 = VECTOR('',#10447,1.);
#10447 = DIRECTION('',(-0.,-1.));
#10448 = ( GEOMETRIC_REPRESENTATION_CONTEXT(2) 
PARAMETRIC_REPRESENTATION_CONTEXT() REPRESENTATION_CONTEXT('2D SPACE',''
  ) );
#10449 = PCURVE('',#10419,#10450);
#10450 = DEFINITIONAL_REPRESENTATION('',(#10451),#10455);
#10451 = LINE('',#10452,#10453);
#10452 = CARTESIAN_POINT('',(0.,-0.));
#10453 = VECTOR('',#10454,1.);
#10454 = DIRECTION('',(-0.,-1.));
#10455 = ( GEOMETRIC_REPRESENTATION_CONTEXT(2) 
PARAMETRIC_REPRESENTATION_CONTEXT() REPRESENTATION_CONTEXT('2D SPACE',''
  ) );
#10456 = ORIENTED_EDGE('',*,*,#10457,.F.);
#10457 = EDGE_CURVE('',#10458,#10435,#10460,.T.);
#10458 = VERTEX_POINT('',#10459);
#10459 = CARTESIAN_POINT('',(53.386561979584,23.688077169749,-8.2));
#10460 = SURFACE_CURVE('',#10461,(#10466,#10473),.PCURVE_S1.);
#10461 = CIRCLE('',#10462,1.5);
#10462 = AXIS2_PLACEMENT_3D('',#10463,#10464,#10465);
#10463 = CARTESIAN_POINT('',(54.447222151364,22.62741699797,-8.2));
#10464 = DIRECTION('',(0.707106781187,0.707106781187,-0.));
#10465 = DIRECTION('',(0.,0.,1.));
#10466 = PCURVE('',#10419,#10467);
#10467 = DEFINITIONAL_REPRESENTATION('',(#10468),#10472);
#10468 = LINE('',#10469,#10470);
#10469 = CARTESIAN_POINT('',(-0.,-1.5));
#10470 = VECTOR('',#10471,1.);
#10471 = DIRECTION('',(-1.,-0.));
#10472 = ( GEOMETRIC_REPRESENTATION_CONTEXT(2) 
PARAMETRIC_REPRESENTATION_CONTEXT() REPRESENTATION_CONTEXT('2D SPACE',''
  ) );
#10473 = PCURVE('',#10474,#10479);
#10474 = CYLINDRICAL_SURFACE('',#10475,1.5);
#10475 = AXIS2_PLACEMENT_3D('',#10476,#10477,#10478);
#10476 = CARTESIAN_POINT('',(53.386561979584,21.56675682619,-8.2));
#10477 = DIRECTION('',(-0.707106781187,-0.707106781187,-0.));
#10478 = DIRECTION('',(-0.707106781187,0.707106781187,0.));
#10479 = DEFINITIONAL_REPRESENTATION('',(#10480),#10484);
#10480 = LINE('',#10481,#10482);
#10481 = CARTESIAN_POINT('',(4.712388980385,-1.5));
#10482 = VECTOR('',#10483,1.);
#10483 = DIRECTION('',(-1.,0.));
#10484 = ( GEOMETRIC_REPRESENTATION_CONTEXT(2) 
PARAMETRIC_REPRESENTATION_CONTEXT() REPRESENTATION_CONTEXT('2D SPACE',''
  ) );
#10485 = ORIENTED_EDGE('',*,*,#10486,.F.);
#10486 = EDGE_CURVE('',#10435,#10458,#10487,.T.);
#10487 = SURFACE_CURVE('',#10488,(#10493,#10500),.PCURVE_S1.);
#10488 = CIRCLE('',#10489,1.5);
#10489 = AXIS2_PLACEMENT_3D('',#10490,#10491,#10492);
#10490 = CARTESIAN_POINT('',(54.447222151364,22.62741699797,-8.2));
#10491 = DIRECTION('',(0.707106781187,0.707106781187,-0.));
#10492 = DIRECTION('',(0.,0.,1.));
#10493 = PCURVE('',#10419,#10494);
#10494 = DEFINITIONAL_REPRESENTATION('',(#10495),#10499);
#10495 = LINE('',#10496,#10497);
#10496 = CARTESIAN_POINT('',(-0.,-1.5));
#10497 = VECTOR('',#10498,1.);
#10498 = DIRECTION('',(-1.,-0.));
#10499 = ( GEOMETRIC_REPRESENTATION_CONTEXT(2) 
PARAMETRIC_REPRESENTATION_CONTEXT() REPRESENTATION_CONTEXT('2D SPACE',''
  ) );
#10500 = PCURVE('',#10474,#10501);
#10501 = DEFINITIONAL_REPRESENTATION('',(#10502),#10506);
#10502 = LINE('',#10503,#10504);
#10503 = CARTESIAN_POINT('',(-1.570796326795,-1.5));
#10504 = VECTOR('',#10505,1.);
#10505 = DIRECTION('',(-1.,0.));
#10506 = ( GEOMETRIC_REPRESENTATION_CONTEXT(2) 
PARAMETRIC_REPRESENTATION_CONTEXT() REPRESENTATION_CONTEXT('2D SPACE',''
  ) );
#10507 = ORIENTED_EDGE('',*,*,#10434,.F.);
#10508 = ORIENTED_EDGE('',*,*,#10397,.T.);
#10509 = ADVANCED_FACE('',(#10510),#10474,.T.);
#10510 = FACE_BOUND('',#10511,.F.);
#10511 = EDGE_LOOP('',(#10512,#10513,#10536,#10563,#10564));
#10512 = ORIENTED_EDGE('',*,*,#10457,.F.);
#10513 = ORIENTED_EDGE('',*,*,#10514,.T.);
#10514 = EDGE_CURVE('',#10458,#10515,#10517,.T.);
#10515 = VERTEX_POINT('',#10516);
#10516 = CARTESIAN_POINT('',(58.33630944789,28.637824638055,-8.2));
#10517 = SEAM_CURVE('',#10518,(#10522,#10529),.PCURVE_S1.);
#10518 = LINE('',#10519,#10520);
#10519 = CARTESIAN_POINT('',(52.325901807805,22.62741699797,-8.2));
#10520 = VECTOR('',#10521,1.);
#10521 = DIRECTION('',(0.707106781187,0.707106781187,0.));
#10522 = PCURVE('',#10474,#10523);
#10523 = DEFINITIONAL_REPRESENTATION('',(#10524),#10528);
#10524 = LINE('',#10525,#10526);
#10525 = CARTESIAN_POINT('',(-6.28318530718,0.));
#10526 = VECTOR('',#10527,1.);
#10527 = DIRECTION('',(-0.,-1.));
#10528 = ( GEOMETRIC_REPRESENTATION_CONTEXT(2) 
PARAMETRIC_REPRESENTATION_CONTEXT() REPRESENTATION_CONTEXT('2D SPACE',''
  ) );
#10529 = PCURVE('',#10474,#10530);
#10530 = DEFINITIONAL_REPRESENTATION('',(#10531),#10535);
#10531 = LINE('',#10532,#10533);
#10532 = CARTESIAN_POINT('',(-0.,0.));
#10533 = VECTOR('',#10534,1.);
#10534 = DIRECTION('',(-0.,-1.));
#10535 = ( GEOMETRIC_REPRESENTATION_CONTEXT(2) 
PARAMETRIC_REPRESENTATION_CONTEXT() REPRESENTATION_CONTEXT('2D SPACE',''
  ) );
#10536 = ORIENTED_EDGE('',*,*,#10537,.T.);
#10537 = EDGE_CURVE('',#10515,#10515,#10538,.T.);
#10538 = SURFACE_CURVE('',#10539,(#10544,#10551),.PCURVE_S1.);
#10539 = CIRCLE('',#10540,1.5);
#10540 = AXIS2_PLACEMENT_3D('',#10541,#10542,#10543);
#10541 = CARTESIAN_POINT('',(59.39696961967,27.577164466275,-8.2));
#10542 = DIRECTION('',(0.707106781187,0.707106781187,-0.));
#10543 = DIRECTION('',(-0.707106781187,0.707106781187,0.));
#10544 = PCURVE('',#10474,#10545);
#10545 = DEFINITIONAL_REPRESENTATION('',(#10546),#10550);
#10546 = LINE('',#10547,#10548);
#10547 = CARTESIAN_POINT('',(-0.,-8.5));
#10548 = VECTOR('',#10549,1.);
#10549 = DIRECTION('',(-1.,0.));
#10550 = ( GEOMETRIC_REPRESENTATION_CONTEXT(2) 
PARAMETRIC_REPRESENTATION_CONTEXT() REPRESENTATION_CONTEXT('2D SPACE',''
  ) );
#10551 = PCURVE('',#10552,#10557);
#10552 = PLANE('',#10553);
#10553 = AXIS2_PLACEMENT_3D('',#10554,#10555,#10556);
#10554 = CARTESIAN_POINT('',(59.39696961967,27.577164466275,-8.2));
#10555 = DIRECTION('',(0.707106781187,0.707106781187,0.));
#10556 = DIRECTION('',(0.,0.,1.));
#10557 = DEFINITIONAL_REPRESENTATION('',(#10558),#10562);
#10558 = CIRCLE('',#10559,1.5);
#10559 = AXIS2_PLACEMENT_2D('',#10560,#10561);
#10560 = CARTESIAN_POINT('',(0.,2.512147933894E-15));
#10561 = DIRECTION('',(0.,-1.));
#10562 = ( GEOMETRIC_REPRESENTATION_CONTEXT(2) 
PARAMETRIC_REPRESENTATION_CONTEXT() REPRESENTATION_CONTEXT('2D SPACE',''
  ) );
#10563 = ORIENTED_EDGE('',*,*,#10514,.F.);
#10564 = ORIENTED_EDGE('',*,*,#10486,.F.);
#10565 = ADVANCED_FACE('',(#10566),#10552,.T.);
#10566 = FACE_BOUND('',#10567,.T.);
#10567 = EDGE_LOOP('',(#10568));
#10568 = ORIENTED_EDGE('',*,*,#10537,.T.);
#10569 = ( GEOMETRIC_REPRESENTATION_CONTEXT(3) 
GLOBAL_UNCERTAINTY_ASSIGNED_CONTEXT((#10573)) 
GLOBAL_UNIT_ASSIGNED_CONTEXT((#10570,#10571,#10572)) 
REPRESENTATION_CONTEXT('Context #1',
  '3D Context with UNIT and UNCERTAINTY') );
#10570 = ( LENGTH_UNIT() NAMED_UNIT(*) SI_UNIT(.MILLI.,.METRE.) );
#10571 = ( NAMED_UNIT(*) PLANE_ANGLE_UNIT() SI_UNIT($,.RADIAN.) );
#10572 = ( NAMED_UNIT(*) SI_UNIT($,.STERADIAN.) SOLID_ANGLE_UNIT() );
#10573 = UNCERTAINTY_MEASURE_WITH_UNIT(LENGTH_MEASURE(1.E-07),#10570,
  'distance_accuracy_value','confusion accuracy');
#10574 = CONTEXT_DEPENDENT_SHAPE_REPRESENTATION(#10575,#10577);
#10575 = ( REPRESENTATION_RELATIONSHIP('','',#10390,#10) 
REPRESENTATION_RELATIONSHIP_WITH_TRANSFORMATION(#10576) 
SHAPE_REPRESENTATION_RELATIONSHIP() );
#10576 = ITEM_DEFINED_TRANSFORMATION('','',#11,#59);
#10577 = PRODUCT_DEFINITION_SHAPE('Placement','Placement of an item',
  #10578);
#10578 = NEXT_ASSEMBLY_USAGE_OCCURRENCE('23','m3_a','',#5,#10385,$);
#10579 = PRODUCT_RELATED_PRODUCT_CATEGORY('part',$,(#10387));
#10580 = SHAPE_DEFINITION_REPRESENTATION(#10581,#10587);
#10581 = PRODUCT_DEFINITION_SHAPE('','',#10582);
#10582 = PRODUCT_DEFINITION('design','',#10583,#10586);
#10583 = PRODUCT_DEFINITION_FORMATION('','',#10584);
#10584 = PRODUCT('m3_b','m3_b','',(#10585));
#10585 = PRODUCT_CONTEXT('',#2,'mechanical');
#10586 = PRODUCT_DEFINITION_CONTEXT('part definition',#2,'design');
#10587 = ADVANCED_BREP_SHAPE_REPRESENTATION('',(#11,#10588),#10766);
#10588 = MANIFOLD_SOLID_BREP('',#10589);
#10589 = CLOSED_SHELL('',(#10590,#10627,#10706,#10762));
#10590 = ADVANCED_FACE('',(#10591),#10604,.F.);
#10591 = FACE_BOUND('',#10592,.F.);
#10592 = EDGE_LOOP('',(#10593));
#10593 = ORIENTED_EDGE('',*,*,#10594,.T.);
#10594 = EDGE_CURVE('',#10595,#10595,#10597,.T.);
#10595 = VERTEX_POINT('',#10596);
#10596 = CARTESIAN_POINT('',(21.56675682619,53.386561979584,-5.2));
#10597 = SURFACE_CURVE('',#10598,(#10603,#10615),.PCURVE_S1.);
#10598 = CIRCLE('',#10599,3.);
#10599 = AXIS2_PLACEMENT_3D('',#10600,#10601,#10602);
#10600 = CARTESIAN_POINT('',(21.56675682619,53.386561979584,-8.2));
#10601 = DIRECTION('',(0.707106781187,0.707106781187,-0.));
#10602 = DIRECTION('',(0.,0.,1.));
#10603 = PCURVE('',#10604,#10609);
#10604 = PLANE('',#10605);
#10605 = AXIS2_PLACEMENT_3D('',#10606,#10607,#10608);
#10606 = CARTESIAN_POINT('',(21.56675682619,53.386561979584,-8.2));
#10607 = DIRECTION('',(0.707106781187,0.707106781187,0.));
#10608 = DIRECTION('',(0.,0.,1.));
#10609 = DEFINITIONAL_REPRESENTATION('',(#10610),#10614);
#10610 = CIRCLE('',#10611,3.);
#10611 = AXIS2_PLACEMENT_2D('',#10612,#10613);
#10612 = CARTESIAN_POINT('',(0.,2.512147933894E-15));
#10613 = DIRECTION('',(1.,0.));
#10614 = ( GEOMETRIC_REPRESENTATION_CONTEXT(2) 
PARAMETRIC_REPRESENTATION_CONTEXT() REPRESENTATION_CONTEXT('2D SPACE',''
  ) );
#10615 = PCURVE('',#10616,#10621);
#10616 = CONICAL_SURFACE('',#10617,3.,0.785398163397);
#10617 = AXIS2_PLACEMENT_3D('',#10618,#10619,#10620);
#10618 = CARTESIAN_POINT('',(21.56675682619,53.386561979584,-8.2));
#10619 = DIRECTION('',(-0.707106781187,-0.707106781187,-0.));
#10620 = DIRECTION('',(0.,0.,1.));
#10621 = DEFINITIONAL_REPRESENTATION('',(#10622),#10626);
#10622 = LINE('',#10623,#10624);
#10623 = CARTESIAN_POINT('',(-0.,-0.));
#10624 = VECTOR('',#10625,1.);
#10625 = DIRECTION('',(-1.,-0.));
#10626 = ( GEOMETRIC_REPRESENTATION_CONTEXT(2) 
PARAMETRIC_REPRESENTATION_CONTEXT() REPRESENTATION_CONTEXT('2D SPACE',''
  ) );
#10627 = ADVANCED_FACE('',(#10628),#10616,.T.);
#10628 = FACE_BOUND('',#10629,.T.);
#10629 = EDGE_LOOP('',(#10630,#10653,#10682,#10704,#10705));
#10630 = ORIENTED_EDGE('',*,*,#10631,.T.);
#10631 = EDGE_CURVE('',#10595,#10632,#10634,.T.);
#10632 = VERTEX_POINT('',#10633);
#10633 = CARTESIAN_POINT('',(22.62741699797,54.447222151364,-6.7));
#10634 = SEAM_CURVE('',#10635,(#10639,#10646),.PCURVE_S1.);
#10635 = LINE('',#10636,#10637);
#10636 = CARTESIAN_POINT('',(21.56675682619,53.386561979584,-5.2));
#10637 = VECTOR('',#10638,1.);
#10638 = DIRECTION('',(0.5,0.5,-0.707106781187));
#10639 = PCURVE('',#10616,#10640);
#10640 = DEFINITIONAL_REPRESENTATION('',(#10641),#10645);
#10641 = LINE('',#10642,#10643);
#10642 = CARTESIAN_POINT('',(-6.28318530718,0.));
#10643 = VECTOR('',#10644,1.);
#10644 = DIRECTION('',(-0.,-1.));
#10645 = ( GEOMETRIC_REPRESENTATION_CONTEXT(2) 
PARAMETRIC_REPRESENTATION_CONTEXT() REPRESENTATION_CONTEXT('2D SPACE',''
  ) );
#10646 = PCURVE('',#10616,#10647);
#10647 = DEFINITIONAL_REPRESENTATION('',(#10648),#10652);
#10648 = LINE('',#10649,#10650);
#10649 = CARTESIAN_POINT('',(0.,-0.));
#10650 = VECTOR('',#10651,1.);
#10651 = DIRECTION('',(-0.,-1.));
#10652 = ( GEOMETRIC_REPRESENTATION_CONTEXT(2) 
PARAMETRIC_REPRESENTATION_CONTEXT() REPRESENTATION_CONTEXT('2D SPACE',''
  ) );
#10653 = ORIENTED_EDGE('',*,*,#10654,.F.);
#10654 = EDGE_CURVE('',#10655,#10632,#10657,.T.);
#10655 = VERTEX_POINT('',#10656);
#10656 = CARTESIAN_POINT('',(21.56675682619,55.507882323144,-8.2));
#10657 = SURFACE_CURVE('',#10658,(#10663,#10670),.PCURVE_S1.);
#10658 = CIRCLE('',#10659,1.5);
#10659 = AXIS2_PLACEMENT_3D('',#10660,#10661,#10662);
#10660 = CARTESIAN_POINT('',(22.62741699797,54.447222151364,-8.2));
#10661 = DIRECTION('',(0.707106781187,0.707106781187,-0.));
#10662 = DIRECTION('',(0.,0.,1.));
#10663 = PCURVE('',#10616,#10664);
#10664 = DEFINITIONAL_REPRESENTATION('',(#10665),#10669);
#10665 = LINE('',#10666,#10667);
#10666 = CARTESIAN_POINT('',(-0.,-1.5));
#10667 = VECTOR('',#10668,1.);
#10668 = DIRECTION('',(-1.,-0.));
#10669 = ( GEOMETRIC_REPRESENTATION_CONTEXT(2) 
PARAMETRIC_REPRESENTATION_CONTEXT() REPRESENTATION_CONTEXT('2D SPACE',''
  ) );
#10670 = PCURVE('',#10671,#10676);
#10671 = CYLINDRICAL_SURFACE('',#10672,1.5);
#10672 = AXIS2_PLACEMENT_3D('',#10673,#10674,#10675);
#10673 = CARTESIAN_POINT('',(21.56675682619,53.386561979584,-8.2));
#10674 = DIRECTION('',(-0.707106781187,-0.707106781187,-0.));
#10675 = DIRECTION('',(-0.707106781187,0.707106781187,0.));
#10676 = DEFINITIONAL_REPRESENTATION('',(#10677),#10681);
#10677 = LINE('',#10678,#10679);
#10678 = CARTESIAN_POINT('',(4.712388980385,-1.5));
#10679 = VECTOR('',#10680,1.);
#10680 = DIRECTION('',(-1.,0.));
#10681 = ( GEOMETRIC_REPRESENTATION_CONTEXT(2) 
PARAMETRIC_REPRESENTATION_CONTEXT() REPRESENTATION_CONTEXT('2D SPACE',''
  ) );
#10682 = ORIENTED_EDGE('',*,*,#10683,.F.);
#10683 = EDGE_CURVE('',#10632,#10655,#10684,.T.);
#10684 = SURFACE_CURVE('',#10685,(#10690,#10697),.PCURVE_S1.);
#10685 = CIRCLE('',#10686,1.5);
#10686 = AXIS2_PLACEMENT_3D('',#10687,#10688,#10689);
#10687 = CARTESIAN_POINT('',(22.62741699797,54.447222151364,-8.2));
#10688 = DIRECTION('',(0.707106781187,0.707106781187,-0.));
#10689 = DIRECTION('',(0.,0.,1.));
#10690 = PCURVE('',#10616,#10691);
#10691 = DEFINITIONAL_REPRESENTATION('',(#10692),#10696);
#10692 = LINE('',#10693,#10694);
#10693 = CARTESIAN_POINT('',(-0.,-1.5));
#10694 = VECTOR('',#10695,1.);
#10695 = DIRECTION('',(-1.,-0.));
#10696 = ( GEOMETRIC_REPRESENTATION_CONTEXT(2) 
PARAMETRIC_REPRESENTATION_CONTEXT() REPRESENTATION_CONTEXT('2D SPACE',''
  ) );
#10697 = PCURVE('',#10671,#10698);
#10698 = DEFINITIONAL_REPRESENTATION('',(#10699),#10703);
#10699 = LINE('',#10700,#10701);
#10700 = CARTESIAN_POINT('',(-1.570796326795,-1.5));
#10701 = VECTOR('',#10702,1.);
#10702 = DIRECTION('',(-1.,0.));
#10703 = ( GEOMETRIC_REPRESENTATION_CONTEXT(2) 
PARAMETRIC_REPRESENTATION_CONTEXT() REPRESENTATION_CONTEXT('2D SPACE',''
  ) );
#10704 = ORIENTED_EDGE('',*,*,#10631,.F.);
#10705 = ORIENTED_EDGE('',*,*,#10594,.T.);
#10706 = ADVANCED_FACE('',(#10707),#10671,.T.);
#10707 = FACE_BOUND('',#10708,.F.);
#10708 = EDGE_LOOP('',(#10709,#10710,#10733,#10760,#10761));
#10709 = ORIENTED_EDGE('',*,*,#10654,.F.);
#10710 = ORIENTED_EDGE('',*,*,#10711,.T.);
#10711 = EDGE_CURVE('',#10655,#10712,#10714,.T.);
#10712 = VERTEX_POINT('',#10713);
#10713 = CARTESIAN_POINT('',(26.516504294496,60.45762979145,-8.2));
#10714 = SEAM_CURVE('',#10715,(#10719,#10726),.PCURVE_S1.);
#10715 = LINE('',#10716,#10717);
#10716 = CARTESIAN_POINT('',(20.50609665441,54.447222151364,-8.2));
#10717 = VECTOR('',#10718,1.);
#10718 = DIRECTION('',(0.707106781187,0.707106781187,0.));
#10719 = PCURVE('',#10671,#10720);
#10720 = DEFINITIONAL_REPRESENTATION('',(#10721),#10725);
#10721 = LINE('',#10722,#10723);
#10722 = CARTESIAN_POINT('',(-6.28318530718,0.));
#10723 = VECTOR('',#10724,1.);
#10724 = DIRECTION('',(-0.,-1.));
#10725 = ( GEOMETRIC_REPRESENTATION_CONTEXT(2) 
PARAMETRIC_REPRESENTATION_CONTEXT() REPRESENTATION_CONTEXT('2D SPACE',''
  ) );
#10726 = PCURVE('',#10671,#10727);
#10727 = DEFINITIONAL_REPRESENTATION('',(#10728),#10732);
#10728 = LINE('',#10729,#10730);
#10729 = CARTESIAN_POINT('',(-0.,0.));
#10730 = VECTOR('',#10731,1.);
#10731 = DIRECTION('',(-0.,-1.));
#10732 = ( GEOMETRIC_REPRESENTATION_CONTEXT(2) 
PARAMETRIC_REPRESENTATION_CONTEXT() REPRESENTATION_CONTEXT('2D SPACE',''
  ) );
#10733 = ORIENTED_EDGE('',*,*,#10734,.T.);
#10734 = EDGE_CURVE('',#10712,#10712,#10735,.T.);
#10735 = SURFACE_CURVE('',#10736,(#10741,#10748),.PCURVE_S1.);
#10736 = CIRCLE('',#10737,1.5);
#10737 = AXIS2_PLACEMENT_3D('',#10738,#10739,#10740);
#10738 = CARTESIAN_POINT('',(27.577164466275,59.39696961967,-8.2));
#10739 = DIRECTION('',(0.707106781187,0.707106781187,-0.));
#10740 = DIRECTION('',(-0.707106781187,0.707106781187,0.));
#10741 = PCURVE('',#10671,#10742);
#10742 = DEFINITIONAL_REPRESENTATION('',(#10743),#10747);
#10743 = LINE('',#10744,#10745);
#10744 = CARTESIAN_POINT('',(-0.,-8.5));
#10745 = VECTOR('',#10746,1.);
#10746 = DIRECTION('',(-1.,0.));
#10747 = ( GEOMETRIC_REPRESENTATION_CONTEXT(2) 
PARAMETRIC_REPRESENTATION_CONTEXT() REPRESENTATION_CONTEXT('2D SPACE',''
  ) );
#10748 = PCURVE('',#10749,#10754);
#10749 = PLANE('',#10750);
#10750 = AXIS2_PLACEMENT_3D('',#10751,#10752,#10753);
#10751 = CARTESIAN_POINT('',(27.577164466275,59.39696961967,-8.2));
#10752 = DIRECTION('',(0.707106781187,0.707106781187,0.));
#10753 = DIRECTION('',(0.,0.,1.));
#10754 = DEFINITIONAL_REPRESENTATION('',(#10755),#10759);
#10755 = CIRCLE('',#10756,1.5);
#10756 = AXIS2_PLACEMENT_2D('',#10757,#10758);
#10757 = CARTESIAN_POINT('',(0.,0.));
#10758 = DIRECTION('',(0.,-1.));
#10759 = ( GEOMETRIC_REPRESENTATION_CONTEXT(2) 
PARAMETRIC_REPRESENTATION_CONTEXT() REPRESENTATION_CONTEXT('2D SPACE',''
  ) );
#10760 = ORIENTED_EDGE('',*,*,#10711,.F.);
#10761 = ORIENTED_EDGE('',*,*,#10683,.F.);
#10762 = ADVANCED_FACE('',(#10763),#10749,.T.);
#10763 = FACE_BOUND('',#10764,.T.);
#10764 = EDGE_LOOP('',(#10765));
#10765 = ORIENTED_EDGE('',*,*,#10734,.T.);
#10766 = ( GEOMETRIC_REPRESENTATION_CONTEXT(3) 
GLOBAL_UNCERTAINTY_ASSIGNED_CONTEXT((#10770)) 
GLOBAL_UNIT_ASSIGNED_CONTEXT((#10767,#10768,#10769)) 
REPRESENTATION_CONTEXT('Context #1',
  '3D Context with UNIT and UNCERTAINTY') );
#10767 = ( LENGTH_UNIT() NAMED_UNIT(*) SI_UNIT(.MILLI.,.METRE.) );
#10768 = ( NAMED_UNIT(*) PLANE_ANGLE_UNIT() SI_UNIT($,.RADIAN.) );
#10769 = ( NAMED_UNIT(*) SI_UNIT($,.STERADIAN.) SOLID_ANGLE_UNIT() );
#10770 = UNCERTAINTY_MEASURE_WITH_UNIT(LENGTH_MEASURE(1.E-07),#10767,
  'distance_accuracy_value','confusion accuracy');
#10771 = CONTEXT_DEPENDENT_SHAPE_REPRESENTATION(#10772,#10774);
#10772 = ( REPRESENTATION_RELATIONSHIP('','',#10587,#10) 
REPRESENTATION_RELATIONSHIP_WITH_TRANSFORMATION(#10773) 
SHAPE_REPRESENTATION_RELATIONSHIP() );
#10773 = ITEM_DEFINED_TRANSFORMATION('','',#11,#63);
#10774 = PRODUCT_DEFINITION_SHAPE('Placement','Placement of an item',
  #10775);
#10775 = NEXT_ASSEMBLY_USAGE_OCCURRENCE('24','m3_b','',#5,#10582,$);
#10776 = PRODUCT_RELATED_PRODUCT_CATEGORY('part',$,(#10584));
#10777 = MECHANICAL_DESIGN_GEOMETRIC_PRESENTATION_REPRESENTATION('',(
    #10778),#9347);
#10778 = STYLED_ITEM('color',(#10779),#9159);
#10779 = PRESENTATION_STYLE_ASSIGNMENT((#10780));
#10780 = SURFACE_STYLE_USAGE(.BOTH.,#10781);
#10781 = SURFACE_SIDE_STYLE('',(#10782));
#10782 = SURFACE_STYLE_FILL_AREA(#10783);
#10783 = FILL_AREA_STYLE('',(#10784));
#10784 = FILL_AREA_STYLE_COLOUR('',#10785);
#10785 = COLOUR_RGB('',0.800000010877,0.700000005816,0.299999996101);
#10786 = MECHANICAL_DESIGN_GEOMETRIC_PRESENTATION_REPRESENTATION('',(
    #10787),#10569);
#10787 = STYLED_ITEM('color',(#10788),#10391);
#10788 = PRESENTATION_STYLE_ASSIGNMENT((#10789));
#10789 = SURFACE_STYLE_USAGE(.BOTH.,#10790);
#10790 = SURFACE_SIDE_STYLE('',(#10791));
#10791 = SURFACE_STYLE_FILL_AREA(#10792);
#10792 = FILL_AREA_STYLE('',(#10793));
#10793 = FILL_AREA_STYLE_COLOUR('',#10785);
#10794 = MECHANICAL_DESIGN_GEOMETRIC_PRESENTATION_REPRESENTATION('',(
    #10795),#9554);
#10795 = STYLED_ITEM('color',(#10796),#9366);
#10796 = PRESENTATION_STYLE_ASSIGNMENT((#10797));
#10797 = SURFACE_STYLE_USAGE(.BOTH.,#10798);
#10798 = SURFACE_SIDE_STYLE('',(#10799));
#10799 = SURFACE_STYLE_FILL_AREA(#10800);
#10800 = FILL_AREA_STYLE('',(#10801));
#10801 = FILL_AREA_STYLE_COLOUR('',#10785);
#10802 = MECHANICAL_DESIGN_GEOMETRIC_PRESENTATION_REPRESENTATION('',(
    #10803),#10175);
#10803 = STYLED_ITEM('color',(#10804),#9987);
#10804 = PRESENTATION_STYLE_ASSIGNMENT((#10805));
#10805 = SURFACE_STYLE_USAGE(.BOTH.,#10806);
#10806 = SURFACE_SIDE_STYLE('',(#10807));
#10807 = SURFACE_STYLE_FILL_AREA(#10808);
#10808 = FILL_AREA_STYLE('',(#10809));
#10809 = FILL_AREA_STYLE_COLOUR('',#10785);
#10810 = MECHANICAL_DESIGN_GEOMETRIC_PRESENTATION_REPRESENTATION('',(
    #10811),#8933);
#10811 = STYLED_ITEM('color',(#10812),#8835);
#10812 = PRESENTATION_STYLE_ASSIGNMENT((#10813));
#10813 = SURFACE_STYLE_USAGE(.BOTH.,#10814);
#10814 = SURFACE_SIDE_STYLE('',(#10815));
#10815 = SURFACE_STYLE_FILL_AREA(#10816);
#10816 = FILL_AREA_STYLE('',(#10817));
#10817 = FILL_AREA_STYLE_COLOUR('',#10785);
#10818 = MECHANICAL_DESIGN_GEOMETRIC_PRESENTATION_REPRESENTATION('',(
    #10819),#6006);
#10819 = STYLED_ITEM('color',(#10820),#1148);
#10820 = PRESENTATION_STYLE_ASSIGNMENT((#10821));
#10821 = SURFACE_STYLE_USAGE(.BOTH.,#10822);
#10822 = SURFACE_SIDE_STYLE('',(#10823));
#10823 = SURFACE_STYLE_FILL_AREA(#10824);
#10824 = FILL_AREA_STYLE('',(#10825));
#10825 = FILL_AREA_STYLE_COLOUR('',#10826);
#10826 = COLOUR_RGB('',0.149999997808,0.149999997808,0.170000001676);
#10827 = MECHANICAL_DESIGN_GEOMETRIC_PRESENTATION_REPRESENTATION('',(
    #10828),#9761);
#10828 = STYLED_ITEM('color',(#10829),#9573);
#10829 = PRESENTATION_STYLE_ASSIGNMENT((#10830));
#10830 = SURFACE_STYLE_USAGE(.BOTH.,#10831);
#10831 = SURFACE_SIDE_STYLE('',(#10832));
#10832 = SURFACE_STYLE_FILL_AREA(#10833);
#10833 = FILL_AREA_STYLE('',(#10834));
#10834 = FILL_AREA_STYLE_COLOUR('',#10785);
#10835 = MECHANICAL_DESIGN_GEOMETRIC_PRESENTATION_REPRESENTATION('',(
    #10836),#10372);
#10836 = STYLED_ITEM('color',(#10837),#10194);
#10837 = PRESENTATION_STYLE_ASSIGNMENT((#10838));
#10838 = SURFACE_STYLE_USAGE(.BOTH.,#10839);
#10839 = SURFACE_SIDE_STYLE('',(#10840));
#10840 = SURFACE_STYLE_FILL_AREA(#10841);
#10841 = FILL_AREA_STYLE('',(#10842));
#10842 = FILL_AREA_STYLE_COLOUR('',#10785);
#10843 = MECHANICAL_DESIGN_GEOMETRIC_PRESENTATION_REPRESENTATION('',(
    #10844),#9140);
#10844 = STYLED_ITEM('color',(#10845),#8952);
#10845 = PRESENTATION_STYLE_ASSIGNMENT((#10846));
#10846 = SURFACE_STYLE_USAGE(.BOTH.,#10847);
#10847 = SURFACE_SIDE_STYLE('',(#10848));
#10848 = SURFACE_STYLE_FILL_AREA(#10849);
#10849 = FILL_AREA_STYLE('',(#10850));
#10850 = FILL_AREA_STYLE_COLOUR('',#10785);
#10851 = MECHANICAL_DESIGN_GEOMETRIC_PRESENTATION_REPRESENTATION('',(
    #10852),#8816);
#10852 = STYLED_ITEM('color',(#10853),#6025);
#10853 = PRESENTATION_STYLE_ASSIGNMENT((#10854));
#10854 = SURFACE_STYLE_USAGE(.BOTH.,#10855);
#10855 = SURFACE_SIDE_STYLE('',(#10856));
#10856 = SURFACE_STYLE_FILL_AREA(#10857);
#10857 = FILL_AREA_STYLE('',(#10858));
#10858 = FILL_AREA_STYLE_COLOUR('',#10859);
#10859 = COLOUR_RGB('',0.750000000934,0.750000000934,0.78000000177);
#10860 = MECHANICAL_DESIGN_GEOMETRIC_PRESENTATION_REPRESENTATION('',(
    #10861),#1129);
#10861 = STYLED_ITEM('color',(#10862),#81);
#10862 = PRESENTATION_STYLE_ASSIGNMENT((#10863));
#10863 = SURFACE_STYLE_USAGE(.BOTH.,#10864);
#10864 = SURFACE_SIDE_STYLE('',(#10865));
#10865 = SURFACE_STYLE_FILL_AREA(#10866);
#10866 = FILL_AREA_STYLE('',(#10867));
#10867 = FILL_AREA_STYLE_COLOUR('',#10868);
#10868 = COLOUR_RGB('',0.55000000909,0.569999999601,0.599999994755);
#10869 = MECHANICAL_DESIGN_GEOMETRIC_PRESENTATION_REPRESENTATION('',(
    #10870),#9968);
#10870 = STYLED_ITEM('color',(#10871),#9780);
#10871 = PRESENTATION_STYLE_ASSIGNMENT((#10872));
#10872 = SURFACE_STYLE_USAGE(.BOTH.,#10873);
#10873 = SURFACE_SIDE_STYLE('',(#10874));
#10874 = SURFACE_STYLE_FILL_AREA(#10875);
#10875 = FILL_AREA_STYLE('',(#10876));
#10876 = FILL_AREA_STYLE_COLOUR('',#10785);
#10877 = MECHANICAL_DESIGN_GEOMETRIC_PRESENTATION_REPRESENTATION('',(
    #10878),#10766);
#10878 = STYLED_ITEM('color',(#10879),#10588);
#10879 = PRESENTATION_STYLE_ASSIGNMENT((#10880));
#10880 = SURFACE_STYLE_USAGE(.BOTH.,#10881);
#10881 = SURFACE_SIDE_STYLE('',(#10882));
#10882 = SURFACE_STYLE_FILL_AREA(#10883);
#10883 = FILL_AREA_STYLE('',(#10884));
#10884 = FILL_AREA_STYLE_COLOUR('',#10785);
ENDSEC;
END-ISO-10303-21;
