ISO-10303-21;
HEADER;
FILE_DESCRIPTION(('Open CASCADE Model'),'2;1');
FILE_NAME('Open CASCADE Shape Model','2026-09-04T22:54:15',('Author'),(
    'Open CASCADE'),'Open CASCADE STEP processor 7.9','Open CASCADE 7.9'
  ,'Unknown');
FILE_SCHEMA(('AUTOMOTIVE_DESIGN { 1 0 10303 214 1 1 1 1 }'));
ENDSEC;
DATA;
#1 = APPLICATION_PROTOCOL_DEFINITION('international standard',
  'automotive_design',2000,#2);
#2 = APPLICATION_CONTEXT(
  'core data for automotive mechanical design processes');
#3 = SHAPE_DEFINITION_REPRESENTATION(#4,#10);
#4 = PRODUCT_DEFINITION_SHAPE('','',#5);
#5 = PRODUCT_DEFINITION('design','',#6,#9);
#6 = PRODUCT_DEFINITION_FORMATION('','',#7);
#7 = PRODUCT('Open CASCADE STEP translator 7.9 1',
  'Open CASCADE STEP translator 7.9 1','',(#8));
#8 = PRODUCT_CONTEXT('',#2,'mechanical');
#9 = PRODUCT_DEFINITION_CONTEXT('part definition',#2,'design');
#10 = ADVANCED_BREP_SHAPE_REPRESENTATION('',(#11,#15),#2271);
#11 = AXIS2_PLACEMENT_3D('',#12,#13,#14);
#12 = CARTESIAN_POINT('',(0.,0.,0.));
#13 = DIRECTION('',(0.,0.,1.));
#14 = DIRECTION('',(1.,0.,-0.));
#15 = MANIFOLD_SOLID_BREP('',#16);
#16 = CLOSED_SHELL('',(#17,#135,#224,#357,#697,#798,#1080,#1257,#1311,
    #1456,#1483,#1510,#1565,#1592,#1639,#1666,#1693,#1700,#1727,#1754,
    #1809,#1816,#1890,#1964,#2038,#2066,#2094,#2122,#2175,#2214,#2244));
#17 = ADVANCED_FACE('',(#18),#33,.T.);
#18 = FACE_BOUND('',#19,.F.);
#19 = EDGE_LOOP('',(#20,#56,#82,#111));
#20 = ORIENTED_EDGE('',*,*,#21,.F.);
#21 = EDGE_CURVE('',#22,#24,#26,.T.);
#22 = VERTEX_POINT('',#23);
#23 = CARTESIAN_POINT('',(28.,14.430869689662,5.));
#24 = VERTEX_POINT('',#25);
#25 = CARTESIAN_POINT('',(-28.,14.430869689662,5.));
#26 = SURFACE_CURVE('',#27,(#32,#44),.PCURVE_S1.);
#27 = CIRCLE('',#28,31.5);
#28 = AXIS2_PLACEMENT_3D('',#29,#30,#31);
#29 = CARTESIAN_POINT('',(0.,0.,5.));
#30 = DIRECTION('',(0.,0.,-1.));
#31 = DIRECTION('',(0.888888888889,0.458122847291,0.));
#32 = PCURVE('',#33,#38);
#33 = CYLINDRICAL_SURFACE('',#34,31.5);
#34 = AXIS2_PLACEMENT_3D('',#35,#36,#37);
#35 = CARTESIAN_POINT('',(0.,0.,0.));
#36 = DIRECTION('',(-0.,-0.,-1.));
#37 = DIRECTION('',(1.,0.,0.));
#38 = DEFINITIONAL_REPRESENTATION('',(#39),#43);
#39 = LINE('',#40,#41);
#40 = CARTESIAN_POINT('',(-6.75906755684,-5.));
#41 = VECTOR('',#42,1.);
#42 = DIRECTION('',(1.,-0.));
#43 = ( GEOMETRIC_REPRESENTATION_CONTEXT(2) 
PARAMETRIC_REPRESENTATION_CONTEXT() REPRESENTATION_CONTEXT('2D SPACE',''
  ) );
#44 = PCURVE('',#45,#50);
#45 = CONICAL_SURFACE('',#46,31.5,0.785398163397);
#46 = AXIS2_PLACEMENT_3D('',#47,#48,#49);
#47 = CARTESIAN_POINT('',(0.,0.,5.));
#48 = DIRECTION('',(-0.,-0.,-1.));
#49 = DIRECTION('',(1.,0.,0.));
#50 = DEFINITIONAL_REPRESENTATION('',(#51),#55);
#51 = LINE('',#52,#53);
#52 = CARTESIAN_POINT('',(-6.75906755684,-0.));
#53 = VECTOR('',#54,1.);
#54 = DIRECTION('',(1.,-0.));
#55 = ( GEOMETRIC_REPRESENTATION_CONTEXT(2) 
PARAMETRIC_REPRESENTATION_CONTEXT() REPRESENTATION_CONTEXT('2D SPACE',''
  ) );
#56 = ORIENTED_EDGE('',*,*,#57,.T.);
#57 = EDGE_CURVE('',#22,#58,#60,.T.);
#58 = VERTEX_POINT('',#59);
#59 = CARTESIAN_POINT('',(28.,14.430869689662,0.));
#60 = SURFACE_CURVE('',#61,(#65,#71),.PCURVE_S1.);
#61 = LINE('',#62,#63);
#62 = CARTESIAN_POINT('',(28.,14.430869689662,0.));
#63 = VECTOR('',#64,1.);
#64 = DIRECTION('',(-0.,-0.,-1.));
#65 = PCURVE('',#33,#66);
#66 = DEFINITIONAL_REPRESENTATION('',(#67),#70);
#67 = B_SPLINE_CURVE_WITH_KNOTS('',1,(#68,#69),.UNSPECIFIED.,.F.,.F.,(2,
    2),(-5.,0.),.PIECEWISE_BEZIER_KNOTS.);
#68 = CARTESIAN_POINT('',(-6.75906755684,-5.));
#69 = CARTESIAN_POINT('',(-6.75906755684,0.));
#70 = ( GEOMETRIC_REPRESENTATION_CONTEXT(2) 
PARAMETRIC_REPRESENTATION_CONTEXT() REPRESENTATION_CONTEXT('2D SPACE',''
  ) );
#71 = PCURVE('',#72,#77);
#72 = PLANE('',#73);
#73 = AXIS2_PLACEMENT_3D('',#74,#75,#76);
#74 = CARTESIAN_POINT('',(28.,11.5,0.));
#75 = DIRECTION('',(-1.,1.110223024625E-16,0.));
#76 = DIRECTION('',(1.110223024625E-16,1.,0.));
#77 = DEFINITIONAL_REPRESENTATION('',(#78),#81);
#78 = B_SPLINE_CURVE_WITH_KNOTS('',1,(#79,#80),.UNSPECIFIED.,.F.,.F.,(2,
    2),(-5.0000006,6.E-07),.PIECEWISE_BEZIER_KNOTS.);
#79 = CARTESIAN_POINT('',(2.930869689662,-5.0000006));
#80 = CARTESIAN_POINT('',(2.930869689662,6.E-07));
#81 = ( GEOMETRIC_REPRESENTATION_CONTEXT(2) 
PARAMETRIC_REPRESENTATION_CONTEXT() REPRESENTATION_CONTEXT('2D SPACE',''
  ) );
#82 = ORIENTED_EDGE('',*,*,#83,.F.);
#83 = EDGE_CURVE('',#84,#58,#86,.T.);
#84 = VERTEX_POINT('',#85);
#85 = CARTESIAN_POINT('',(-28.,14.430869689663,0.));
#86 = SURFACE_CURVE('',#87,(#92,#99),.PCURVE_S1.);
#87 = CIRCLE('',#88,31.5);
#88 = AXIS2_PLACEMENT_3D('',#89,#90,#91);
#89 = CARTESIAN_POINT('',(0.,0.,0.));
#90 = DIRECTION('',(0.,0.,1.));
#91 = DIRECTION('',(-0.888888888889,0.458122847291,0.));
#92 = PCURVE('',#33,#93);
#93 = DEFINITIONAL_REPRESENTATION('',(#94),#98);
#94 = LINE('',#95,#96);
#95 = CARTESIAN_POINT('',(-2.665710403929,0.));
#96 = VECTOR('',#97,1.);
#97 = DIRECTION('',(-1.,0.));
#98 = ( GEOMETRIC_REPRESENTATION_CONTEXT(2) 
PARAMETRIC_REPRESENTATION_CONTEXT() REPRESENTATION_CONTEXT('2D SPACE',''
  ) );
#99 = PCURVE('',#100,#105);
#100 = PLANE('',#101);
#101 = AXIS2_PLACEMENT_3D('',#102,#103,#104);
#102 = CARTESIAN_POINT('',(-2.083718297203E-15,1.492411923833E-15,0.));
#103 = DIRECTION('',(0.,0.,1.));
#104 = DIRECTION('',(1.,0.,-0.));
#105 = DEFINITIONAL_REPRESENTATION('',(#106),#110);
#106 = CIRCLE('',#107,31.5);
#107 = AXIS2_PLACEMENT_2D('',#108,#109);
#108 = CARTESIAN_POINT('',(2.083718297203E-15,-1.492411923833E-15));
#109 = DIRECTION('',(-0.888888888889,0.458122847291));
#110 = ( GEOMETRIC_REPRESENTATION_CONTEXT(2) 
PARAMETRIC_REPRESENTATION_CONTEXT() REPRESENTATION_CONTEXT('2D SPACE',''
  ) );
#111 = ORIENTED_EDGE('',*,*,#112,.F.);
#112 = EDGE_CURVE('',#24,#84,#113,.T.);
#113 = SURFACE_CURVE('',#114,(#118,#124),.PCURVE_S1.);
#114 = LINE('',#115,#116);
#115 = CARTESIAN_POINT('',(-28.,14.430869689662,0.));
#116 = VECTOR('',#117,1.);
#117 = DIRECTION('',(-0.,-0.,-1.));
#118 = PCURVE('',#33,#119);
#119 = DEFINITIONAL_REPRESENTATION('',(#120),#123);
#120 = B_SPLINE_CURVE_WITH_KNOTS('',1,(#121,#122),.UNSPECIFIED.,.F.,.F.,
  (2,2),(-5.,-0.),.PIECEWISE_BEZIER_KNOTS.);
#121 = CARTESIAN_POINT('',(-2.665710403929,-5.));
#122 = CARTESIAN_POINT('',(-2.665710403929,0.));
#123 = ( GEOMETRIC_REPRESENTATION_CONTEXT(2) 
PARAMETRIC_REPRESENTATION_CONTEXT() REPRESENTATION_CONTEXT('2D SPACE',''
  ) );
#124 = PCURVE('',#125,#130);
#125 = PLANE('',#126);
#126 = AXIS2_PLACEMENT_3D('',#127,#128,#129);
#127 = CARTESIAN_POINT('',(-28.,54.,0.));
#128 = DIRECTION('',(1.,-1.110223024625E-16,0.));
#129 = DIRECTION('',(-1.110223024625E-16,-1.,0.));
#130 = DEFINITIONAL_REPRESENTATION('',(#131),#134);
#131 = B_SPLINE_CURVE_WITH_KNOTS('',1,(#132,#133),.UNSPECIFIED.,.F.,.F.,
  (2,2),(-5.0000006,6.E-07),.PIECEWISE_BEZIER_KNOTS.);
#132 = CARTESIAN_POINT('',(39.569130310338,-5.0000006));
#133 = CARTESIAN_POINT('',(39.569130310338,6.E-07));
#134 = ( GEOMETRIC_REPRESENTATION_CONTEXT(2) 
PARAMETRIC_REPRESENTATION_CONTEXT() REPRESENTATION_CONTEXT('2D SPACE',''
  ) );
#135 = ADVANCED_FACE('',(#136),#45,.T.);
#136 = FACE_BOUND('',#137,.T.);
#137 = EDGE_LOOP('',(#138,#139,#166,#199));
#138 = ORIENTED_EDGE('',*,*,#21,.F.);
#139 = ORIENTED_EDGE('',*,*,#140,.T.);
#140 = EDGE_CURVE('',#22,#141,#143,.T.);
#141 = VERTEX_POINT('',#142);
#142 = CARTESIAN_POINT('',(28.,12.093386622446,6.));
#143 = SURFACE_CURVE('',#144,(#149,#159),.PCURVE_S1.);
#144 = HYPERBOLA('',#145,28.,28.);
#145 = AXIS2_PLACEMENT_3D('',#146,#147,#148);
#146 = CARTESIAN_POINT('',(28.,-3.10862446895E-15,36.5));
#147 = DIRECTION('',(-1.,1.110223024625E-16,0.));
#148 = DIRECTION('',(-0.,0.,-1.));
#149 = PCURVE('',#45,#150);
#150 = DEFINITIONAL_REPRESENTATION('',(#151),#158);
#151 = B_SPLINE_CURVE_WITH_KNOTS('',5,(#152,#153,#154,#155,#156,#157),
  .UNSPECIFIED.,.F.,.F.,(6,6),(-0.494932923095,-0.419494487444),
  .PIECEWISE_BEZIER_KNOTS.);
#152 = CARTESIAN_POINT('',(-6.75906755684,0.));
#153 = CARTESIAN_POINT('',(-6.745656279391,-0.217728446893));
#154 = CARTESIAN_POINT('',(-6.732129128336,-0.426493635781));
#155 = CARTESIAN_POINT('',(-6.718489793739,-0.626398822468));
#156 = CARTESIAN_POINT('',(-6.704742378804,-0.817538766297));
#157 = CARTESIAN_POINT('',(-6.69089138734,-1.));
#158 = ( GEOMETRIC_REPRESENTATION_CONTEXT(2) 
PARAMETRIC_REPRESENTATION_CONTEXT() REPRESENTATION_CONTEXT('2D SPACE',''
  ) );
#159 = PCURVE('',#72,#160);
#160 = DEFINITIONAL_REPRESENTATION('',(#161),#165);
#161 = ( BOUNDED_CURVE() B_SPLINE_CURVE(2,(#162,#163,#164),
.UNSPECIFIED.,.F.,.F.) B_SPLINE_CURVE_WITH_KNOTS((3,3),(-0.494932923095,
-0.419494487444),.PIECEWISE_BEZIER_KNOTS.) CURVE() 
GEOMETRIC_REPRESENTATION_ITEM() RATIONAL_B_SPLINE_CURVE((1.,
1.000711454042,1.)) REPRESENTATION_ITEM('') );
#162 = CARTESIAN_POINT('',(2.930869689662,-5.));
#163 = CARTESIAN_POINT('',(1.743277486158,-5.54406312169));
#164 = CARTESIAN_POINT('',(0.593386622448,-6.));
#165 = ( GEOMETRIC_REPRESENTATION_CONTEXT(2) 
PARAMETRIC_REPRESENTATION_CONTEXT() REPRESENTATION_CONTEXT('2D SPACE',''
  ) );
#166 = ORIENTED_EDGE('',*,*,#167,.T.);
#167 = EDGE_CURVE('',#141,#168,#170,.T.);
#168 = VERTEX_POINT('',#169);
#169 = CARTESIAN_POINT('',(-28.,12.093386622446,6.));
#170 = SURFACE_CURVE('',#171,(#176,#183),.PCURVE_S1.);
#171 = CIRCLE('',#172,30.5);
#172 = AXIS2_PLACEMENT_3D('',#173,#174,#175);
#173 = CARTESIAN_POINT('',(0.,0.,6.));
#174 = DIRECTION('',(0.,0.,-1.));
#175 = DIRECTION('',(0.918032786885,0.396504479424,0.));
#176 = PCURVE('',#45,#177);
#177 = DEFINITIONAL_REPRESENTATION('',(#178),#182);
#178 = LINE('',#179,#180);
#179 = CARTESIAN_POINT('',(-6.69089138734,-1.));
#180 = VECTOR('',#181,1.);
#181 = DIRECTION('',(1.,-0.));
#182 = ( GEOMETRIC_REPRESENTATION_CONTEXT(2) 
PARAMETRIC_REPRESENTATION_CONTEXT() REPRESENTATION_CONTEXT('2D SPACE',''
  ) );
#183 = PCURVE('',#184,#189);
#184 = PLANE('',#185);
#185 = AXIS2_PLACEMENT_3D('',#186,#187,#188);
#186 = CARTESIAN_POINT('',(-2.083718297203E-15,1.492411923833E-15,6.));
#187 = DIRECTION('',(0.,0.,1.));
#188 = DIRECTION('',(1.,0.,-0.));
#189 = DEFINITIONAL_REPRESENTATION('',(#190),#198);
#190 = ( BOUNDED_CURVE() B_SPLINE_CURVE(2,(#191,#192,#193,#194,#195,#196
,#197),.UNSPECIFIED.,.T.,.F.) B_SPLINE_CURVE_WITH_KNOTS((1,2,2,2,2,1),(
    -2.094395102393,0.,2.094395102393,4.188790204786,6.28318530718,
8.377580409573),.UNSPECIFIED.) CURVE() GEOMETRIC_REPRESENTATION_ITEM() 
RATIONAL_B_SPLINE_CURVE((1.,0.5,1.,0.5,1.,0.5,1.)) REPRESENTATION_ITEM(
  '') );
#191 = CARTESIAN_POINT('',(28.000000000001,12.093386622446));
#192 = CARTESIAN_POINT('',(48.946360065651,-36.40403598948));
#193 = CARTESIAN_POINT('',(-3.526819967175,-30.29540461718));
#194 = CARTESIAN_POINT('',(-56.,-24.18677324489));
#195 = CARTESIAN_POINT('',(-24.47318003282,18.202017994742));
#196 = CARTESIAN_POINT('',(7.05363993435,60.590809234376));
#197 = CARTESIAN_POINT('',(28.000000000001,12.093386622446));
#198 = ( GEOMETRIC_REPRESENTATION_CONTEXT(2) 
PARAMETRIC_REPRESENTATION_CONTEXT() REPRESENTATION_CONTEXT('2D SPACE',''
  ) );
#199 = ORIENTED_EDGE('',*,*,#200,.T.);
#200 = EDGE_CURVE('',#168,#24,#201,.T.);
#201 = SURFACE_CURVE('',#202,(#207,#217),.PCURVE_S1.);
#202 = HYPERBOLA('',#203,28.,28.);
#203 = AXIS2_PLACEMENT_3D('',#204,#205,#206);
#204 = CARTESIAN_POINT('',(-28.,3.10862446895E-15,36.5));
#205 = DIRECTION('',(1.,-1.110223024625E-16,0.));
#206 = DIRECTION('',(0.,-0.,-1.));
#207 = PCURVE('',#45,#208);
#208 = DEFINITIONAL_REPRESENTATION('',(#209),#216);
#209 = B_SPLINE_CURVE_WITH_KNOTS('',5,(#210,#211,#212,#213,#214,#215),
  .UNSPECIFIED.,.F.,.F.,(6,6),(0.419494487444,0.494932923095),
  .PIECEWISE_BEZIER_KNOTS.);
#210 = CARTESIAN_POINT('',(-2.733886573429,-1.));
#211 = CARTESIAN_POINT('',(-2.720035581966,-0.817538766297));
#212 = CARTESIAN_POINT('',(-2.70628816703,-0.626398822468));
#213 = CARTESIAN_POINT('',(-2.692648832433,-0.426493635781));
#214 = CARTESIAN_POINT('',(-2.679121681378,-0.217728446893));
#215 = CARTESIAN_POINT('',(-2.665710403929,3.552713678801E-15));
#216 = ( GEOMETRIC_REPRESENTATION_CONTEXT(2) 
PARAMETRIC_REPRESENTATION_CONTEXT() REPRESENTATION_CONTEXT('2D SPACE',''
  ) );
#217 = PCURVE('',#125,#218);
#218 = DEFINITIONAL_REPRESENTATION('',(#219),#223);
#219 = ( BOUNDED_CURVE() B_SPLINE_CURVE(2,(#220,#221,#222),
.UNSPECIFIED.,.F.,.F.) B_SPLINE_CURVE_WITH_KNOTS((3,3),(0.419494487444,
0.494932923095),.PIECEWISE_BEZIER_KNOTS.) CURVE() 
GEOMETRIC_REPRESENTATION_ITEM() RATIONAL_B_SPLINE_CURVE((1.,
1.000711454042,1.)) REPRESENTATION_ITEM('') );
#220 = CARTESIAN_POINT('',(41.906613377552,-6.));
#221 = CARTESIAN_POINT('',(40.756722513842,-5.54406312169));
#222 = CARTESIAN_POINT('',(39.569130310338,-5.));
#223 = ( GEOMETRIC_REPRESENTATION_CONTEXT(2) 
PARAMETRIC_REPRESENTATION_CONTEXT() REPRESENTATION_CONTEXT('2D SPACE',''
  ) );
#224 = ADVANCED_FACE('',(#225),#72,.F.);
#225 = FACE_BOUND('',#226,.F.);
#226 = EDGE_LOOP('',(#227,#250,#251,#252,#275,#303,#331));
#227 = ORIENTED_EDGE('',*,*,#228,.F.);
#228 = EDGE_CURVE('',#58,#229,#231,.T.);
#229 = VERTEX_POINT('',#230);
#230 = CARTESIAN_POINT('',(28.,48.,0.));
#231 = SURFACE_CURVE('',#232,(#236,#243),.PCURVE_S1.);
#232 = LINE('',#233,#234);
#233 = CARTESIAN_POINT('',(28.,11.5,0.));
#234 = VECTOR('',#235,1.);
#235 = DIRECTION('',(1.110223024625E-16,1.,0.));
#236 = PCURVE('',#72,#237);
#237 = DEFINITIONAL_REPRESENTATION('',(#238),#242);
#238 = LINE('',#239,#240);
#239 = CARTESIAN_POINT('',(0.,0.));
#240 = VECTOR('',#241,1.);
#241 = DIRECTION('',(1.,0.));
#242 = ( GEOMETRIC_REPRESENTATION_CONTEXT(2) 
PARAMETRIC_REPRESENTATION_CONTEXT() REPRESENTATION_CONTEXT('2D SPACE',''
  ) );
#243 = PCURVE('',#100,#244);
#244 = DEFINITIONAL_REPRESENTATION('',(#245),#249);
#245 = LINE('',#246,#247);
#246 = CARTESIAN_POINT('',(28.,11.5));
#247 = VECTOR('',#248,1.);
#248 = DIRECTION('',(1.110223024625E-16,1.));
#249 = ( GEOMETRIC_REPRESENTATION_CONTEXT(2) 
PARAMETRIC_REPRESENTATION_CONTEXT() REPRESENTATION_CONTEXT('2D SPACE',''
  ) );
#250 = ORIENTED_EDGE('',*,*,#57,.F.);
#251 = ORIENTED_EDGE('',*,*,#140,.T.);
#252 = ORIENTED_EDGE('',*,*,#253,.F.);
#253 = EDGE_CURVE('',#254,#141,#256,.T.);
#254 = VERTEX_POINT('',#255);
#255 = CARTESIAN_POINT('',(28.,54.,6.));
#256 = SURFACE_CURVE('',#257,(#261,#268),.PCURVE_S1.);
#257 = LINE('',#258,#259);
#258 = CARTESIAN_POINT('',(28.,54.,6.));
#259 = VECTOR('',#260,1.);
#260 = DIRECTION('',(-1.110223024625E-16,-1.,0.));
#261 = PCURVE('',#72,#262);
#262 = DEFINITIONAL_REPRESENTATION('',(#263),#267);
#263 = LINE('',#264,#265);
#264 = CARTESIAN_POINT('',(42.5,-6.));
#265 = VECTOR('',#266,1.);
#266 = DIRECTION('',(-1.,-0.));
#267 = ( GEOMETRIC_REPRESENTATION_CONTEXT(2) 
PARAMETRIC_REPRESENTATION_CONTEXT() REPRESENTATION_CONTEXT('2D SPACE',''
  ) );
#268 = PCURVE('',#184,#269);
#269 = DEFINITIONAL_REPRESENTATION('',(#270),#274);
#270 = LINE('',#271,#272);
#271 = CARTESIAN_POINT('',(28.,54.));
#272 = VECTOR('',#273,1.);
#273 = DIRECTION('',(-1.110223024625E-16,-1.));
#274 = ( GEOMETRIC_REPRESENTATION_CONTEXT(2) 
PARAMETRIC_REPRESENTATION_CONTEXT() REPRESENTATION_CONTEXT('2D SPACE',''
  ) );
#275 = ORIENTED_EDGE('',*,*,#276,.F.);
#276 = EDGE_CURVE('',#277,#254,#279,.T.);
#277 = VERTEX_POINT('',#278);
#278 = CARTESIAN_POINT('',(28.,54.,-13.05));
#279 = SURFACE_CURVE('',#280,(#284,#291),.PCURVE_S1.);
#280 = LINE('',#281,#282);
#281 = CARTESIAN_POINT('',(28.,54.,-19.05));
#282 = VECTOR('',#283,1.);
#283 = DIRECTION('',(0.,0.,1.));
#284 = PCURVE('',#72,#285);
#285 = DEFINITIONAL_REPRESENTATION('',(#286),#290);
#286 = LINE('',#287,#288);
#287 = CARTESIAN_POINT('',(42.5,19.05));
#288 = VECTOR('',#289,1.);
#289 = DIRECTION('',(0.,-1.));
#290 = ( GEOMETRIC_REPRESENTATION_CONTEXT(2) 
PARAMETRIC_REPRESENTATION_CONTEXT() REPRESENTATION_CONTEXT('2D SPACE',''
  ) );
#291 = PCURVE('',#292,#297);
#292 = PLANE('',#293);
#293 = AXIS2_PLACEMENT_3D('',#294,#295,#296);
#294 = CARTESIAN_POINT('',(28.,54.,-19.05));
#295 = DIRECTION('',(-1.110223024625E-16,-1.,0.));
#296 = DIRECTION('',(-1.,1.110223024625E-16,0.));
#297 = DEFINITIONAL_REPRESENTATION('',(#298),#302);
#298 = LINE('',#299,#300);
#299 = CARTESIAN_POINT('',(0.,0.));
#300 = VECTOR('',#301,1.);
#301 = DIRECTION('',(0.,-1.));
#302 = ( GEOMETRIC_REPRESENTATION_CONTEXT(2) 
PARAMETRIC_REPRESENTATION_CONTEXT() REPRESENTATION_CONTEXT('2D SPACE',''
  ) );
#303 = ORIENTED_EDGE('',*,*,#304,.F.);
#304 = EDGE_CURVE('',#305,#277,#307,.T.);
#305 = VERTEX_POINT('',#306);
#306 = CARTESIAN_POINT('',(28.,48.,-13.05));
#307 = SURFACE_CURVE('',#308,(#312,#319),.PCURVE_S1.);
#308 = LINE('',#309,#310);
#309 = CARTESIAN_POINT('',(28.,48.,-13.05));
#310 = VECTOR('',#311,1.);
#311 = DIRECTION('',(1.110223024625E-16,1.,0.));
#312 = PCURVE('',#72,#313);
#313 = DEFINITIONAL_REPRESENTATION('',(#314),#318);
#314 = LINE('',#315,#316);
#315 = CARTESIAN_POINT('',(36.5,13.05));
#316 = VECTOR('',#317,1.);
#317 = DIRECTION('',(1.,0.));
#318 = ( GEOMETRIC_REPRESENTATION_CONTEXT(2) 
PARAMETRIC_REPRESENTATION_CONTEXT() REPRESENTATION_CONTEXT('2D SPACE',''
  ) );
#319 = PCURVE('',#320,#325);
#320 = CYLINDRICAL_SURFACE('',#321,6.);
#321 = AXIS2_PLACEMENT_3D('',#322,#323,#324);
#322 = CARTESIAN_POINT('',(22.,48.,-13.05));
#323 = DIRECTION('',(1.110223024625E-16,1.,0.));
#324 = DIRECTION('',(1.,-1.110223024625E-16,0.));
#325 = DEFINITIONAL_REPRESENTATION('',(#326),#330);
#326 = LINE('',#327,#328);
#327 = CARTESIAN_POINT('',(0.,0.));
#328 = VECTOR('',#329,1.);
#329 = DIRECTION('',(0.,1.));
#330 = ( GEOMETRIC_REPRESENTATION_CONTEXT(2) 
PARAMETRIC_REPRESENTATION_CONTEXT() REPRESENTATION_CONTEXT('2D SPACE',''
  ) );
#331 = ORIENTED_EDGE('',*,*,#332,.T.);
#332 = EDGE_CURVE('',#305,#229,#333,.T.);
#333 = SURFACE_CURVE('',#334,(#338,#345),.PCURVE_S1.);
#334 = LINE('',#335,#336);
#335 = CARTESIAN_POINT('',(28.,48.,-19.05));
#336 = VECTOR('',#337,1.);
#337 = DIRECTION('',(0.,0.,1.));
#338 = PCURVE('',#72,#339);
#339 = DEFINITIONAL_REPRESENTATION('',(#340),#344);
#340 = LINE('',#341,#342);
#341 = CARTESIAN_POINT('',(36.5,19.05));
#342 = VECTOR('',#343,1.);
#343 = DIRECTION('',(0.,-1.));
#344 = ( GEOMETRIC_REPRESENTATION_CONTEXT(2) 
PARAMETRIC_REPRESENTATION_CONTEXT() REPRESENTATION_CONTEXT('2D SPACE',''
  ) );
#345 = PCURVE('',#346,#351);
#346 = PLANE('',#347);
#347 = AXIS2_PLACEMENT_3D('',#348,#349,#350);
#348 = CARTESIAN_POINT('',(-28.,48.,-19.05));
#349 = DIRECTION('',(1.110223024625E-16,1.,0.));
#350 = DIRECTION('',(1.,-1.110223024625E-16,0.));
#351 = DEFINITIONAL_REPRESENTATION('',(#352),#356);
#352 = LINE('',#353,#354);
#353 = CARTESIAN_POINT('',(56.,0.));
#354 = VECTOR('',#355,1.);
#355 = DIRECTION('',(0.,-1.));
#356 = ( GEOMETRIC_REPRESENTATION_CONTEXT(2) 
PARAMETRIC_REPRESENTATION_CONTEXT() REPRESENTATION_CONTEXT('2D SPACE',''
  ) );
#357 = ADVANCED_FACE('',(#358,#406,#441,#476,#507,#542,#662),#100,.F.);
#358 = FACE_BOUND('',#359,.F.);
#359 = EDGE_LOOP('',(#360,#361,#362,#385));
#360 = ORIENTED_EDGE('',*,*,#83,.T.);
#361 = ORIENTED_EDGE('',*,*,#228,.T.);
#362 = ORIENTED_EDGE('',*,*,#363,.T.);
#363 = EDGE_CURVE('',#229,#364,#366,.T.);
#364 = VERTEX_POINT('',#365);
#365 = CARTESIAN_POINT('',(-28.,48.,0.));
#366 = SURFACE_CURVE('',#367,(#371,#378),.PCURVE_S1.);
#367 = LINE('',#368,#369);
#368 = CARTESIAN_POINT('',(-14.,48.,0.));
#369 = VECTOR('',#370,1.);
#370 = DIRECTION('',(-1.,1.110223024625E-16,0.));
#371 = PCURVE('',#100,#372);
#372 = DEFINITIONAL_REPRESENTATION('',(#373),#377);
#373 = LINE('',#374,#375);
#374 = CARTESIAN_POINT('',(-14.,48.));
#375 = VECTOR('',#376,1.);
#376 = DIRECTION('',(-1.,1.110223024625E-16));
#377 = ( GEOMETRIC_REPRESENTATION_CONTEXT(2) 
PARAMETRIC_REPRESENTATION_CONTEXT() REPRESENTATION_CONTEXT('2D SPACE',''
  ) );
#378 = PCURVE('',#346,#379);
#379 = DEFINITIONAL_REPRESENTATION('',(#380),#384);
#380 = LINE('',#381,#382);
#381 = CARTESIAN_POINT('',(14.,-19.05));
#382 = VECTOR('',#383,1.);
#383 = DIRECTION('',(-1.,0.));
#384 = ( GEOMETRIC_REPRESENTATION_CONTEXT(2) 
PARAMETRIC_REPRESENTATION_CONTEXT() REPRESENTATION_CONTEXT('2D SPACE',''
  ) );
#385 = ORIENTED_EDGE('',*,*,#386,.T.);
#386 = EDGE_CURVE('',#364,#84,#387,.T.);
#387 = SURFACE_CURVE('',#388,(#392,#399),.PCURVE_S1.);
#388 = LINE('',#389,#390);
#389 = CARTESIAN_POINT('',(-28.,54.,0.));
#390 = VECTOR('',#391,1.);
#391 = DIRECTION('',(-1.110223024625E-16,-1.,0.));
#392 = PCURVE('',#100,#393);
#393 = DEFINITIONAL_REPRESENTATION('',(#394),#398);
#394 = LINE('',#395,#396);
#395 = CARTESIAN_POINT('',(-28.,54.));
#396 = VECTOR('',#397,1.);
#397 = DIRECTION('',(-1.110223024625E-16,-1.));
#398 = ( GEOMETRIC_REPRESENTATION_CONTEXT(2) 
PARAMETRIC_REPRESENTATION_CONTEXT() REPRESENTATION_CONTEXT('2D SPACE',''
  ) );
#399 = PCURVE('',#125,#400);
#400 = DEFINITIONAL_REPRESENTATION('',(#401),#405);
#401 = LINE('',#402,#403);
#402 = CARTESIAN_POINT('',(0.,0.));
#403 = VECTOR('',#404,1.);
#404 = DIRECTION('',(1.,0.));
#405 = ( GEOMETRIC_REPRESENTATION_CONTEXT(2) 
PARAMETRIC_REPRESENTATION_CONTEXT() REPRESENTATION_CONTEXT('2D SPACE',''
  ) );
#406 = FACE_BOUND('',#407,.F.);
#407 = EDGE_LOOP('',(#408));
#408 = ORIENTED_EDGE('',*,*,#409,.T.);
#409 = EDGE_CURVE('',#410,#410,#412,.T.);
#410 = VERTEX_POINT('',#411);
#411 = CARTESIAN_POINT('',(-14.37766952966,-17.67766952966,0.));
#412 = SURFACE_CURVE('',#413,(#418,#429),.PCURVE_S1.);
#413 = CIRCLE('',#414,3.3);
#414 = AXIS2_PLACEMENT_3D('',#415,#416,#417);
#415 = CARTESIAN_POINT('',(-17.67766952966,-17.67766952966,0.));
#416 = DIRECTION('',(0.,0.,-1.));
#417 = DIRECTION('',(1.,0.,0.));
#418 = PCURVE('',#100,#419);
#419 = DEFINITIONAL_REPRESENTATION('',(#420),#428);
#420 = ( BOUNDED_CURVE() B_SPLINE_CURVE(2,(#421,#422,#423,#424,#425,#426
,#427),.UNSPECIFIED.,.T.,.F.) B_SPLINE_CURVE_WITH_KNOTS((1,2,2,2,2,1),(
    -2.094395102393,0.,2.094395102393,4.188790204786,6.28318530718,
8.377580409573),.UNSPECIFIED.) CURVE() GEOMETRIC_REPRESENTATION_ITEM() 
RATIONAL_B_SPLINE_CURVE((1.,0.5,1.,0.5,1.,0.5,1.)) REPRESENTATION_ITEM(
  '') );
#421 = CARTESIAN_POINT('',(-14.37766952966,-17.67766952966));
#422 = CARTESIAN_POINT('',(-14.37766952966,-23.39343719464));
#423 = CARTESIAN_POINT('',(-19.32766952966,-20.53555336215));
#424 = CARTESIAN_POINT('',(-24.27766952966,-17.67766952966));
#425 = CARTESIAN_POINT('',(-19.32766952966,-14.81978569717));
#426 = CARTESIAN_POINT('',(-14.37766952966,-11.96190186468));
#427 = CARTESIAN_POINT('',(-14.37766952966,-17.67766952966));
#428 = ( GEOMETRIC_REPRESENTATION_CONTEXT(2) 
PARAMETRIC_REPRESENTATION_CONTEXT() REPRESENTATION_CONTEXT('2D SPACE',''
  ) );
#429 = PCURVE('',#430,#435);
#430 = CYLINDRICAL_SURFACE('',#431,3.3);
#431 = AXIS2_PLACEMENT_3D('',#432,#433,#434);
#432 = CARTESIAN_POINT('',(-17.67766952966,-17.67766952966,-20.));
#433 = DIRECTION('',(-0.,-0.,-1.));
#434 = DIRECTION('',(1.,0.,0.));
#435 = DEFINITIONAL_REPRESENTATION('',(#436),#440);
#436 = LINE('',#437,#438);
#437 = CARTESIAN_POINT('',(-6.28318530718,-20.));
#438 = VECTOR('',#439,1.);
#439 = DIRECTION('',(1.,-0.));
#440 = ( GEOMETRIC_REPRESENTATION_CONTEXT(2) 
PARAMETRIC_REPRESENTATION_CONTEXT() REPRESENTATION_CONTEXT('2D SPACE',''
  ) );
#441 = FACE_BOUND('',#442,.F.);
#442 = EDGE_LOOP('',(#443));
#443 = ORIENTED_EDGE('',*,*,#444,.T.);
#444 = EDGE_CURVE('',#445,#445,#447,.T.);
#445 = VERTEX_POINT('',#446);
#446 = CARTESIAN_POINT('',(20.977669529664,-17.67766952966,0.));
#447 = SURFACE_CURVE('',#448,(#453,#464),.PCURVE_S1.);
#448 = CIRCLE('',#449,3.3);
#449 = AXIS2_PLACEMENT_3D('',#450,#451,#452);
#450 = CARTESIAN_POINT('',(17.677669529664,-17.67766952966,0.));
#451 = DIRECTION('',(0.,0.,-1.));
#452 = DIRECTION('',(1.,0.,0.));
#453 = PCURVE('',#100,#454);
#454 = DEFINITIONAL_REPRESENTATION('',(#455),#463);
#455 = ( BOUNDED_CURVE() B_SPLINE_CURVE(2,(#456,#457,#458,#459,#460,#461
,#462),.UNSPECIFIED.,.T.,.F.) B_SPLINE_CURVE_WITH_KNOTS((1,2,2,2,2,1),(
    -2.094395102393,0.,2.094395102393,4.188790204786,6.28318530718,
8.377580409573),.UNSPECIFIED.) CURVE() GEOMETRIC_REPRESENTATION_ITEM() 
RATIONAL_B_SPLINE_CURVE((1.,0.5,1.,0.5,1.,0.5,1.)) REPRESENTATION_ITEM(
  '') );
#456 = CARTESIAN_POINT('',(20.977669529664,-17.67766952966));
#457 = CARTESIAN_POINT('',(20.977669529664,-23.39343719464));
#458 = CARTESIAN_POINT('',(16.027669529664,-20.53555336215));
#459 = CARTESIAN_POINT('',(11.077669529664,-17.67766952966));
#460 = CARTESIAN_POINT('',(16.027669529664,-14.81978569717));
#461 = CARTESIAN_POINT('',(20.977669529664,-11.96190186468));
#462 = CARTESIAN_POINT('',(20.977669529664,-17.67766952966));
#463 = ( GEOMETRIC_REPRESENTATION_CONTEXT(2) 
PARAMETRIC_REPRESENTATION_CONTEXT() REPRESENTATION_CONTEXT('2D SPACE',''
  ) );
#464 = PCURVE('',#465,#470);
#465 = CYLINDRICAL_SURFACE('',#466,3.3);
#466 = AXIS2_PLACEMENT_3D('',#467,#468,#469);
#467 = CARTESIAN_POINT('',(17.677669529664,-17.67766952966,-20.));
#468 = DIRECTION('',(-0.,-0.,-1.));
#469 = DIRECTION('',(1.,0.,0.));
#470 = DEFINITIONAL_REPRESENTATION('',(#471),#475);
#471 = LINE('',#472,#473);
#472 = CARTESIAN_POINT('',(-6.28318530718,-20.));
#473 = VECTOR('',#474,1.);
#474 = DIRECTION('',(1.,-0.));
#475 = ( GEOMETRIC_REPRESENTATION_CONTEXT(2) 
PARAMETRIC_REPRESENTATION_CONTEXT() REPRESENTATION_CONTEXT('2D SPACE',''
  ) );
#476 = FACE_BOUND('',#477,.F.);
#477 = EDGE_LOOP('',(#478));
#478 = ORIENTED_EDGE('',*,*,#479,.F.);
#479 = EDGE_CURVE('',#480,#480,#482,.T.);
#480 = VERTEX_POINT('',#481);
#481 = CARTESIAN_POINT('',(15.65,0.,0.));
#482 = SURFACE_CURVE('',#483,(#488,#495),.PCURVE_S1.);
#483 = CIRCLE('',#484,15.65);
#484 = AXIS2_PLACEMENT_3D('',#485,#486,#487);
#485 = CARTESIAN_POINT('',(0.,0.,0.));
#486 = DIRECTION('',(0.,0.,1.));
#487 = DIRECTION('',(1.,0.,0.));
#488 = PCURVE('',#100,#489);
#489 = DEFINITIONAL_REPRESENTATION('',(#490),#494);
#490 = CIRCLE('',#491,15.65);
#491 = AXIS2_PLACEMENT_2D('',#492,#493);
#492 = CARTESIAN_POINT('',(2.083718297203E-15,-1.492411923833E-15));
#493 = DIRECTION('',(1.,0.));
#494 = ( GEOMETRIC_REPRESENTATION_CONTEXT(2) 
PARAMETRIC_REPRESENTATION_CONTEXT() REPRESENTATION_CONTEXT('2D SPACE',''
  ) );
#495 = PCURVE('',#496,#501);
#496 = CYLINDRICAL_SURFACE('',#497,15.65);
#497 = AXIS2_PLACEMENT_3D('',#498,#499,#500);
#498 = CARTESIAN_POINT('',(0.,0.,-4.));
#499 = DIRECTION('',(-0.,-0.,-1.));
#500 = DIRECTION('',(1.,0.,0.));
#501 = DEFINITIONAL_REPRESENTATION('',(#502),#506);
#502 = LINE('',#503,#504);
#503 = CARTESIAN_POINT('',(-0.,-4.));
#504 = VECTOR('',#505,1.);
#505 = DIRECTION('',(-1.,0.));
#506 = ( GEOMETRIC_REPRESENTATION_CONTEXT(2) 
PARAMETRIC_REPRESENTATION_CONTEXT() REPRESENTATION_CONTEXT('2D SPACE',''
  ) );
#507 = FACE_BOUND('',#508,.F.);
#508 = EDGE_LOOP('',(#509));
#509 = ORIENTED_EDGE('',*,*,#510,.T.);
#510 = EDGE_CURVE('',#511,#511,#513,.T.);
#511 = VERTEX_POINT('',#512);
#512 = CARTESIAN_POINT('',(-14.37766952966,17.677669529664,0.));
#513 = SURFACE_CURVE('',#514,(#519,#530),.PCURVE_S1.);
#514 = CIRCLE('',#515,3.3);
#515 = AXIS2_PLACEMENT_3D('',#516,#517,#518);
#516 = CARTESIAN_POINT('',(-17.67766952966,17.677669529664,0.));
#517 = DIRECTION('',(0.,0.,-1.));
#518 = DIRECTION('',(1.,0.,0.));
#519 = PCURVE('',#100,#520);
#520 = DEFINITIONAL_REPRESENTATION('',(#521),#529);
#521 = ( BOUNDED_CURVE() B_SPLINE_CURVE(2,(#522,#523,#524,#525,#526,#527
,#528),.UNSPECIFIED.,.T.,.F.) B_SPLINE_CURVE_WITH_KNOTS((1,2,2,2,2,1),(
    -2.094395102393,0.,2.094395102393,4.188790204786,6.28318530718,
8.377580409573),.UNSPECIFIED.) CURVE() GEOMETRIC_REPRESENTATION_ITEM() 
RATIONAL_B_SPLINE_CURVE((1.,0.5,1.,0.5,1.,0.5,1.)) REPRESENTATION_ITEM(
  '') );
#522 = CARTESIAN_POINT('',(-14.37766952966,17.677669529664));
#523 = CARTESIAN_POINT('',(-14.37766952966,11.961901864686));
#524 = CARTESIAN_POINT('',(-19.32766952966,14.819785697175));
#525 = CARTESIAN_POINT('',(-24.27766952966,17.677669529664));
#526 = CARTESIAN_POINT('',(-19.32766952966,20.535553362152));
#527 = CARTESIAN_POINT('',(-14.37766952966,23.393437194641));
#528 = CARTESIAN_POINT('',(-14.37766952966,17.677669529664));
#529 = ( GEOMETRIC_REPRESENTATION_CONTEXT(2) 
PARAMETRIC_REPRESENTATION_CONTEXT() REPRESENTATION_CONTEXT('2D SPACE',''
  ) );
#530 = PCURVE('',#531,#536);
#531 = CYLINDRICAL_SURFACE('',#532,3.3);
#532 = AXIS2_PLACEMENT_3D('',#533,#534,#535);
#533 = CARTESIAN_POINT('',(-17.67766952966,17.677669529664,-20.));
#534 = DIRECTION('',(-0.,-0.,-1.));
#535 = DIRECTION('',(1.,0.,0.));
#536 = DEFINITIONAL_REPRESENTATION('',(#537),#541);
#537 = LINE('',#538,#539);
#538 = CARTESIAN_POINT('',(-6.28318530718,-20.));
#539 = VECTOR('',#540,1.);
#540 = DIRECTION('',(1.,-0.));
#541 = ( GEOMETRIC_REPRESENTATION_CONTEXT(2) 
PARAMETRIC_REPRESENTATION_CONTEXT() REPRESENTATION_CONTEXT('2D SPACE',''
  ) );
#542 = FACE_BOUND('',#543,.F.);
#543 = EDGE_LOOP('',(#544,#572,#605,#631));
#544 = ORIENTED_EDGE('',*,*,#545,.F.);
#545 = EDGE_CURVE('',#546,#548,#550,.T.);
#546 = VERTEX_POINT('',#547);
#547 = CARTESIAN_POINT('',(-3.1,26.4,0.));
#548 = VERTEX_POINT('',#549);
#549 = CARTESIAN_POINT('',(-3.1,23.6,0.));
#550 = SURFACE_CURVE('',#551,(#555,#561),.PCURVE_S1.);
#551 = LINE('',#552,#553);
#552 = CARTESIAN_POINT('',(-3.1,11.8,0.));
#553 = VECTOR('',#554,1.);
#554 = DIRECTION('',(-1.110223024625E-16,-1.,0.));
#555 = PCURVE('',#100,#556);
#556 = DEFINITIONAL_REPRESENTATION('',(#557),#560);
#557 = B_SPLINE_CURVE_WITH_KNOTS('',1,(#558,#559),.UNSPECIFIED.,.F.,.F.,
  (2,2),(-14.6,-11.8),.PIECEWISE_BEZIER_KNOTS.);
#558 = CARTESIAN_POINT('',(-3.1,26.4));
#559 = CARTESIAN_POINT('',(-3.1,23.6));
#560 = ( GEOMETRIC_REPRESENTATION_CONTEXT(2) 
PARAMETRIC_REPRESENTATION_CONTEXT() REPRESENTATION_CONTEXT('2D SPACE',''
  ) );
#561 = PCURVE('',#562,#567);
#562 = PLANE('',#563);
#563 = AXIS2_PLACEMENT_3D('',#564,#565,#566);
#564 = CARTESIAN_POINT('',(-3.1,23.6,-20.));
#565 = DIRECTION('',(-1.,1.110223024625E-16,0.));
#566 = DIRECTION('',(1.110223024625E-16,1.,0.));
#567 = DEFINITIONAL_REPRESENTATION('',(#568),#571);
#568 = B_SPLINE_CURVE_WITH_KNOTS('',1,(#569,#570),.UNSPECIFIED.,.F.,.F.,
  (2,2),(-14.6,-11.8),.PIECEWISE_BEZIER_KNOTS.);
#569 = CARTESIAN_POINT('',(2.8,-20.));
#570 = CARTESIAN_POINT('',(0.,-20.));
#571 = ( GEOMETRIC_REPRESENTATION_CONTEXT(2) 
PARAMETRIC_REPRESENTATION_CONTEXT() REPRESENTATION_CONTEXT('2D SPACE',''
  ) );
#572 = ORIENTED_EDGE('',*,*,#573,.T.);
#573 = EDGE_CURVE('',#546,#574,#576,.T.);
#574 = VERTEX_POINT('',#575);
#575 = CARTESIAN_POINT('',(3.1,26.4,0.));
#576 = SURFACE_CURVE('',#577,(#582,#593),.PCURVE_S1.);
#577 = CIRCLE('',#578,3.1);
#578 = AXIS2_PLACEMENT_3D('',#579,#580,#581);
#579 = CARTESIAN_POINT('',(1.964931133798E-15,26.4,0.));
#580 = DIRECTION('',(-0.,0.,-1.));
#581 = DIRECTION('',(-1.,-3.223228136009E-17,0.));
#582 = PCURVE('',#100,#583);
#583 = DEFINITIONAL_REPRESENTATION('',(#584),#592);
#584 = ( BOUNDED_CURVE() B_SPLINE_CURVE(2,(#585,#586,#587,#588,#589,#590
,#591),.UNSPECIFIED.,.T.,.F.) B_SPLINE_CURVE_WITH_KNOTS((1,2,2,2,2,1),(
    -2.094395102393,0.,2.094395102393,4.188790204786,6.28318530718,
8.377580409573),.UNSPECIFIED.) CURVE() GEOMETRIC_REPRESENTATION_ITEM() 
RATIONAL_B_SPLINE_CURVE((1.,0.5,1.,0.5,1.,0.5,1.)) REPRESENTATION_ITEM(
  '') );
#585 = CARTESIAN_POINT('',(-3.1,26.4));
#586 = CARTESIAN_POINT('',(-3.1,31.769357503464));
#587 = CARTESIAN_POINT('',(1.55,29.084678751732));
#588 = CARTESIAN_POINT('',(6.2,26.4));
#589 = CARTESIAN_POINT('',(1.55,23.715321248268));
#590 = CARTESIAN_POINT('',(-3.1,21.030642496536));
#591 = CARTESIAN_POINT('',(-3.1,26.4));
#592 = ( GEOMETRIC_REPRESENTATION_CONTEXT(2) 
PARAMETRIC_REPRESENTATION_CONTEXT() REPRESENTATION_CONTEXT('2D SPACE',''
  ) );
#593 = PCURVE('',#594,#599);
#594 = CYLINDRICAL_SURFACE('',#595,3.1);
#595 = AXIS2_PLACEMENT_3D('',#596,#597,#598);
#596 = CARTESIAN_POINT('',(1.964931133798E-15,26.4,-20.));
#597 = DIRECTION('',(-0.,0.,-1.));
#598 = DIRECTION('',(-1.,-3.223228136009E-17,0.));
#599 = DEFINITIONAL_REPRESENTATION('',(#600),#604);
#600 = LINE('',#601,#602);
#601 = CARTESIAN_POINT('',(0.,-20.));
#602 = VECTOR('',#603,1.);
#603 = DIRECTION('',(1.,0.));
#604 = ( GEOMETRIC_REPRESENTATION_CONTEXT(2) 
PARAMETRIC_REPRESENTATION_CONTEXT() REPRESENTATION_CONTEXT('2D SPACE',''
  ) );
#605 = ORIENTED_EDGE('',*,*,#606,.F.);
#606 = EDGE_CURVE('',#607,#574,#609,.T.);
#607 = VERTEX_POINT('',#608);
#608 = CARTESIAN_POINT('',(3.1,23.6,0.));
#609 = SURFACE_CURVE('',#610,(#614,#620),.PCURVE_S1.);
#610 = LINE('',#611,#612);
#611 = CARTESIAN_POINT('',(3.1,13.2,0.));
#612 = VECTOR('',#613,1.);
#613 = DIRECTION('',(1.110223024625E-16,1.,-0.));
#614 = PCURVE('',#100,#615);
#615 = DEFINITIONAL_REPRESENTATION('',(#616),#619);
#616 = B_SPLINE_CURVE_WITH_KNOTS('',1,(#617,#618),.UNSPECIFIED.,.F.,.F.,
  (2,2),(10.4,13.2),.PIECEWISE_BEZIER_KNOTS.);
#617 = CARTESIAN_POINT('',(3.1,23.6));
#618 = CARTESIAN_POINT('',(3.1,26.4));
#619 = ( GEOMETRIC_REPRESENTATION_CONTEXT(2) 
PARAMETRIC_REPRESENTATION_CONTEXT() REPRESENTATION_CONTEXT('2D SPACE',''
  ) );
#620 = PCURVE('',#621,#626);
#621 = PLANE('',#622);
#622 = AXIS2_PLACEMENT_3D('',#623,#624,#625);
#623 = CARTESIAN_POINT('',(3.1,26.4,-20.));
#624 = DIRECTION('',(1.,-1.110223024625E-16,0.));
#625 = DIRECTION('',(-1.110223024625E-16,-1.,0.));
#626 = DEFINITIONAL_REPRESENTATION('',(#627),#630);
#627 = B_SPLINE_CURVE_WITH_KNOTS('',1,(#628,#629),.UNSPECIFIED.,.F.,.F.,
  (2,2),(10.4,13.2),.PIECEWISE_BEZIER_KNOTS.);
#628 = CARTESIAN_POINT('',(2.8,-20.));
#629 = CARTESIAN_POINT('',(0.,-20.));
#630 = ( GEOMETRIC_REPRESENTATION_CONTEXT(2) 
PARAMETRIC_REPRESENTATION_CONTEXT() REPRESENTATION_CONTEXT('2D SPACE',''
  ) );
#631 = ORIENTED_EDGE('',*,*,#632,.T.);
#632 = EDGE_CURVE('',#607,#548,#633,.T.);
#633 = SURFACE_CURVE('',#634,(#639,#650),.PCURVE_S1.);
#634 = CIRCLE('',#635,3.1);
#635 = AXIS2_PLACEMENT_3D('',#636,#637,#638);
#636 = CARTESIAN_POINT('',(1.09668586407E-15,23.6,0.));
#637 = DIRECTION('',(0.,0.,-1.));
#638 = DIRECTION('',(1.,3.223228136009E-17,0.));
#639 = PCURVE('',#100,#640);
#640 = DEFINITIONAL_REPRESENTATION('',(#641),#649);
#641 = ( BOUNDED_CURVE() B_SPLINE_CURVE(2,(#642,#643,#644,#645,#646,#647
,#648),.UNSPECIFIED.,.T.,.F.) B_SPLINE_CURVE_WITH_KNOTS((1,2,2,2,2,1),(
    -2.094395102393,0.,2.094395102393,4.188790204786,6.28318530718,
8.377580409573),.UNSPECIFIED.) CURVE() GEOMETRIC_REPRESENTATION_ITEM() 
RATIONAL_B_SPLINE_CURVE((1.,0.5,1.,0.5,1.,0.5,1.)) REPRESENTATION_ITEM(
  '') );
#642 = CARTESIAN_POINT('',(3.1,23.6));
#643 = CARTESIAN_POINT('',(3.1,18.230642496536));
#644 = CARTESIAN_POINT('',(-1.55,20.915321248268));
#645 = CARTESIAN_POINT('',(-6.2,23.6));
#646 = CARTESIAN_POINT('',(-1.55,26.284678751732));
#647 = CARTESIAN_POINT('',(3.1,28.969357503464));
#648 = CARTESIAN_POINT('',(3.1,23.6));
#649 = ( GEOMETRIC_REPRESENTATION_CONTEXT(2) 
PARAMETRIC_REPRESENTATION_CONTEXT() REPRESENTATION_CONTEXT('2D SPACE',''
  ) );
#650 = PCURVE('',#651,#656);
#651 = CYLINDRICAL_SURFACE('',#652,3.1);
#652 = AXIS2_PLACEMENT_3D('',#653,#654,#655);
#653 = CARTESIAN_POINT('',(1.09668586407E-15,23.6,-20.));
#654 = DIRECTION('',(0.,0.,-1.));
#655 = DIRECTION('',(1.,3.223228136009E-17,0.));
#656 = DEFINITIONAL_REPRESENTATION('',(#657),#661);
#657 = LINE('',#658,#659);
#658 = CARTESIAN_POINT('',(0.,-20.));
#659 = VECTOR('',#660,1.);
#660 = DIRECTION('',(1.,0.));
#661 = ( GEOMETRIC_REPRESENTATION_CONTEXT(2) 
PARAMETRIC_REPRESENTATION_CONTEXT() REPRESENTATION_CONTEXT('2D SPACE',''
  ) );
#662 = FACE_BOUND('',#663,.F.);
#663 = EDGE_LOOP('',(#664));
#664 = ORIENTED_EDGE('',*,*,#665,.T.);
#665 = EDGE_CURVE('',#666,#666,#668,.T.);
#666 = VERTEX_POINT('',#667);
#667 = CARTESIAN_POINT('',(20.977669529664,17.677669529664,0.));
#668 = SURFACE_CURVE('',#669,(#674,#685),.PCURVE_S1.);
#669 = CIRCLE('',#670,3.3);
#670 = AXIS2_PLACEMENT_3D('',#671,#672,#673);
#671 = CARTESIAN_POINT('',(17.677669529664,17.677669529664,0.));
#672 = DIRECTION('',(0.,0.,-1.));
#673 = DIRECTION('',(1.,0.,0.));
#674 = PCURVE('',#100,#675);
#675 = DEFINITIONAL_REPRESENTATION('',(#676),#684);
#676 = ( BOUNDED_CURVE() B_SPLINE_CURVE(2,(#677,#678,#679,#680,#681,#682
,#683),.UNSPECIFIED.,.T.,.F.) B_SPLINE_CURVE_WITH_KNOTS((1,2,2,2,2,1),(
    -2.094395102393,0.,2.094395102393,4.188790204786,6.28318530718,
8.377580409573),.UNSPECIFIED.) CURVE() GEOMETRIC_REPRESENTATION_ITEM() 
RATIONAL_B_SPLINE_CURVE((1.,0.5,1.,0.5,1.,0.5,1.)) REPRESENTATION_ITEM(
  '') );
#677 = CARTESIAN_POINT('',(20.977669529664,17.677669529664));
#678 = CARTESIAN_POINT('',(20.977669529664,11.961901864686));
#679 = CARTESIAN_POINT('',(16.027669529664,14.819785697175));
#680 = CARTESIAN_POINT('',(11.077669529664,17.677669529664));
#681 = CARTESIAN_POINT('',(16.027669529664,20.535553362152));
#682 = CARTESIAN_POINT('',(20.977669529664,23.393437194641));
#683 = CARTESIAN_POINT('',(20.977669529664,17.677669529664));
#684 = ( GEOMETRIC_REPRESENTATION_CONTEXT(2) 
PARAMETRIC_REPRESENTATION_CONTEXT() REPRESENTATION_CONTEXT('2D SPACE',''
  ) );
#685 = PCURVE('',#686,#691);
#686 = CYLINDRICAL_SURFACE('',#687,3.3);
#687 = AXIS2_PLACEMENT_3D('',#688,#689,#690);
#688 = CARTESIAN_POINT('',(17.677669529664,17.677669529664,-20.));
#689 = DIRECTION('',(-0.,-0.,-1.));
#690 = DIRECTION('',(1.,0.,0.));
#691 = DEFINITIONAL_REPRESENTATION('',(#692),#696);
#692 = LINE('',#693,#694);
#693 = CARTESIAN_POINT('',(-6.28318530718,-20.));
#694 = VECTOR('',#695,1.);
#695 = DIRECTION('',(1.,-0.));
#696 = ( GEOMETRIC_REPRESENTATION_CONTEXT(2) 
PARAMETRIC_REPRESENTATION_CONTEXT() REPRESENTATION_CONTEXT('2D SPACE',''
  ) );
#697 = ADVANCED_FACE('',(#698),#125,.F.);
#698 = FACE_BOUND('',#699,.F.);
#699 = EDGE_LOOP('',(#700,#701,#724,#752,#775,#796,#797));
#700 = ORIENTED_EDGE('',*,*,#386,.F.);
#701 = ORIENTED_EDGE('',*,*,#702,.F.);
#702 = EDGE_CURVE('',#703,#364,#705,.T.);
#703 = VERTEX_POINT('',#704);
#704 = CARTESIAN_POINT('',(-28.,48.,-13.05));
#705 = SURFACE_CURVE('',#706,(#710,#717),.PCURVE_S1.);
#706 = LINE('',#707,#708);
#707 = CARTESIAN_POINT('',(-28.,48.,-19.05));
#708 = VECTOR('',#709,1.);
#709 = DIRECTION('',(0.,0.,1.));
#710 = PCURVE('',#125,#711);
#711 = DEFINITIONAL_REPRESENTATION('',(#712),#716);
#712 = LINE('',#713,#714);
#713 = CARTESIAN_POINT('',(6.,19.05));
#714 = VECTOR('',#715,1.);
#715 = DIRECTION('',(0.,-1.));
#716 = ( GEOMETRIC_REPRESENTATION_CONTEXT(2) 
PARAMETRIC_REPRESENTATION_CONTEXT() REPRESENTATION_CONTEXT('2D SPACE',''
  ) );
#717 = PCURVE('',#346,#718);
#718 = DEFINITIONAL_REPRESENTATION('',(#719),#723);
#719 = LINE('',#720,#721);
#720 = CARTESIAN_POINT('',(0.,0.));
#721 = VECTOR('',#722,1.);
#722 = DIRECTION('',(0.,-1.));
#723 = ( GEOMETRIC_REPRESENTATION_CONTEXT(2) 
PARAMETRIC_REPRESENTATION_CONTEXT() REPRESENTATION_CONTEXT('2D SPACE',''
  ) );
#724 = ORIENTED_EDGE('',*,*,#725,.F.);
#725 = EDGE_CURVE('',#726,#703,#728,.T.);
#726 = VERTEX_POINT('',#727);
#727 = CARTESIAN_POINT('',(-28.,54.,-13.05));
#728 = SURFACE_CURVE('',#729,(#733,#740),.PCURVE_S1.);
#729 = LINE('',#730,#731);
#730 = CARTESIAN_POINT('',(-28.,54.,-13.05));
#731 = VECTOR('',#732,1.);
#732 = DIRECTION('',(-1.110223024625E-16,-1.,0.));
#733 = PCURVE('',#125,#734);
#734 = DEFINITIONAL_REPRESENTATION('',(#735),#739);
#735 = LINE('',#736,#737);
#736 = CARTESIAN_POINT('',(-0.,13.05));
#737 = VECTOR('',#738,1.);
#738 = DIRECTION('',(1.,0.));
#739 = ( GEOMETRIC_REPRESENTATION_CONTEXT(2) 
PARAMETRIC_REPRESENTATION_CONTEXT() REPRESENTATION_CONTEXT('2D SPACE',''
  ) );
#740 = PCURVE('',#741,#746);
#741 = CYLINDRICAL_SURFACE('',#742,6.);
#742 = AXIS2_PLACEMENT_3D('',#743,#744,#745);
#743 = CARTESIAN_POINT('',(-22.,54.,-13.05));
#744 = DIRECTION('',(-1.110223024625E-16,-1.,0.));
#745 = DIRECTION('',(-1.,1.110223024625E-16,0.));
#746 = DEFINITIONAL_REPRESENTATION('',(#747),#751);
#747 = LINE('',#748,#749);
#748 = CARTESIAN_POINT('',(0.,0.));
#749 = VECTOR('',#750,1.);
#750 = DIRECTION('',(0.,1.));
#751 = ( GEOMETRIC_REPRESENTATION_CONTEXT(2) 
PARAMETRIC_REPRESENTATION_CONTEXT() REPRESENTATION_CONTEXT('2D SPACE',''
  ) );
#752 = ORIENTED_EDGE('',*,*,#753,.T.);
#753 = EDGE_CURVE('',#726,#754,#756,.T.);
#754 = VERTEX_POINT('',#755);
#755 = CARTESIAN_POINT('',(-28.,54.,6.));
#756 = SURFACE_CURVE('',#757,(#761,#768),.PCURVE_S1.);
#757 = LINE('',#758,#759);
#758 = CARTESIAN_POINT('',(-28.,54.,-19.05));
#759 = VECTOR('',#760,1.);
#760 = DIRECTION('',(0.,0.,1.));
#761 = PCURVE('',#125,#762);
#762 = DEFINITIONAL_REPRESENTATION('',(#763),#767);
#763 = LINE('',#764,#765);
#764 = CARTESIAN_POINT('',(-0.,19.05));
#765 = VECTOR('',#766,1.);
#766 = DIRECTION('',(0.,-1.));
#767 = ( GEOMETRIC_REPRESENTATION_CONTEXT(2) 
PARAMETRIC_REPRESENTATION_CONTEXT() REPRESENTATION_CONTEXT('2D SPACE',''
  ) );
#768 = PCURVE('',#292,#769);
#769 = DEFINITIONAL_REPRESENTATION('',(#770),#774);
#770 = LINE('',#771,#772);
#771 = CARTESIAN_POINT('',(56.,0.));
#772 = VECTOR('',#773,1.);
#773 = DIRECTION('',(0.,-1.));
#774 = ( GEOMETRIC_REPRESENTATION_CONTEXT(2) 
PARAMETRIC_REPRESENTATION_CONTEXT() REPRESENTATION_CONTEXT('2D SPACE',''
  ) );
#775 = ORIENTED_EDGE('',*,*,#776,.T.);
#776 = EDGE_CURVE('',#754,#168,#777,.T.);
#777 = SURFACE_CURVE('',#778,(#782,#789),.PCURVE_S1.);
#778 = LINE('',#779,#780);
#779 = CARTESIAN_POINT('',(-28.,54.,6.));
#780 = VECTOR('',#781,1.);
#781 = DIRECTION('',(-1.110223024625E-16,-1.,0.));
#782 = PCURVE('',#125,#783);
#783 = DEFINITIONAL_REPRESENTATION('',(#784),#788);
#784 = LINE('',#785,#786);
#785 = CARTESIAN_POINT('',(0.,-6.));
#786 = VECTOR('',#787,1.);
#787 = DIRECTION('',(1.,0.));
#788 = ( GEOMETRIC_REPRESENTATION_CONTEXT(2) 
PARAMETRIC_REPRESENTATION_CONTEXT() REPRESENTATION_CONTEXT('2D SPACE',''
  ) );
#789 = PCURVE('',#184,#790);
#790 = DEFINITIONAL_REPRESENTATION('',(#791),#795);
#791 = LINE('',#792,#793);
#792 = CARTESIAN_POINT('',(-28.,54.));
#793 = VECTOR('',#794,1.);
#794 = DIRECTION('',(-1.110223024625E-16,-1.));
#795 = ( GEOMETRIC_REPRESENTATION_CONTEXT(2) 
PARAMETRIC_REPRESENTATION_CONTEXT() REPRESENTATION_CONTEXT('2D SPACE',''
  ) );
#796 = ORIENTED_EDGE('',*,*,#200,.T.);
#797 = ORIENTED_EDGE('',*,*,#112,.T.);
#798 = ADVANCED_FACE('',(#799,#825,#855,#885,#920,#950,#1050),#184,.T.);
#799 = FACE_BOUND('',#800,.T.);
#800 = EDGE_LOOP('',(#801,#802,#803,#824));
#801 = ORIENTED_EDGE('',*,*,#167,.F.);
#802 = ORIENTED_EDGE('',*,*,#253,.F.);
#803 = ORIENTED_EDGE('',*,*,#804,.T.);
#804 = EDGE_CURVE('',#254,#754,#805,.T.);
#805 = SURFACE_CURVE('',#806,(#810,#817),.PCURVE_S1.);
#806 = LINE('',#807,#808);
#807 = CARTESIAN_POINT('',(28.,54.,6.));
#808 = VECTOR('',#809,1.);
#809 = DIRECTION('',(-1.,1.110223024625E-16,0.));
#810 = PCURVE('',#184,#811);
#811 = DEFINITIONAL_REPRESENTATION('',(#812),#816);
#812 = LINE('',#813,#814);
#813 = CARTESIAN_POINT('',(28.,54.));
#814 = VECTOR('',#815,1.);
#815 = DIRECTION('',(-1.,1.110223024625E-16));
#816 = ( GEOMETRIC_REPRESENTATION_CONTEXT(2) 
PARAMETRIC_REPRESENTATION_CONTEXT() REPRESENTATION_CONTEXT('2D SPACE',''
  ) );
#817 = PCURVE('',#292,#818);
#818 = DEFINITIONAL_REPRESENTATION('',(#819),#823);
#819 = LINE('',#820,#821);
#820 = CARTESIAN_POINT('',(0.,-25.05));
#821 = VECTOR('',#822,1.);
#822 = DIRECTION('',(1.,0.));
#823 = ( GEOMETRIC_REPRESENTATION_CONTEXT(2) 
PARAMETRIC_REPRESENTATION_CONTEXT() REPRESENTATION_CONTEXT('2D SPACE',''
  ) );
#824 = ORIENTED_EDGE('',*,*,#776,.T.);
#825 = FACE_BOUND('',#826,.T.);
#826 = EDGE_LOOP('',(#827));
#827 = ORIENTED_EDGE('',*,*,#828,.T.);
#828 = EDGE_CURVE('',#829,#829,#831,.T.);
#829 = VERTEX_POINT('',#830);
#830 = CARTESIAN_POINT('',(-14.37766952966,-17.67766952966,6.));
#831 = SURFACE_CURVE('',#832,(#837,#848),.PCURVE_S1.);
#832 = CIRCLE('',#833,3.3);
#833 = AXIS2_PLACEMENT_3D('',#834,#835,#836);
#834 = CARTESIAN_POINT('',(-17.67766952966,-17.67766952966,6.));
#835 = DIRECTION('',(0.,0.,-1.));
#836 = DIRECTION('',(1.,0.,0.));
#837 = PCURVE('',#184,#838);
#838 = DEFINITIONAL_REPRESENTATION('',(#839),#847);
#839 = ( BOUNDED_CURVE() B_SPLINE_CURVE(2,(#840,#841,#842,#843,#844,#845
,#846),.UNSPECIFIED.,.T.,.F.) B_SPLINE_CURVE_WITH_KNOTS((1,2,2,2,2,1),(
    -2.094395102393,0.,2.094395102393,4.188790204786,6.28318530718,
8.377580409573),.UNSPECIFIED.) CURVE() GEOMETRIC_REPRESENTATION_ITEM() 
RATIONAL_B_SPLINE_CURVE((1.,0.5,1.,0.5,1.,0.5,1.)) REPRESENTATION_ITEM(
  '') );
#840 = CARTESIAN_POINT('',(-14.37766952966,-17.67766952966));
#841 = CARTESIAN_POINT('',(-14.37766952966,-23.39343719464));
#842 = CARTESIAN_POINT('',(-19.32766952966,-20.53555336215));
#843 = CARTESIAN_POINT('',(-24.27766952966,-17.67766952966));
#844 = CARTESIAN_POINT('',(-19.32766952966,-14.81978569717));
#845 = CARTESIAN_POINT('',(-14.37766952966,-11.96190186468));
#846 = CARTESIAN_POINT('',(-14.37766952966,-17.67766952966));
#847 = ( GEOMETRIC_REPRESENTATION_CONTEXT(2) 
PARAMETRIC_REPRESENTATION_CONTEXT() REPRESENTATION_CONTEXT('2D SPACE',''
  ) );
#848 = PCURVE('',#430,#849);
#849 = DEFINITIONAL_REPRESENTATION('',(#850),#854);
#850 = LINE('',#851,#852);
#851 = CARTESIAN_POINT('',(-6.28318530718,-26.));
#852 = VECTOR('',#853,1.);
#853 = DIRECTION('',(1.,-0.));
#854 = ( GEOMETRIC_REPRESENTATION_CONTEXT(2) 
PARAMETRIC_REPRESENTATION_CONTEXT() REPRESENTATION_CONTEXT('2D SPACE',''
  ) );
#855 = FACE_BOUND('',#856,.T.);
#856 = EDGE_LOOP('',(#857));
#857 = ORIENTED_EDGE('',*,*,#858,.T.);
#858 = EDGE_CURVE('',#859,#859,#861,.T.);
#859 = VERTEX_POINT('',#860);
#860 = CARTESIAN_POINT('',(20.977669529664,-17.67766952966,6.));
#861 = SURFACE_CURVE('',#862,(#867,#878),.PCURVE_S1.);
#862 = CIRCLE('',#863,3.3);
#863 = AXIS2_PLACEMENT_3D('',#864,#865,#866);
#864 = CARTESIAN_POINT('',(17.677669529664,-17.67766952966,6.));
#865 = DIRECTION('',(0.,0.,-1.));
#866 = DIRECTION('',(1.,0.,0.));
#867 = PCURVE('',#184,#868);
#868 = DEFINITIONAL_REPRESENTATION('',(#869),#877);
#869 = ( BOUNDED_CURVE() B_SPLINE_CURVE(2,(#870,#871,#872,#873,#874,#875
,#876),.UNSPECIFIED.,.T.,.F.) B_SPLINE_CURVE_WITH_KNOTS((1,2,2,2,2,1),(
    -2.094395102393,0.,2.094395102393,4.188790204786,6.28318530718,
8.377580409573),.UNSPECIFIED.) CURVE() GEOMETRIC_REPRESENTATION_ITEM() 
RATIONAL_B_SPLINE_CURVE((1.,0.5,1.,0.5,1.,0.5,1.)) REPRESENTATION_ITEM(
  '') );
#870 = CARTESIAN_POINT('',(20.977669529664,-17.67766952966));
#871 = CARTESIAN_POINT('',(20.977669529664,-23.39343719464));
#872 = CARTESIAN_POINT('',(16.027669529664,-20.53555336215));
#873 = CARTESIAN_POINT('',(11.077669529664,-17.67766952966));
#874 = CARTESIAN_POINT('',(16.027669529664,-14.81978569717));
#875 = CARTESIAN_POINT('',(20.977669529664,-11.96190186468));
#876 = CARTESIAN_POINT('',(20.977669529664,-17.67766952966));
#877 = ( GEOMETRIC_REPRESENTATION_CONTEXT(2) 
PARAMETRIC_REPRESENTATION_CONTEXT() REPRESENTATION_CONTEXT('2D SPACE',''
  ) );
#878 = PCURVE('',#465,#879);
#879 = DEFINITIONAL_REPRESENTATION('',(#880),#884);
#880 = LINE('',#881,#882);
#881 = CARTESIAN_POINT('',(-6.28318530718,-26.));
#882 = VECTOR('',#883,1.);
#883 = DIRECTION('',(1.,-0.));
#884 = ( GEOMETRIC_REPRESENTATION_CONTEXT(2) 
PARAMETRIC_REPRESENTATION_CONTEXT() REPRESENTATION_CONTEXT('2D SPACE',''
  ) );
#885 = FACE_BOUND('',#886,.T.);
#886 = EDGE_LOOP('',(#887));
#887 = ORIENTED_EDGE('',*,*,#888,.T.);
#888 = EDGE_CURVE('',#889,#889,#891,.T.);
#889 = VERTEX_POINT('',#890);
#890 = CARTESIAN_POINT('',(15.85,0.,6.));
#891 = SURFACE_CURVE('',#892,(#897,#908),.PCURVE_S1.);
#892 = CIRCLE('',#893,15.85);
#893 = AXIS2_PLACEMENT_3D('',#894,#895,#896);
#894 = CARTESIAN_POINT('',(0.,0.,6.));
#895 = DIRECTION('',(0.,0.,-1.));
#896 = DIRECTION('',(1.,0.,0.));
#897 = PCURVE('',#184,#898);
#898 = DEFINITIONAL_REPRESENTATION('',(#899),#907);
#899 = ( BOUNDED_CURVE() B_SPLINE_CURVE(2,(#900,#901,#902,#903,#904,#905
,#906),.UNSPECIFIED.,.T.,.F.) B_SPLINE_CURVE_WITH_KNOTS((1,2,2,2,2,1),(
    -2.094395102393,0.,2.094395102393,4.188790204786,6.28318530718,
8.377580409573),.UNSPECIFIED.) CURVE() GEOMETRIC_REPRESENTATION_ITEM() 
RATIONAL_B_SPLINE_CURVE((1.,0.5,1.,0.5,1.,0.5,1.)) REPRESENTATION_ITEM(
  '') );
#900 = CARTESIAN_POINT('',(15.85,-1.492411923833E-15));
#901 = CARTESIAN_POINT('',(15.85,-27.45300529996));
#902 = CARTESIAN_POINT('',(-7.925,-13.72650264998));
#903 = CARTESIAN_POINT('',(-31.7,-5.37454227713E-15));
#904 = CARTESIAN_POINT('',(-7.925,13.726502649983));
#905 = CARTESIAN_POINT('',(15.85,27.453005299967));
#906 = CARTESIAN_POINT('',(15.85,-1.492411923833E-15));
#907 = ( GEOMETRIC_REPRESENTATION_CONTEXT(2) 
PARAMETRIC_REPRESENTATION_CONTEXT() REPRESENTATION_CONTEXT('2D SPACE',''
  ) );
#908 = PCURVE('',#909,#914);
#909 = CYLINDRICAL_SURFACE('',#910,15.85);
#910 = AXIS2_PLACEMENT_3D('',#911,#912,#913);
#911 = CARTESIAN_POINT('',(0.,0.,2.));
#912 = DIRECTION('',(-0.,-0.,-1.));
#913 = DIRECTION('',(1.,0.,0.));
#914 = DEFINITIONAL_REPRESENTATION('',(#915),#919);
#915 = LINE('',#916,#917);
#916 = CARTESIAN_POINT('',(-6.28318530718,-4.));
#917 = VECTOR('',#918,1.);
#918 = DIRECTION('',(1.,-0.));
#919 = ( GEOMETRIC_REPRESENTATION_CONTEXT(2) 
PARAMETRIC_REPRESENTATION_CONTEXT() REPRESENTATION_CONTEXT('2D SPACE',''
  ) );
#920 = FACE_BOUND('',#921,.T.);
#921 = EDGE_LOOP('',(#922));
#922 = ORIENTED_EDGE('',*,*,#923,.T.);
#923 = EDGE_CURVE('',#924,#924,#926,.T.);
#924 = VERTEX_POINT('',#925);
#925 = CARTESIAN_POINT('',(-14.37766952966,17.677669529664,6.));
#926 = SURFACE_CURVE('',#927,(#932,#943),.PCURVE_S1.);
#927 = CIRCLE('',#928,3.3);
#928 = AXIS2_PLACEMENT_3D('',#929,#930,#931);
#929 = CARTESIAN_POINT('',(-17.67766952966,17.677669529664,6.));
#930 = DIRECTION('',(0.,0.,-1.));
#931 = DIRECTION('',(1.,0.,0.));
#932 = PCURVE('',#184,#933);
#933 = DEFINITIONAL_REPRESENTATION('',(#934),#942);
#934 = ( BOUNDED_CURVE() B_SPLINE_CURVE(2,(#935,#936,#937,#938,#939,#940
,#941),.UNSPECIFIED.,.T.,.F.) B_SPLINE_CURVE_WITH_KNOTS((1,2,2,2,2,1),(
    -2.094395102393,0.,2.094395102393,4.188790204786,6.28318530718,
8.377580409573),.UNSPECIFIED.) CURVE() GEOMETRIC_REPRESENTATION_ITEM() 
RATIONAL_B_SPLINE_CURVE((1.,0.5,1.,0.5,1.,0.5,1.)) REPRESENTATION_ITEM(
  '') );
#935 = CARTESIAN_POINT('',(-14.37766952966,17.677669529664));
#936 = CARTESIAN_POINT('',(-14.37766952966,11.961901864686));
#937 = CARTESIAN_POINT('',(-19.32766952966,14.819785697175));
#938 = CARTESIAN_POINT('',(-24.27766952966,17.677669529664));
#939 = CARTESIAN_POINT('',(-19.32766952966,20.535553362152));
#940 = CARTESIAN_POINT('',(-14.37766952966,23.393437194641));
#941 = CARTESIAN_POINT('',(-14.37766952966,17.677669529664));
#942 = ( GEOMETRIC_REPRESENTATION_CONTEXT(2) 
PARAMETRIC_REPRESENTATION_CONTEXT() REPRESENTATION_CONTEXT('2D SPACE',''
  ) );
#943 = PCURVE('',#531,#944);
#944 = DEFINITIONAL_REPRESENTATION('',(#945),#949);
#945 = LINE('',#946,#947);
#946 = CARTESIAN_POINT('',(-6.28318530718,-26.));
#947 = VECTOR('',#948,1.);
#948 = DIRECTION('',(1.,-0.));
#949 = ( GEOMETRIC_REPRESENTATION_CONTEXT(2) 
PARAMETRIC_REPRESENTATION_CONTEXT() REPRESENTATION_CONTEXT('2D SPACE',''
  ) );
#950 = FACE_BOUND('',#951,.T.);
#951 = EDGE_LOOP('',(#952,#975,#1003,#1024));
#952 = ORIENTED_EDGE('',*,*,#953,.F.);
#953 = EDGE_CURVE('',#954,#956,#958,.T.);
#954 = VERTEX_POINT('',#955);
#955 = CARTESIAN_POINT('',(-3.1,26.4,6.));
#956 = VERTEX_POINT('',#957);
#957 = CARTESIAN_POINT('',(-3.1,23.6,6.));
#958 = SURFACE_CURVE('',#959,(#963,#969),.PCURVE_S1.);
#959 = LINE('',#960,#961);
#960 = CARTESIAN_POINT('',(-3.1,11.8,6.));
#961 = VECTOR('',#962,1.);
#962 = DIRECTION('',(-1.110223024625E-16,-1.,0.));
#963 = PCURVE('',#184,#964);
#964 = DEFINITIONAL_REPRESENTATION('',(#965),#968);
#965 = B_SPLINE_CURVE_WITH_KNOTS('',1,(#966,#967),.UNSPECIFIED.,.F.,.F.,
  (2,2),(-14.6,-11.8),.PIECEWISE_BEZIER_KNOTS.);
#966 = CARTESIAN_POINT('',(-3.1,26.4));
#967 = CARTESIAN_POINT('',(-3.1,23.6));
#968 = ( GEOMETRIC_REPRESENTATION_CONTEXT(2) 
PARAMETRIC_REPRESENTATION_CONTEXT() REPRESENTATION_CONTEXT('2D SPACE',''
  ) );
#969 = PCURVE('',#562,#970);
#970 = DEFINITIONAL_REPRESENTATION('',(#971),#974);
#971 = B_SPLINE_CURVE_WITH_KNOTS('',1,(#972,#973),.UNSPECIFIED.,.F.,.F.,
  (2,2),(-14.6,-11.8),.PIECEWISE_BEZIER_KNOTS.);
#972 = CARTESIAN_POINT('',(2.8,-26.));
#973 = CARTESIAN_POINT('',(0.,-26.));
#974 = ( GEOMETRIC_REPRESENTATION_CONTEXT(2) 
PARAMETRIC_REPRESENTATION_CONTEXT() REPRESENTATION_CONTEXT('2D SPACE',''
  ) );
#975 = ORIENTED_EDGE('',*,*,#976,.T.);
#976 = EDGE_CURVE('',#954,#977,#979,.T.);
#977 = VERTEX_POINT('',#978);
#978 = CARTESIAN_POINT('',(3.1,26.4,6.));
#979 = SURFACE_CURVE('',#980,(#985,#996),.PCURVE_S1.);
#980 = CIRCLE('',#981,3.1);
#981 = AXIS2_PLACEMENT_3D('',#982,#983,#984);
#982 = CARTESIAN_POINT('',(1.964931133798E-15,26.4,6.));
#983 = DIRECTION('',(-0.,0.,-1.));
#984 = DIRECTION('',(-1.,-3.223228136009E-17,0.));
#985 = PCURVE('',#184,#986);
#986 = DEFINITIONAL_REPRESENTATION('',(#987),#995);
#987 = ( BOUNDED_CURVE() B_SPLINE_CURVE(2,(#988,#989,#990,#991,#992,#993
,#994),.UNSPECIFIED.,.T.,.F.) B_SPLINE_CURVE_WITH_KNOTS((1,2,2,2,2,1),(
    -2.094395102393,0.,2.094395102393,4.188790204786,6.28318530718,
8.377580409573),.UNSPECIFIED.) CURVE() GEOMETRIC_REPRESENTATION_ITEM() 
RATIONAL_B_SPLINE_CURVE((1.,0.5,1.,0.5,1.,0.5,1.)) REPRESENTATION_ITEM(
  '') );
#988 = CARTESIAN_POINT('',(-3.1,26.4));
#989 = CARTESIAN_POINT('',(-3.1,31.769357503464));
#990 = CARTESIAN_POINT('',(1.55,29.084678751732));
#991 = CARTESIAN_POINT('',(6.2,26.4));
#992 = CARTESIAN_POINT('',(1.55,23.715321248268));
#993 = CARTESIAN_POINT('',(-3.1,21.030642496536));
#994 = CARTESIAN_POINT('',(-3.1,26.4));
#995 = ( GEOMETRIC_REPRESENTATION_CONTEXT(2) 
PARAMETRIC_REPRESENTATION_CONTEXT() REPRESENTATION_CONTEXT('2D SPACE',''
  ) );
#996 = PCURVE('',#594,#997);
#997 = DEFINITIONAL_REPRESENTATION('',(#998),#1002);
#998 = LINE('',#999,#1000);
#999 = CARTESIAN_POINT('',(0.,-26.));
#1000 = VECTOR('',#1001,1.);
#1001 = DIRECTION('',(1.,0.));
#1002 = ( GEOMETRIC_REPRESENTATION_CONTEXT(2) 
PARAMETRIC_REPRESENTATION_CONTEXT() REPRESENTATION_CONTEXT('2D SPACE',''
  ) );
#1003 = ORIENTED_EDGE('',*,*,#1004,.F.);
#1004 = EDGE_CURVE('',#1005,#977,#1007,.T.);
#1005 = VERTEX_POINT('',#1006);
#1006 = CARTESIAN_POINT('',(3.1,23.6,6.));
#1007 = SURFACE_CURVE('',#1008,(#1012,#1018),.PCURVE_S1.);
#1008 = LINE('',#1009,#1010);
#1009 = CARTESIAN_POINT('',(3.1,13.2,6.));
#1010 = VECTOR('',#1011,1.);
#1011 = DIRECTION('',(1.110223024625E-16,1.,-0.));
#1012 = PCURVE('',#184,#1013);
#1013 = DEFINITIONAL_REPRESENTATION('',(#1014),#1017);
#1014 = B_SPLINE_CURVE_WITH_KNOTS('',1,(#1015,#1016),.UNSPECIFIED.,.F.,
  .F.,(2,2),(10.4,13.2),.PIECEWISE_BEZIER_KNOTS.);
#1015 = CARTESIAN_POINT('',(3.1,23.6));
#1016 = CARTESIAN_POINT('',(3.1,26.4));
#1017 = ( GEOMETRIC_REPRESENTATION_CONTEXT(2) 
PARAMETRIC_REPRESENTATION_CONTEXT() REPRESENTATION_CONTEXT('2D SPACE',''
  ) );
#1018 = PCURVE('',#621,#1019);
#1019 = DEFINITIONAL_REPRESENTATION('',(#1020),#1023);
#1020 = B_SPLINE_CURVE_WITH_KNOTS('',1,(#1021,#1022),.UNSPECIFIED.,.F.,
  .F.,(2,2),(10.4,13.2),.PIECEWISE_BEZIER_KNOTS.);
#1021 = CARTESIAN_POINT('',(2.8,-26.));
#1022 = CARTESIAN_POINT('',(0.,-26.));
#1023 = ( GEOMETRIC_REPRESENTATION_CONTEXT(2) 
PARAMETRIC_REPRESENTATION_CONTEXT() REPRESENTATION_CONTEXT('2D SPACE',''
  ) );
#1024 = ORIENTED_EDGE('',*,*,#1025,.T.);
#1025 = EDGE_CURVE('',#1005,#956,#1026,.T.);
#1026 = SURFACE_CURVE('',#1027,(#1032,#1043),.PCURVE_S1.);
#1027 = CIRCLE('',#1028,3.1);
#1028 = AXIS2_PLACEMENT_3D('',#1029,#1030,#1031);
#1029 = CARTESIAN_POINT('',(1.09668586407E-15,23.6,6.));
#1030 = DIRECTION('',(0.,0.,-1.));
#1031 = DIRECTION('',(1.,3.223228136009E-17,0.));
#1032 = PCURVE('',#184,#1033);
#1033 = DEFINITIONAL_REPRESENTATION('',(#1034),#1042);
#1034 = ( BOUNDED_CURVE() B_SPLINE_CURVE(2,(#1035,#1036,#1037,#1038,
#1039,#1040,#1041),.UNSPECIFIED.,.T.,.F.) B_SPLINE_CURVE_WITH_KNOTS((1,2
    ,2,2,2,1),(-2.094395102393,0.,2.094395102393,4.188790204786,
6.28318530718,8.377580409573),.UNSPECIFIED.) CURVE() 
GEOMETRIC_REPRESENTATION_ITEM() RATIONAL_B_SPLINE_CURVE((1.,0.5,1.,0.5,
1.,0.5,1.)) REPRESENTATION_ITEM('') );
#1035 = CARTESIAN_POINT('',(3.1,23.6));
#1036 = CARTESIAN_POINT('',(3.1,18.230642496536));
#1037 = CARTESIAN_POINT('',(-1.55,20.915321248268));
#1038 = CARTESIAN_POINT('',(-6.2,23.6));
#1039 = CARTESIAN_POINT('',(-1.55,26.284678751732));
#1040 = CARTESIAN_POINT('',(3.1,28.969357503464));
#1041 = CARTESIAN_POINT('',(3.1,23.6));
#1042 = ( GEOMETRIC_REPRESENTATION_CONTEXT(2) 
PARAMETRIC_REPRESENTATION_CONTEXT() REPRESENTATION_CONTEXT('2D SPACE',''
  ) );
#1043 = PCURVE('',#651,#1044);
#1044 = DEFINITIONAL_REPRESENTATION('',(#1045),#1049);
#1045 = LINE('',#1046,#1047);
#1046 = CARTESIAN_POINT('',(0.,-26.));
#1047 = VECTOR('',#1048,1.);
#1048 = DIRECTION('',(1.,0.));
#1049 = ( GEOMETRIC_REPRESENTATION_CONTEXT(2) 
PARAMETRIC_REPRESENTATION_CONTEXT() REPRESENTATION_CONTEXT('2D SPACE',''
  ) );
#1050 = FACE_BOUND('',#1051,.T.);
#1051 = EDGE_LOOP('',(#1052));
#1052 = ORIENTED_EDGE('',*,*,#1053,.T.);
#1053 = EDGE_CURVE('',#1054,#1054,#1056,.T.);
#1054 = VERTEX_POINT('',#1055);
#1055 = CARTESIAN_POINT('',(20.977669529664,17.677669529664,6.));
#1056 = SURFACE_CURVE('',#1057,(#1062,#1073),.PCURVE_S1.);
#1057 = CIRCLE('',#1058,3.3);
#1058 = AXIS2_PLACEMENT_3D('',#1059,#1060,#1061);
#1059 = CARTESIAN_POINT('',(17.677669529664,17.677669529664,6.));
#1060 = DIRECTION('',(0.,0.,-1.));
#1061 = DIRECTION('',(1.,0.,0.));
#1062 = PCURVE('',#184,#1063);
#1063 = DEFINITIONAL_REPRESENTATION('',(#1064),#1072);
#1064 = ( BOUNDED_CURVE() B_SPLINE_CURVE(2,(#1065,#1066,#1067,#1068,
#1069,#1070,#1071),.UNSPECIFIED.,.T.,.F.) B_SPLINE_CURVE_WITH_KNOTS((1,2
    ,2,2,2,1),(-2.094395102393,0.,2.094395102393,4.188790204786,
6.28318530718,8.377580409573),.UNSPECIFIED.) CURVE() 
GEOMETRIC_REPRESENTATION_ITEM() RATIONAL_B_SPLINE_CURVE((1.,0.5,1.,0.5,
1.,0.5,1.)) REPRESENTATION_ITEM('') );
#1065 = CARTESIAN_POINT('',(20.977669529664,17.677669529664));
#1066 = CARTESIAN_POINT('',(20.977669529664,11.961901864686));
#1067 = CARTESIAN_POINT('',(16.027669529664,14.819785697175));
#1068 = CARTESIAN_POINT('',(11.077669529664,17.677669529664));
#1069 = CARTESIAN_POINT('',(16.027669529664,20.535553362152));
#1070 = CARTESIAN_POINT('',(20.977669529664,23.393437194641));
#1071 = CARTESIAN_POINT('',(20.977669529664,17.677669529664));
#1072 = ( GEOMETRIC_REPRESENTATION_CONTEXT(2) 
PARAMETRIC_REPRESENTATION_CONTEXT() REPRESENTATION_CONTEXT('2D SPACE',''
  ) );
#1073 = PCURVE('',#686,#1074);
#1074 = DEFINITIONAL_REPRESENTATION('',(#1075),#1079);
#1075 = LINE('',#1076,#1077);
#1076 = CARTESIAN_POINT('',(-6.28318530718,-26.));
#1077 = VECTOR('',#1078,1.);
#1078 = DIRECTION('',(1.,-0.));
#1079 = ( GEOMETRIC_REPRESENTATION_CONTEXT(2) 
PARAMETRIC_REPRESENTATION_CONTEXT() REPRESENTATION_CONTEXT('2D SPACE',''
  ) );
#1080 = ADVANCED_FACE('',(#1081,#1164,#1195,#1226),#346,.F.);
#1081 = FACE_BOUND('',#1082,.F.);
#1082 = EDGE_LOOP('',(#1083,#1111,#1112,#1113,#1114,#1138));
#1083 = ORIENTED_EDGE('',*,*,#1084,.F.);
#1084 = EDGE_CURVE('',#703,#1085,#1087,.T.);
#1085 = VERTEX_POINT('',#1086);
#1086 = CARTESIAN_POINT('',(-22.,48.,-19.05));
#1087 = SURFACE_CURVE('',#1088,(#1093,#1104),.PCURVE_S1.);
#1088 = CIRCLE('',#1089,6.);
#1089 = AXIS2_PLACEMENT_3D('',#1090,#1091,#1092);
#1090 = CARTESIAN_POINT('',(-22.,48.,-13.05));
#1091 = DIRECTION('',(-1.110223024625E-16,-1.,-0.));
#1092 = DIRECTION('',(0.,0.,-1.));
#1093 = PCURVE('',#346,#1094);
#1094 = DEFINITIONAL_REPRESENTATION('',(#1095),#1103);
#1095 = ( BOUNDED_CURVE() B_SPLINE_CURVE(2,(#1096,#1097,#1098,#1099,
#1100,#1101,#1102),.UNSPECIFIED.,.T.,.F.) B_SPLINE_CURVE_WITH_KNOTS((1,2
    ,2,2,2,1),(-2.094395102393,0.,2.094395102393,4.188790204786,
6.28318530718,8.377580409573),.UNSPECIFIED.) CURVE() 
GEOMETRIC_REPRESENTATION_ITEM() RATIONAL_B_SPLINE_CURVE((1.,0.5,1.,0.5,
1.,0.5,1.)) REPRESENTATION_ITEM('') );
#1096 = CARTESIAN_POINT('',(6.,3.552713678801E-15));
#1097 = CARTESIAN_POINT('',(16.392304845413,3.552713678801E-15));
#1098 = CARTESIAN_POINT('',(11.196152422707,-9.));
#1099 = CARTESIAN_POINT('',(6.,-18.));
#1100 = CARTESIAN_POINT('',(0.803847577293,-9.));
#1101 = CARTESIAN_POINT('',(-4.392304845413,-6.217248937901E-15));
#1102 = CARTESIAN_POINT('',(6.,3.552713678801E-15));
#1103 = ( GEOMETRIC_REPRESENTATION_CONTEXT(2) 
PARAMETRIC_REPRESENTATION_CONTEXT() REPRESENTATION_CONTEXT('2D SPACE',''
  ) );
#1104 = PCURVE('',#741,#1105);
#1105 = DEFINITIONAL_REPRESENTATION('',(#1106),#1110);
#1106 = LINE('',#1107,#1108);
#1107 = CARTESIAN_POINT('',(-4.712388980385,6.));
#1108 = VECTOR('',#1109,1.);
#1109 = DIRECTION('',(1.,0.));
#1110 = ( GEOMETRIC_REPRESENTATION_CONTEXT(2) 
PARAMETRIC_REPRESENTATION_CONTEXT() REPRESENTATION_CONTEXT('2D SPACE',''
  ) );
#1111 = ORIENTED_EDGE('',*,*,#702,.T.);
#1112 = ORIENTED_EDGE('',*,*,#363,.F.);
#1113 = ORIENTED_EDGE('',*,*,#332,.F.);
#1114 = ORIENTED_EDGE('',*,*,#1115,.T.);
#1115 = EDGE_CURVE('',#305,#1116,#1118,.T.);
#1116 = VERTEX_POINT('',#1117);
#1117 = CARTESIAN_POINT('',(22.,48.,-19.05));
#1118 = SURFACE_CURVE('',#1119,(#1124,#1131),.PCURVE_S1.);
#1119 = CIRCLE('',#1120,6.);
#1120 = AXIS2_PLACEMENT_3D('',#1121,#1122,#1123);
#1121 = CARTESIAN_POINT('',(22.,48.,-13.05));
#1122 = DIRECTION('',(1.110223024625E-16,1.,-0.));
#1123 = DIRECTION('',(0.,0.,1.));
#1124 = PCURVE('',#346,#1125);
#1125 = DEFINITIONAL_REPRESENTATION('',(#1126),#1130);
#1126 = CIRCLE('',#1127,6.);
#1127 = AXIS2_PLACEMENT_2D('',#1128,#1129);
#1128 = CARTESIAN_POINT('',(50.,-6.));
#1129 = DIRECTION('',(0.,-1.));
#1130 = ( GEOMETRIC_REPRESENTATION_CONTEXT(2) 
PARAMETRIC_REPRESENTATION_CONTEXT() REPRESENTATION_CONTEXT('2D SPACE',''
  ) );
#1131 = PCURVE('',#320,#1132);
#1132 = DEFINITIONAL_REPRESENTATION('',(#1133),#1137);
#1133 = LINE('',#1134,#1135);
#1134 = CARTESIAN_POINT('',(-1.570796326795,0.));
#1135 = VECTOR('',#1136,1.);
#1136 = DIRECTION('',(1.,0.));
#1137 = ( GEOMETRIC_REPRESENTATION_CONTEXT(2) 
PARAMETRIC_REPRESENTATION_CONTEXT() REPRESENTATION_CONTEXT('2D SPACE',''
  ) );
#1138 = ORIENTED_EDGE('',*,*,#1139,.F.);
#1139 = EDGE_CURVE('',#1085,#1116,#1140,.T.);
#1140 = SURFACE_CURVE('',#1141,(#1145,#1152),.PCURVE_S1.);
#1141 = LINE('',#1142,#1143);
#1142 = CARTESIAN_POINT('',(-28.,48.,-19.05));
#1143 = VECTOR('',#1144,1.);
#1144 = DIRECTION('',(1.,-1.110223024625E-16,0.));
#1145 = PCURVE('',#346,#1146);
#1146 = DEFINITIONAL_REPRESENTATION('',(#1147),#1151);
#1147 = LINE('',#1148,#1149);
#1148 = CARTESIAN_POINT('',(0.,0.));
#1149 = VECTOR('',#1150,1.);
#1150 = DIRECTION('',(1.,0.));
#1151 = ( GEOMETRIC_REPRESENTATION_CONTEXT(2) 
PARAMETRIC_REPRESENTATION_CONTEXT() REPRESENTATION_CONTEXT('2D SPACE',''
  ) );
#1152 = PCURVE('',#1153,#1158);
#1153 = PLANE('',#1154);
#1154 = AXIS2_PLACEMENT_3D('',#1155,#1156,#1157);
#1155 = CARTESIAN_POINT('',(5.662137425588E-15,51.,-19.05));
#1156 = DIRECTION('',(0.,0.,1.));
#1157 = DIRECTION('',(1.110223024625E-16,1.,0.));
#1158 = DEFINITIONAL_REPRESENTATION('',(#1159),#1163);
#1159 = LINE('',#1160,#1161);
#1160 = CARTESIAN_POINT('',(-3.,28.));
#1161 = VECTOR('',#1162,1.);
#1162 = DIRECTION('',(0.,-1.));
#1163 = ( GEOMETRIC_REPRESENTATION_CONTEXT(2) 
PARAMETRIC_REPRESENTATION_CONTEXT() REPRESENTATION_CONTEXT('2D SPACE',''
  ) );
#1164 = FACE_BOUND('',#1165,.F.);
#1165 = EDGE_LOOP('',(#1166));
#1166 = ORIENTED_EDGE('',*,*,#1167,.F.);
#1167 = EDGE_CURVE('',#1168,#1168,#1170,.T.);
#1168 = VERTEX_POINT('',#1169);
#1169 = CARTESIAN_POINT('',(-22.5,48.,-4.9));
#1170 = SURFACE_CURVE('',#1171,(#1176,#1183),.PCURVE_S1.);
#1171 = CIRCLE('',#1172,3.3);
#1172 = AXIS2_PLACEMENT_3D('',#1173,#1174,#1175);
#1173 = CARTESIAN_POINT('',(-22.5,48.,-8.2));
#1174 = DIRECTION('',(1.110223024625E-16,1.,-0.));
#1175 = DIRECTION('',(0.,0.,1.));
#1176 = PCURVE('',#346,#1177);
#1177 = DEFINITIONAL_REPRESENTATION('',(#1178),#1182);
#1178 = CIRCLE('',#1179,3.3);
#1179 = AXIS2_PLACEMENT_2D('',#1180,#1181);
#1180 = CARTESIAN_POINT('',(5.5,-10.85));
#1181 = DIRECTION('',(0.,-1.));
#1182 = ( GEOMETRIC_REPRESENTATION_CONTEXT(2) 
PARAMETRIC_REPRESENTATION_CONTEXT() REPRESENTATION_CONTEXT('2D SPACE',''
  ) );
#1183 = PCURVE('',#1184,#1189);
#1184 = CONICAL_SURFACE('',#1185,3.3,0.785398163397);
#1185 = AXIS2_PLACEMENT_3D('',#1186,#1187,#1188);
#1186 = CARTESIAN_POINT('',(-22.5,48.,-8.2));
#1187 = DIRECTION('',(-1.110223024625E-16,-1.,-0.));
#1188 = DIRECTION('',(0.,0.,1.));
#1189 = DEFINITIONAL_REPRESENTATION('',(#1190),#1194);
#1190 = LINE('',#1191,#1192);
#1191 = CARTESIAN_POINT('',(-0.,-0.));
#1192 = VECTOR('',#1193,1.);
#1193 = DIRECTION('',(-1.,-0.));
#1194 = ( GEOMETRIC_REPRESENTATION_CONTEXT(2) 
PARAMETRIC_REPRESENTATION_CONTEXT() REPRESENTATION_CONTEXT('2D SPACE',''
  ) );
#1195 = FACE_BOUND('',#1196,.F.);
#1196 = EDGE_LOOP('',(#1197));
#1197 = ORIENTED_EDGE('',*,*,#1198,.F.);
#1198 = EDGE_CURVE('',#1199,#1199,#1201,.T.);
#1199 = VERTEX_POINT('',#1200);
#1200 = CARTESIAN_POINT('',(3.773769083284E-15,48.,-2.55));
#1201 = SURFACE_CURVE('',#1202,(#1207,#1214),.PCURVE_S1.);
#1202 = CIRCLE('',#1203,6.35);
#1203 = AXIS2_PLACEMENT_3D('',#1204,#1205,#1206);
#1204 = CARTESIAN_POINT('',(5.329070518201E-15,48.,-8.9));
#1205 = DIRECTION('',(1.110223024625E-16,1.,-0.));
#1206 = DIRECTION('',(0.,0.,1.));
#1207 = PCURVE('',#346,#1208);
#1208 = DEFINITIONAL_REPRESENTATION('',(#1209),#1213);
#1209 = CIRCLE('',#1210,6.35);
#1210 = AXIS2_PLACEMENT_2D('',#1211,#1212);
#1211 = CARTESIAN_POINT('',(28.,-10.15));
#1212 = DIRECTION('',(0.,-1.));
#1213 = ( GEOMETRIC_REPRESENTATION_CONTEXT(2) 
PARAMETRIC_REPRESENTATION_CONTEXT() REPRESENTATION_CONTEXT('2D SPACE',''
  ) );
#1214 = PCURVE('',#1215,#1220);
#1215 = CONICAL_SURFACE('',#1216,6.35,0.715584993318);
#1216 = AXIS2_PLACEMENT_3D('',#1217,#1218,#1219);
#1217 = CARTESIAN_POINT('',(5.329070518201E-15,48.,-8.9));
#1218 = DIRECTION('',(-1.110223024625E-16,-1.,-0.));
#1219 = DIRECTION('',(0.,0.,1.));
#1220 = DEFINITIONAL_REPRESENTATION('',(#1221),#1225);
#1221 = LINE('',#1222,#1223);
#1222 = CARTESIAN_POINT('',(-0.,-0.));
#1223 = VECTOR('',#1224,1.);
#1224 = DIRECTION('',(-1.,-0.));
#1225 = ( GEOMETRIC_REPRESENTATION_CONTEXT(2) 
PARAMETRIC_REPRESENTATION_CONTEXT() REPRESENTATION_CONTEXT('2D SPACE',''
  ) );
#1226 = FACE_BOUND('',#1227,.F.);
#1227 = EDGE_LOOP('',(#1228));
#1228 = ORIENTED_EDGE('',*,*,#1229,.F.);
#1229 = EDGE_CURVE('',#1230,#1230,#1232,.T.);
#1230 = VERTEX_POINT('',#1231);
#1231 = CARTESIAN_POINT('',(22.5,48.,-4.9));
#1232 = SURFACE_CURVE('',#1233,(#1238,#1245),.PCURVE_S1.);
#1233 = CIRCLE('',#1234,3.3);
#1234 = AXIS2_PLACEMENT_3D('',#1235,#1236,#1237);
#1235 = CARTESIAN_POINT('',(22.5,48.,-8.2));
#1236 = DIRECTION('',(1.110223024625E-16,1.,-0.));
#1237 = DIRECTION('',(0.,0.,1.));
#1238 = PCURVE('',#346,#1239);
#1239 = DEFINITIONAL_REPRESENTATION('',(#1240),#1244);
#1240 = CIRCLE('',#1241,3.3);
#1241 = AXIS2_PLACEMENT_2D('',#1242,#1243);
#1242 = CARTESIAN_POINT('',(50.5,-10.85));
#1243 = DIRECTION('',(0.,-1.));
#1244 = ( GEOMETRIC_REPRESENTATION_CONTEXT(2) 
PARAMETRIC_REPRESENTATION_CONTEXT() REPRESENTATION_CONTEXT('2D SPACE',''
  ) );
#1245 = PCURVE('',#1246,#1251);
#1246 = CONICAL_SURFACE('',#1247,3.3,0.785398163397);
#1247 = AXIS2_PLACEMENT_3D('',#1248,#1249,#1250);
#1248 = CARTESIAN_POINT('',(22.5,48.,-8.2));
#1249 = DIRECTION('',(-1.110223024625E-16,-1.,-0.));
#1250 = DIRECTION('',(0.,0.,1.));
#1251 = DEFINITIONAL_REPRESENTATION('',(#1252),#1256);
#1252 = LINE('',#1253,#1254);
#1253 = CARTESIAN_POINT('',(-0.,-0.));
#1254 = VECTOR('',#1255,1.);
#1255 = DIRECTION('',(-1.,-0.));
#1256 = ( GEOMETRIC_REPRESENTATION_CONTEXT(2) 
PARAMETRIC_REPRESENTATION_CONTEXT() REPRESENTATION_CONTEXT('2D SPACE',''
  ) );
#1257 = ADVANCED_FACE('',(#1258),#320,.T.);
#1258 = FACE_BOUND('',#1259,.T.);
#1259 = EDGE_LOOP('',(#1260,#1261,#1284,#1310));
#1260 = ORIENTED_EDGE('',*,*,#1115,.T.);
#1261 = ORIENTED_EDGE('',*,*,#1262,.T.);
#1262 = EDGE_CURVE('',#1116,#1263,#1265,.T.);
#1263 = VERTEX_POINT('',#1264);
#1264 = CARTESIAN_POINT('',(22.,54.,-19.05));
#1265 = SURFACE_CURVE('',#1266,(#1270,#1277),.PCURVE_S1.);
#1266 = LINE('',#1267,#1268);
#1267 = CARTESIAN_POINT('',(22.,48.,-19.05));
#1268 = VECTOR('',#1269,1.);
#1269 = DIRECTION('',(1.110223024625E-16,1.,0.));
#1270 = PCURVE('',#320,#1271);
#1271 = DEFINITIONAL_REPRESENTATION('',(#1272),#1276);
#1272 = LINE('',#1273,#1274);
#1273 = CARTESIAN_POINT('',(1.570796326795,0.));
#1274 = VECTOR('',#1275,1.);
#1275 = DIRECTION('',(0.,1.));
#1276 = ( GEOMETRIC_REPRESENTATION_CONTEXT(2) 
PARAMETRIC_REPRESENTATION_CONTEXT() REPRESENTATION_CONTEXT('2D SPACE',''
  ) );
#1277 = PCURVE('',#1153,#1278);
#1278 = DEFINITIONAL_REPRESENTATION('',(#1279),#1283);
#1279 = LINE('',#1280,#1281);
#1280 = CARTESIAN_POINT('',(-3.,-22.));
#1281 = VECTOR('',#1282,1.);
#1282 = DIRECTION('',(1.,0.));
#1283 = ( GEOMETRIC_REPRESENTATION_CONTEXT(2) 
PARAMETRIC_REPRESENTATION_CONTEXT() REPRESENTATION_CONTEXT('2D SPACE',''
  ) );
#1284 = ORIENTED_EDGE('',*,*,#1285,.F.);
#1285 = EDGE_CURVE('',#277,#1263,#1286,.T.);
#1286 = SURFACE_CURVE('',#1287,(#1292,#1299),.PCURVE_S1.);
#1287 = CIRCLE('',#1288,6.);
#1288 = AXIS2_PLACEMENT_3D('',#1289,#1290,#1291);
#1289 = CARTESIAN_POINT('',(22.,54.,-13.05));
#1290 = DIRECTION('',(1.110223024625E-16,1.,-0.));
#1291 = DIRECTION('',(0.,0.,1.));
#1292 = PCURVE('',#320,#1293);
#1293 = DEFINITIONAL_REPRESENTATION('',(#1294),#1298);
#1294 = LINE('',#1295,#1296);
#1295 = CARTESIAN_POINT('',(-1.570796326795,6.));
#1296 = VECTOR('',#1297,1.);
#1297 = DIRECTION('',(1.,0.));
#1298 = ( GEOMETRIC_REPRESENTATION_CONTEXT(2) 
PARAMETRIC_REPRESENTATION_CONTEXT() REPRESENTATION_CONTEXT('2D SPACE',''
  ) );
#1299 = PCURVE('',#292,#1300);
#1300 = DEFINITIONAL_REPRESENTATION('',(#1301),#1309);
#1301 = ( BOUNDED_CURVE() B_SPLINE_CURVE(2,(#1302,#1303,#1304,#1305,
#1306,#1307,#1308),.UNSPECIFIED.,.T.,.F.) B_SPLINE_CURVE_WITH_KNOTS((1,2
    ,2,2,2,1),(-2.094395102393,0.,2.094395102393,4.188790204786,
6.28318530718,8.377580409573),.UNSPECIFIED.) CURVE() 
GEOMETRIC_REPRESENTATION_ITEM() RATIONAL_B_SPLINE_CURVE((1.,0.5,1.,0.5,
1.,0.5,1.)) REPRESENTATION_ITEM('') );
#1302 = CARTESIAN_POINT('',(6.,-12.));
#1303 = CARTESIAN_POINT('',(-4.392304845413,-12.));
#1304 = CARTESIAN_POINT('',(0.803847577293,-3.));
#1305 = CARTESIAN_POINT('',(6.,6.));
#1306 = CARTESIAN_POINT('',(11.196152422707,-3.));
#1307 = CARTESIAN_POINT('',(16.392304845413,-12.));
#1308 = CARTESIAN_POINT('',(6.,-12.));
#1309 = ( GEOMETRIC_REPRESENTATION_CONTEXT(2) 
PARAMETRIC_REPRESENTATION_CONTEXT() REPRESENTATION_CONTEXT('2D SPACE',''
  ) );
#1310 = ORIENTED_EDGE('',*,*,#304,.F.);
#1311 = ADVANCED_FACE('',(#1312,#1363,#1394,#1425),#292,.F.);
#1312 = FACE_BOUND('',#1313,.F.);
#1313 = EDGE_LOOP('',(#1314,#1315,#1316,#1317,#1318,#1342));
#1314 = ORIENTED_EDGE('',*,*,#1285,.F.);
#1315 = ORIENTED_EDGE('',*,*,#276,.T.);
#1316 = ORIENTED_EDGE('',*,*,#804,.T.);
#1317 = ORIENTED_EDGE('',*,*,#753,.F.);
#1318 = ORIENTED_EDGE('',*,*,#1319,.T.);
#1319 = EDGE_CURVE('',#726,#1320,#1322,.T.);
#1320 = VERTEX_POINT('',#1321);
#1321 = CARTESIAN_POINT('',(-22.,54.,-19.05));
#1322 = SURFACE_CURVE('',#1323,(#1328,#1335),.PCURVE_S1.);
#1323 = CIRCLE('',#1324,6.);
#1324 = AXIS2_PLACEMENT_3D('',#1325,#1326,#1327);
#1325 = CARTESIAN_POINT('',(-22.,54.,-13.05));
#1326 = DIRECTION('',(-1.110223024625E-16,-1.,-0.));
#1327 = DIRECTION('',(0.,0.,-1.));
#1328 = PCURVE('',#292,#1329);
#1329 = DEFINITIONAL_REPRESENTATION('',(#1330),#1334);
#1330 = CIRCLE('',#1331,6.);
#1331 = AXIS2_PLACEMENT_2D('',#1332,#1333);
#1332 = CARTESIAN_POINT('',(50.,-6.));
#1333 = DIRECTION('',(0.,1.));
#1334 = ( GEOMETRIC_REPRESENTATION_CONTEXT(2) 
PARAMETRIC_REPRESENTATION_CONTEXT() REPRESENTATION_CONTEXT('2D SPACE',''
  ) );
#1335 = PCURVE('',#741,#1336);
#1336 = DEFINITIONAL_REPRESENTATION('',(#1337),#1341);
#1337 = LINE('',#1338,#1339);
#1338 = CARTESIAN_POINT('',(-4.712388980385,0.));
#1339 = VECTOR('',#1340,1.);
#1340 = DIRECTION('',(1.,0.));
#1341 = ( GEOMETRIC_REPRESENTATION_CONTEXT(2) 
PARAMETRIC_REPRESENTATION_CONTEXT() REPRESENTATION_CONTEXT('2D SPACE',''
  ) );
#1342 = ORIENTED_EDGE('',*,*,#1343,.F.);
#1343 = EDGE_CURVE('',#1263,#1320,#1344,.T.);
#1344 = SURFACE_CURVE('',#1345,(#1349,#1356),.PCURVE_S1.);
#1345 = LINE('',#1346,#1347);
#1346 = CARTESIAN_POINT('',(28.,54.,-19.05));
#1347 = VECTOR('',#1348,1.);
#1348 = DIRECTION('',(-1.,1.110223024625E-16,0.));
#1349 = PCURVE('',#292,#1350);
#1350 = DEFINITIONAL_REPRESENTATION('',(#1351),#1355);
#1351 = LINE('',#1352,#1353);
#1352 = CARTESIAN_POINT('',(0.,0.));
#1353 = VECTOR('',#1354,1.);
#1354 = DIRECTION('',(1.,0.));
#1355 = ( GEOMETRIC_REPRESENTATION_CONTEXT(2) 
PARAMETRIC_REPRESENTATION_CONTEXT() REPRESENTATION_CONTEXT('2D SPACE',''
  ) );
#1356 = PCURVE('',#1153,#1357);
#1357 = DEFINITIONAL_REPRESENTATION('',(#1358),#1362);
#1358 = LINE('',#1359,#1360);
#1359 = CARTESIAN_POINT('',(3.,-28.));
#1360 = VECTOR('',#1361,1.);
#1361 = DIRECTION('',(0.,1.));
#1362 = ( GEOMETRIC_REPRESENTATION_CONTEXT(2) 
PARAMETRIC_REPRESENTATION_CONTEXT() REPRESENTATION_CONTEXT('2D SPACE',''
  ) );
#1363 = FACE_BOUND('',#1364,.F.);
#1364 = EDGE_LOOP('',(#1365));
#1365 = ORIENTED_EDGE('',*,*,#1366,.F.);
#1366 = EDGE_CURVE('',#1367,#1367,#1369,.T.);
#1367 = VERTEX_POINT('',#1368);
#1368 = CARTESIAN_POINT('',(20.8,54.,-8.2));
#1369 = SURFACE_CURVE('',#1370,(#1375,#1382),.PCURVE_S1.);
#1370 = CIRCLE('',#1371,1.7);
#1371 = AXIS2_PLACEMENT_3D('',#1372,#1373,#1374);
#1372 = CARTESIAN_POINT('',(22.5,54.,-8.2));
#1373 = DIRECTION('',(-1.110223024625E-16,-1.,-0.));
#1374 = DIRECTION('',(-1.,1.110223024625E-16,0.));
#1375 = PCURVE('',#292,#1376);
#1376 = DEFINITIONAL_REPRESENTATION('',(#1377),#1381);
#1377 = CIRCLE('',#1378,1.7);
#1378 = AXIS2_PLACEMENT_2D('',#1379,#1380);
#1379 = CARTESIAN_POINT('',(5.5,-10.85));
#1380 = DIRECTION('',(1.,0.));
#1381 = ( GEOMETRIC_REPRESENTATION_CONTEXT(2) 
PARAMETRIC_REPRESENTATION_CONTEXT() REPRESENTATION_CONTEXT('2D SPACE',''
  ) );
#1382 = PCURVE('',#1383,#1388);
#1383 = CYLINDRICAL_SURFACE('',#1384,1.7);
#1384 = AXIS2_PLACEMENT_3D('',#1385,#1386,#1387);
#1385 = CARTESIAN_POINT('',(22.5,47.,-8.2));
#1386 = DIRECTION('',(-1.110223024625E-16,-1.,-0.));
#1387 = DIRECTION('',(-1.,1.110223024625E-16,0.));
#1388 = DEFINITIONAL_REPRESENTATION('',(#1389),#1393);
#1389 = LINE('',#1390,#1391);
#1390 = CARTESIAN_POINT('',(-6.28318530718,-7.));
#1391 = VECTOR('',#1392,1.);
#1392 = DIRECTION('',(1.,-0.));
#1393 = ( GEOMETRIC_REPRESENTATION_CONTEXT(2) 
PARAMETRIC_REPRESENTATION_CONTEXT() REPRESENTATION_CONTEXT('2D SPACE',''
  ) );
#1394 = FACE_BOUND('',#1395,.F.);
#1395 = EDGE_LOOP('',(#1396));
#1396 = ORIENTED_EDGE('',*,*,#1397,.F.);
#1397 = EDGE_CURVE('',#1398,#1398,#1400,.T.);
#1398 = VERTEX_POINT('',#1399);
#1399 = CARTESIAN_POINT('',(-3.3,54.,-8.9));
#1400 = SURFACE_CURVE('',#1401,(#1406,#1413),.PCURVE_S1.);
#1401 = CIRCLE('',#1402,3.3);
#1402 = AXIS2_PLACEMENT_3D('',#1403,#1404,#1405);
#1403 = CARTESIAN_POINT('',(5.995204332976E-15,54.,-8.9));
#1404 = DIRECTION('',(-1.110223024625E-16,-1.,-0.));
#1405 = DIRECTION('',(-1.,1.110223024625E-16,0.));
#1406 = PCURVE('',#292,#1407);
#1407 = DEFINITIONAL_REPRESENTATION('',(#1408),#1412);
#1408 = CIRCLE('',#1409,3.3);
#1409 = AXIS2_PLACEMENT_2D('',#1410,#1411);
#1410 = CARTESIAN_POINT('',(28.,-10.15));
#1411 = DIRECTION('',(1.,0.));
#1412 = ( GEOMETRIC_REPRESENTATION_CONTEXT(2) 
PARAMETRIC_REPRESENTATION_CONTEXT() REPRESENTATION_CONTEXT('2D SPACE',''
  ) );
#1413 = PCURVE('',#1414,#1419);
#1414 = CYLINDRICAL_SURFACE('',#1415,3.3);
#1415 = AXIS2_PLACEMENT_3D('',#1416,#1417,#1418);
#1416 = CARTESIAN_POINT('',(5.218048215738E-15,47.,-8.9));
#1417 = DIRECTION('',(-1.110223024625E-16,-1.,-0.));
#1418 = DIRECTION('',(-1.,1.110223024625E-16,0.));
#1419 = DEFINITIONAL_REPRESENTATION('',(#1420),#1424);
#1420 = LINE('',#1421,#1422);
#1421 = CARTESIAN_POINT('',(-6.28318530718,-7.));
#1422 = VECTOR('',#1423,1.);
#1423 = DIRECTION('',(1.,-0.));
#1424 = ( GEOMETRIC_REPRESENTATION_CONTEXT(2) 
PARAMETRIC_REPRESENTATION_CONTEXT() REPRESENTATION_CONTEXT('2D SPACE',''
  ) );
#1425 = FACE_BOUND('',#1426,.F.);
#1426 = EDGE_LOOP('',(#1427));
#1427 = ORIENTED_EDGE('',*,*,#1428,.F.);
#1428 = EDGE_CURVE('',#1429,#1429,#1431,.T.);
#1429 = VERTEX_POINT('',#1430);
#1430 = CARTESIAN_POINT('',(-24.2,54.,-8.2));
#1431 = SURFACE_CURVE('',#1432,(#1437,#1444),.PCURVE_S1.);
#1432 = CIRCLE('',#1433,1.7);
#1433 = AXIS2_PLACEMENT_3D('',#1434,#1435,#1436);
#1434 = CARTESIAN_POINT('',(-22.5,54.,-8.2));
#1435 = DIRECTION('',(-1.110223024625E-16,-1.,-0.));
#1436 = DIRECTION('',(-1.,1.110223024625E-16,0.));
#1437 = PCURVE('',#292,#1438);
#1438 = DEFINITIONAL_REPRESENTATION('',(#1439),#1443);
#1439 = CIRCLE('',#1440,1.7);
#1440 = AXIS2_PLACEMENT_2D('',#1441,#1442);
#1441 = CARTESIAN_POINT('',(50.5,-10.85));
#1442 = DIRECTION('',(1.,0.));
#1443 = ( GEOMETRIC_REPRESENTATION_CONTEXT(2) 
PARAMETRIC_REPRESENTATION_CONTEXT() REPRESENTATION_CONTEXT('2D SPACE',''
  ) );
#1444 = PCURVE('',#1445,#1450);
#1445 = CYLINDRICAL_SURFACE('',#1446,1.7);
#1446 = AXIS2_PLACEMENT_3D('',#1447,#1448,#1449);
#1447 = CARTESIAN_POINT('',(-22.5,47.,-8.2));
#1448 = DIRECTION('',(-1.110223024625E-16,-1.,-0.));
#1449 = DIRECTION('',(-1.,1.110223024625E-16,0.));
#1450 = DEFINITIONAL_REPRESENTATION('',(#1451),#1455);
#1451 = LINE('',#1452,#1453);
#1452 = CARTESIAN_POINT('',(-6.28318530718,-7.));
#1453 = VECTOR('',#1454,1.);
#1454 = DIRECTION('',(1.,-0.));
#1455 = ( GEOMETRIC_REPRESENTATION_CONTEXT(2) 
PARAMETRIC_REPRESENTATION_CONTEXT() REPRESENTATION_CONTEXT('2D SPACE',''
  ) );
#1456 = ADVANCED_FACE('',(#1457),#430,.F.);
#1457 = FACE_BOUND('',#1458,.T.);
#1458 = EDGE_LOOP('',(#1459,#1460,#1481,#1482));
#1459 = ORIENTED_EDGE('',*,*,#409,.T.);
#1460 = ORIENTED_EDGE('',*,*,#1461,.T.);
#1461 = EDGE_CURVE('',#410,#829,#1462,.T.);
#1462 = SEAM_CURVE('',#1463,(#1467,#1474),.PCURVE_S1.);
#1463 = LINE('',#1464,#1465);
#1464 = CARTESIAN_POINT('',(-14.37766952966,-17.67766952966,-20.));
#1465 = VECTOR('',#1466,1.);
#1466 = DIRECTION('',(0.,0.,1.));
#1467 = PCURVE('',#430,#1468);
#1468 = DEFINITIONAL_REPRESENTATION('',(#1469),#1473);
#1469 = LINE('',#1470,#1471);
#1470 = CARTESIAN_POINT('',(-6.28318530718,0.));
#1471 = VECTOR('',#1472,1.);
#1472 = DIRECTION('',(-0.,-1.));
#1473 = ( GEOMETRIC_REPRESENTATION_CONTEXT(2) 
PARAMETRIC_REPRESENTATION_CONTEXT() REPRESENTATION_CONTEXT('2D SPACE',''
  ) );
#1474 = PCURVE('',#430,#1475);
#1475 = DEFINITIONAL_REPRESENTATION('',(#1476),#1480);
#1476 = LINE('',#1477,#1478);
#1477 = CARTESIAN_POINT('',(-0.,0.));
#1478 = VECTOR('',#1479,1.);
#1479 = DIRECTION('',(-0.,-1.));
#1480 = ( GEOMETRIC_REPRESENTATION_CONTEXT(2) 
PARAMETRIC_REPRESENTATION_CONTEXT() REPRESENTATION_CONTEXT('2D SPACE',''
  ) );
#1481 = ORIENTED_EDGE('',*,*,#828,.F.);
#1482 = ORIENTED_EDGE('',*,*,#1461,.F.);
#1483 = ADVANCED_FACE('',(#1484),#465,.F.);
#1484 = FACE_BOUND('',#1485,.T.);
#1485 = EDGE_LOOP('',(#1486,#1487,#1508,#1509));
#1486 = ORIENTED_EDGE('',*,*,#444,.T.);
#1487 = ORIENTED_EDGE('',*,*,#1488,.T.);
#1488 = EDGE_CURVE('',#445,#859,#1489,.T.);
#1489 = SEAM_CURVE('',#1490,(#1494,#1501),.PCURVE_S1.);
#1490 = LINE('',#1491,#1492);
#1491 = CARTESIAN_POINT('',(20.977669529664,-17.67766952966,-20.));
#1492 = VECTOR('',#1493,1.);
#1493 = DIRECTION('',(0.,0.,1.));
#1494 = PCURVE('',#465,#1495);
#1495 = DEFINITIONAL_REPRESENTATION('',(#1496),#1500);
#1496 = LINE('',#1497,#1498);
#1497 = CARTESIAN_POINT('',(-6.28318530718,0.));
#1498 = VECTOR('',#1499,1.);
#1499 = DIRECTION('',(-0.,-1.));
#1500 = ( GEOMETRIC_REPRESENTATION_CONTEXT(2) 
PARAMETRIC_REPRESENTATION_CONTEXT() REPRESENTATION_CONTEXT('2D SPACE',''
  ) );
#1501 = PCURVE('',#465,#1502);
#1502 = DEFINITIONAL_REPRESENTATION('',(#1503),#1507);
#1503 = LINE('',#1504,#1505);
#1504 = CARTESIAN_POINT('',(-0.,0.));
#1505 = VECTOR('',#1506,1.);
#1506 = DIRECTION('',(-0.,-1.));
#1507 = ( GEOMETRIC_REPRESENTATION_CONTEXT(2) 
PARAMETRIC_REPRESENTATION_CONTEXT() REPRESENTATION_CONTEXT('2D SPACE',''
  ) );
#1508 = ORIENTED_EDGE('',*,*,#858,.F.);
#1509 = ORIENTED_EDGE('',*,*,#1488,.F.);
#1510 = ADVANCED_FACE('',(#1511),#496,.T.);
#1511 = FACE_BOUND('',#1512,.F.);
#1512 = EDGE_LOOP('',(#1513,#1536,#1537,#1538));
#1513 = ORIENTED_EDGE('',*,*,#1514,.T.);
#1514 = EDGE_CURVE('',#1515,#480,#1517,.T.);
#1515 = VERTEX_POINT('',#1516);
#1516 = CARTESIAN_POINT('',(15.65,0.,-3.2));
#1517 = SEAM_CURVE('',#1518,(#1522,#1529),.PCURVE_S1.);
#1518 = LINE('',#1519,#1520);
#1519 = CARTESIAN_POINT('',(15.65,0.,-4.));
#1520 = VECTOR('',#1521,1.);
#1521 = DIRECTION('',(0.,0.,1.));
#1522 = PCURVE('',#496,#1523);
#1523 = DEFINITIONAL_REPRESENTATION('',(#1524),#1528);
#1524 = LINE('',#1525,#1526);
#1525 = CARTESIAN_POINT('',(-0.,0.));
#1526 = VECTOR('',#1527,1.);
#1527 = DIRECTION('',(-0.,-1.));
#1528 = ( GEOMETRIC_REPRESENTATION_CONTEXT(2) 
PARAMETRIC_REPRESENTATION_CONTEXT() REPRESENTATION_CONTEXT('2D SPACE',''
  ) );
#1529 = PCURVE('',#496,#1530);
#1530 = DEFINITIONAL_REPRESENTATION('',(#1531),#1535);
#1531 = LINE('',#1532,#1533);
#1532 = CARTESIAN_POINT('',(-6.28318530718,0.));
#1533 = VECTOR('',#1534,1.);
#1534 = DIRECTION('',(-0.,-1.));
#1535 = ( GEOMETRIC_REPRESENTATION_CONTEXT(2) 
PARAMETRIC_REPRESENTATION_CONTEXT() REPRESENTATION_CONTEXT('2D SPACE',''
  ) );
#1536 = ORIENTED_EDGE('',*,*,#479,.T.);
#1537 = ORIENTED_EDGE('',*,*,#1514,.F.);
#1538 = ORIENTED_EDGE('',*,*,#1539,.F.);
#1539 = EDGE_CURVE('',#1515,#1515,#1540,.T.);
#1540 = SURFACE_CURVE('',#1541,(#1546,#1553),.PCURVE_S1.);
#1541 = CIRCLE('',#1542,15.65);
#1542 = AXIS2_PLACEMENT_3D('',#1543,#1544,#1545);
#1543 = CARTESIAN_POINT('',(0.,0.,-3.2));
#1544 = DIRECTION('',(0.,0.,1.));
#1545 = DIRECTION('',(1.,0.,-0.));
#1546 = PCURVE('',#496,#1547);
#1547 = DEFINITIONAL_REPRESENTATION('',(#1548),#1552);
#1548 = LINE('',#1549,#1550);
#1549 = CARTESIAN_POINT('',(-0.,-0.8));
#1550 = VECTOR('',#1551,1.);
#1551 = DIRECTION('',(-1.,0.));
#1552 = ( GEOMETRIC_REPRESENTATION_CONTEXT(2) 
PARAMETRIC_REPRESENTATION_CONTEXT() REPRESENTATION_CONTEXT('2D SPACE',''
  ) );
#1553 = PCURVE('',#1554,#1559);
#1554 = CONICAL_SURFACE('',#1555,15.65,0.785398163397);
#1555 = AXIS2_PLACEMENT_3D('',#1556,#1557,#1558);
#1556 = CARTESIAN_POINT('',(0.,0.,-3.2));
#1557 = DIRECTION('',(0.,0.,1.));
#1558 = DIRECTION('',(1.,0.,-0.));
#1559 = DEFINITIONAL_REPRESENTATION('',(#1560),#1564);
#1560 = LINE('',#1561,#1562);
#1561 = CARTESIAN_POINT('',(0.,-0.));
#1562 = VECTOR('',#1563,1.);
#1563 = DIRECTION('',(1.,-0.));
#1564 = ( GEOMETRIC_REPRESENTATION_CONTEXT(2) 
PARAMETRIC_REPRESENTATION_CONTEXT() REPRESENTATION_CONTEXT('2D SPACE',''
  ) );
#1565 = ADVANCED_FACE('',(#1566),#531,.F.);
#1566 = FACE_BOUND('',#1567,.T.);
#1567 = EDGE_LOOP('',(#1568,#1569,#1590,#1591));
#1568 = ORIENTED_EDGE('',*,*,#510,.T.);
#1569 = ORIENTED_EDGE('',*,*,#1570,.T.);
#1570 = EDGE_CURVE('',#511,#924,#1571,.T.);
#1571 = SEAM_CURVE('',#1572,(#1576,#1583),.PCURVE_S1.);
#1572 = LINE('',#1573,#1574);
#1573 = CARTESIAN_POINT('',(-14.37766952966,17.677669529664,-20.));
#1574 = VECTOR('',#1575,1.);
#1575 = DIRECTION('',(0.,0.,1.));
#1576 = PCURVE('',#531,#1577);
#1577 = DEFINITIONAL_REPRESENTATION('',(#1578),#1582);
#1578 = LINE('',#1579,#1580);
#1579 = CARTESIAN_POINT('',(-6.28318530718,0.));
#1580 = VECTOR('',#1581,1.);
#1581 = DIRECTION('',(-0.,-1.));
#1582 = ( GEOMETRIC_REPRESENTATION_CONTEXT(2) 
PARAMETRIC_REPRESENTATION_CONTEXT() REPRESENTATION_CONTEXT('2D SPACE',''
  ) );
#1583 = PCURVE('',#531,#1584);
#1584 = DEFINITIONAL_REPRESENTATION('',(#1585),#1589);
#1585 = LINE('',#1586,#1587);
#1586 = CARTESIAN_POINT('',(-0.,0.));
#1587 = VECTOR('',#1588,1.);
#1588 = DIRECTION('',(-0.,-1.));
#1589 = ( GEOMETRIC_REPRESENTATION_CONTEXT(2) 
PARAMETRIC_REPRESENTATION_CONTEXT() REPRESENTATION_CONTEXT('2D SPACE',''
  ) );
#1590 = ORIENTED_EDGE('',*,*,#923,.F.);
#1591 = ORIENTED_EDGE('',*,*,#1570,.F.);
#1592 = ADVANCED_FACE('',(#1593),#562,.F.);
#1593 = FACE_BOUND('',#1594,.F.);
#1594 = EDGE_LOOP('',(#1595,#1596,#1617,#1618));
#1595 = ORIENTED_EDGE('',*,*,#545,.T.);
#1596 = ORIENTED_EDGE('',*,*,#1597,.T.);
#1597 = EDGE_CURVE('',#548,#956,#1598,.T.);
#1598 = SURFACE_CURVE('',#1599,(#1603,#1610),.PCURVE_S1.);
#1599 = LINE('',#1600,#1601);
#1600 = CARTESIAN_POINT('',(-3.1,23.6,-20.));
#1601 = VECTOR('',#1602,1.);
#1602 = DIRECTION('',(0.,0.,1.));
#1603 = PCURVE('',#562,#1604);
#1604 = DEFINITIONAL_REPRESENTATION('',(#1605),#1609);
#1605 = LINE('',#1606,#1607);
#1606 = CARTESIAN_POINT('',(0.,0.));
#1607 = VECTOR('',#1608,1.);
#1608 = DIRECTION('',(0.,-1.));
#1609 = ( GEOMETRIC_REPRESENTATION_CONTEXT(2) 
PARAMETRIC_REPRESENTATION_CONTEXT() REPRESENTATION_CONTEXT('2D SPACE',''
  ) );
#1610 = PCURVE('',#651,#1611);
#1611 = DEFINITIONAL_REPRESENTATION('',(#1612),#1616);
#1612 = LINE('',#1613,#1614);
#1613 = CARTESIAN_POINT('',(3.14159265359,0.));
#1614 = VECTOR('',#1615,1.);
#1615 = DIRECTION('',(0.,-1.));
#1616 = ( GEOMETRIC_REPRESENTATION_CONTEXT(2) 
PARAMETRIC_REPRESENTATION_CONTEXT() REPRESENTATION_CONTEXT('2D SPACE',''
  ) );
#1617 = ORIENTED_EDGE('',*,*,#953,.F.);
#1618 = ORIENTED_EDGE('',*,*,#1619,.F.);
#1619 = EDGE_CURVE('',#546,#954,#1620,.T.);
#1620 = SURFACE_CURVE('',#1621,(#1625,#1632),.PCURVE_S1.);
#1621 = LINE('',#1622,#1623);
#1622 = CARTESIAN_POINT('',(-3.1,26.4,-20.));
#1623 = VECTOR('',#1624,1.);
#1624 = DIRECTION('',(0.,0.,1.));
#1625 = PCURVE('',#562,#1626);
#1626 = DEFINITIONAL_REPRESENTATION('',(#1627),#1631);
#1627 = LINE('',#1628,#1629);
#1628 = CARTESIAN_POINT('',(2.8,0.));
#1629 = VECTOR('',#1630,1.);
#1630 = DIRECTION('',(0.,-1.));
#1631 = ( GEOMETRIC_REPRESENTATION_CONTEXT(2) 
PARAMETRIC_REPRESENTATION_CONTEXT() REPRESENTATION_CONTEXT('2D SPACE',''
  ) );
#1632 = PCURVE('',#594,#1633);
#1633 = DEFINITIONAL_REPRESENTATION('',(#1634),#1638);
#1634 = LINE('',#1635,#1636);
#1635 = CARTESIAN_POINT('',(0.,0.));
#1636 = VECTOR('',#1637,1.);
#1637 = DIRECTION('',(0.,-1.));
#1638 = ( GEOMETRIC_REPRESENTATION_CONTEXT(2) 
PARAMETRIC_REPRESENTATION_CONTEXT() REPRESENTATION_CONTEXT('2D SPACE',''
  ) );
#1639 = ADVANCED_FACE('',(#1640),#651,.F.);
#1640 = FACE_BOUND('',#1641,.F.);
#1641 = EDGE_LOOP('',(#1642,#1643,#1664,#1665));
#1642 = ORIENTED_EDGE('',*,*,#632,.F.);
#1643 = ORIENTED_EDGE('',*,*,#1644,.T.);
#1644 = EDGE_CURVE('',#607,#1005,#1645,.T.);
#1645 = SURFACE_CURVE('',#1646,(#1650,#1657),.PCURVE_S1.);
#1646 = LINE('',#1647,#1648);
#1647 = CARTESIAN_POINT('',(3.1,23.6,-20.));
#1648 = VECTOR('',#1649,1.);
#1649 = DIRECTION('',(0.,0.,1.));
#1650 = PCURVE('',#651,#1651);
#1651 = DEFINITIONAL_REPRESENTATION('',(#1652),#1656);
#1652 = LINE('',#1653,#1654);
#1653 = CARTESIAN_POINT('',(0.,0.));
#1654 = VECTOR('',#1655,1.);
#1655 = DIRECTION('',(0.,-1.));
#1656 = ( GEOMETRIC_REPRESENTATION_CONTEXT(2) 
PARAMETRIC_REPRESENTATION_CONTEXT() REPRESENTATION_CONTEXT('2D SPACE',''
  ) );
#1657 = PCURVE('',#621,#1658);
#1658 = DEFINITIONAL_REPRESENTATION('',(#1659),#1663);
#1659 = LINE('',#1660,#1661);
#1660 = CARTESIAN_POINT('',(2.8,0.));
#1661 = VECTOR('',#1662,1.);
#1662 = DIRECTION('',(0.,-1.));
#1663 = ( GEOMETRIC_REPRESENTATION_CONTEXT(2) 
PARAMETRIC_REPRESENTATION_CONTEXT() REPRESENTATION_CONTEXT('2D SPACE',''
  ) );
#1664 = ORIENTED_EDGE('',*,*,#1025,.T.);
#1665 = ORIENTED_EDGE('',*,*,#1597,.F.);
#1666 = ADVANCED_FACE('',(#1667),#621,.F.);
#1667 = FACE_BOUND('',#1668,.F.);
#1668 = EDGE_LOOP('',(#1669,#1670,#1691,#1692));
#1669 = ORIENTED_EDGE('',*,*,#606,.T.);
#1670 = ORIENTED_EDGE('',*,*,#1671,.T.);
#1671 = EDGE_CURVE('',#574,#977,#1672,.T.);
#1672 = SURFACE_CURVE('',#1673,(#1677,#1684),.PCURVE_S1.);
#1673 = LINE('',#1674,#1675);
#1674 = CARTESIAN_POINT('',(3.1,26.4,-20.));
#1675 = VECTOR('',#1676,1.);
#1676 = DIRECTION('',(0.,0.,1.));
#1677 = PCURVE('',#621,#1678);
#1678 = DEFINITIONAL_REPRESENTATION('',(#1679),#1683);
#1679 = LINE('',#1680,#1681);
#1680 = CARTESIAN_POINT('',(0.,0.));
#1681 = VECTOR('',#1682,1.);
#1682 = DIRECTION('',(0.,-1.));
#1683 = ( GEOMETRIC_REPRESENTATION_CONTEXT(2) 
PARAMETRIC_REPRESENTATION_CONTEXT() REPRESENTATION_CONTEXT('2D SPACE',''
  ) );
#1684 = PCURVE('',#594,#1685);
#1685 = DEFINITIONAL_REPRESENTATION('',(#1686),#1690);
#1686 = LINE('',#1687,#1688);
#1687 = CARTESIAN_POINT('',(3.14159265359,0.));
#1688 = VECTOR('',#1689,1.);
#1689 = DIRECTION('',(0.,-1.));
#1690 = ( GEOMETRIC_REPRESENTATION_CONTEXT(2) 
PARAMETRIC_REPRESENTATION_CONTEXT() REPRESENTATION_CONTEXT('2D SPACE',''
  ) );
#1691 = ORIENTED_EDGE('',*,*,#1004,.F.);
#1692 = ORIENTED_EDGE('',*,*,#1644,.F.);
#1693 = ADVANCED_FACE('',(#1694),#594,.F.);
#1694 = FACE_BOUND('',#1695,.F.);
#1695 = EDGE_LOOP('',(#1696,#1697,#1698,#1699));
#1696 = ORIENTED_EDGE('',*,*,#573,.F.);
#1697 = ORIENTED_EDGE('',*,*,#1619,.T.);
#1698 = ORIENTED_EDGE('',*,*,#976,.T.);
#1699 = ORIENTED_EDGE('',*,*,#1671,.F.);
#1700 = ADVANCED_FACE('',(#1701),#686,.F.);
#1701 = FACE_BOUND('',#1702,.T.);
#1702 = EDGE_LOOP('',(#1703,#1704,#1725,#1726));
#1703 = ORIENTED_EDGE('',*,*,#665,.T.);
#1704 = ORIENTED_EDGE('',*,*,#1705,.T.);
#1705 = EDGE_CURVE('',#666,#1054,#1706,.T.);
#1706 = SEAM_CURVE('',#1707,(#1711,#1718),.PCURVE_S1.);
#1707 = LINE('',#1708,#1709);
#1708 = CARTESIAN_POINT('',(20.977669529664,17.677669529664,-20.));
#1709 = VECTOR('',#1710,1.);
#1710 = DIRECTION('',(0.,0.,1.));
#1711 = PCURVE('',#686,#1712);
#1712 = DEFINITIONAL_REPRESENTATION('',(#1713),#1717);
#1713 = LINE('',#1714,#1715);
#1714 = CARTESIAN_POINT('',(-6.28318530718,0.));
#1715 = VECTOR('',#1716,1.);
#1716 = DIRECTION('',(-0.,-1.));
#1717 = ( GEOMETRIC_REPRESENTATION_CONTEXT(2) 
PARAMETRIC_REPRESENTATION_CONTEXT() REPRESENTATION_CONTEXT('2D SPACE',''
  ) );
#1718 = PCURVE('',#686,#1719);
#1719 = DEFINITIONAL_REPRESENTATION('',(#1720),#1724);
#1720 = LINE('',#1721,#1722);
#1721 = CARTESIAN_POINT('',(-0.,0.));
#1722 = VECTOR('',#1723,1.);
#1723 = DIRECTION('',(-0.,-1.));
#1724 = ( GEOMETRIC_REPRESENTATION_CONTEXT(2) 
PARAMETRIC_REPRESENTATION_CONTEXT() REPRESENTATION_CONTEXT('2D SPACE',''
  ) );
#1725 = ORIENTED_EDGE('',*,*,#1053,.F.);
#1726 = ORIENTED_EDGE('',*,*,#1705,.F.);
#1727 = ADVANCED_FACE('',(#1728),#741,.T.);
#1728 = FACE_BOUND('',#1729,.T.);
#1729 = EDGE_LOOP('',(#1730,#1731,#1752,#1753));
#1730 = ORIENTED_EDGE('',*,*,#1319,.T.);
#1731 = ORIENTED_EDGE('',*,*,#1732,.T.);
#1732 = EDGE_CURVE('',#1320,#1085,#1733,.T.);
#1733 = SURFACE_CURVE('',#1734,(#1738,#1745),.PCURVE_S1.);
#1734 = LINE('',#1735,#1736);
#1735 = CARTESIAN_POINT('',(-22.,54.,-19.05));
#1736 = VECTOR('',#1737,1.);
#1737 = DIRECTION('',(-1.110223024625E-16,-1.,0.));
#1738 = PCURVE('',#741,#1739);
#1739 = DEFINITIONAL_REPRESENTATION('',(#1740),#1744);
#1740 = LINE('',#1741,#1742);
#1741 = CARTESIAN_POINT('',(1.570796326795,0.));
#1742 = VECTOR('',#1743,1.);
#1743 = DIRECTION('',(0.,1.));
#1744 = ( GEOMETRIC_REPRESENTATION_CONTEXT(2) 
PARAMETRIC_REPRESENTATION_CONTEXT() REPRESENTATION_CONTEXT('2D SPACE',''
  ) );
#1745 = PCURVE('',#1153,#1746);
#1746 = DEFINITIONAL_REPRESENTATION('',(#1747),#1751);
#1747 = LINE('',#1748,#1749);
#1748 = CARTESIAN_POINT('',(3.,22.));
#1749 = VECTOR('',#1750,1.);
#1750 = DIRECTION('',(-1.,0.));
#1751 = ( GEOMETRIC_REPRESENTATION_CONTEXT(2) 
PARAMETRIC_REPRESENTATION_CONTEXT() REPRESENTATION_CONTEXT('2D SPACE',''
  ) );
#1752 = ORIENTED_EDGE('',*,*,#1084,.F.);
#1753 = ORIENTED_EDGE('',*,*,#725,.F.);
#1754 = ADVANCED_FACE('',(#1755),#909,.F.);
#1755 = FACE_BOUND('',#1756,.T.);
#1756 = EDGE_LOOP('',(#1757,#1786,#1807,#1808));
#1757 = ORIENTED_EDGE('',*,*,#1758,.F.);
#1758 = EDGE_CURVE('',#1759,#1759,#1761,.T.);
#1759 = VERTEX_POINT('',#1760);
#1760 = CARTESIAN_POINT('',(15.85,0.,2.));
#1761 = SURFACE_CURVE('',#1762,(#1767,#1774),.PCURVE_S1.);
#1762 = CIRCLE('',#1763,15.85);
#1763 = AXIS2_PLACEMENT_3D('',#1764,#1765,#1766);
#1764 = CARTESIAN_POINT('',(0.,0.,2.));
#1765 = DIRECTION('',(0.,0.,1.));
#1766 = DIRECTION('',(1.,0.,0.));
#1767 = PCURVE('',#909,#1768);
#1768 = DEFINITIONAL_REPRESENTATION('',(#1769),#1773);
#1769 = LINE('',#1770,#1771);
#1770 = CARTESIAN_POINT('',(-0.,0.));
#1771 = VECTOR('',#1772,1.);
#1772 = DIRECTION('',(-1.,0.));
#1773 = ( GEOMETRIC_REPRESENTATION_CONTEXT(2) 
PARAMETRIC_REPRESENTATION_CONTEXT() REPRESENTATION_CONTEXT('2D SPACE',''
  ) );
#1774 = PCURVE('',#1775,#1780);
#1775 = PLANE('',#1776);
#1776 = AXIS2_PLACEMENT_3D('',#1777,#1778,#1779);
#1777 = CARTESIAN_POINT('',(-6.901906031745E-16,1.423550083974E-15,2.));
#1778 = DIRECTION('',(0.,0.,1.));
#1779 = DIRECTION('',(1.,0.,-0.));
#1780 = DEFINITIONAL_REPRESENTATION('',(#1781),#1785);
#1781 = CIRCLE('',#1782,15.85);
#1782 = AXIS2_PLACEMENT_2D('',#1783,#1784);
#1783 = CARTESIAN_POINT('',(6.901906031745E-16,-1.423550083974E-15));
#1784 = DIRECTION('',(1.,0.));
#1785 = ( GEOMETRIC_REPRESENTATION_CONTEXT(2) 
PARAMETRIC_REPRESENTATION_CONTEXT() REPRESENTATION_CONTEXT('2D SPACE',''
  ) );
#1786 = ORIENTED_EDGE('',*,*,#1787,.T.);
#1787 = EDGE_CURVE('',#1759,#889,#1788,.T.);
#1788 = SEAM_CURVE('',#1789,(#1793,#1800),.PCURVE_S1.);
#1789 = LINE('',#1790,#1791);
#1790 = CARTESIAN_POINT('',(15.85,0.,2.));
#1791 = VECTOR('',#1792,1.);
#1792 = DIRECTION('',(0.,0.,1.));
#1793 = PCURVE('',#909,#1794);
#1794 = DEFINITIONAL_REPRESENTATION('',(#1795),#1799);
#1795 = LINE('',#1796,#1797);
#1796 = CARTESIAN_POINT('',(-6.28318530718,0.));
#1797 = VECTOR('',#1798,1.);
#1798 = DIRECTION('',(-0.,-1.));
#1799 = ( GEOMETRIC_REPRESENTATION_CONTEXT(2) 
PARAMETRIC_REPRESENTATION_CONTEXT() REPRESENTATION_CONTEXT('2D SPACE',''
  ) );
#1800 = PCURVE('',#909,#1801);
#1801 = DEFINITIONAL_REPRESENTATION('',(#1802),#1806);
#1802 = LINE('',#1803,#1804);
#1803 = CARTESIAN_POINT('',(-0.,0.));
#1804 = VECTOR('',#1805,1.);
#1805 = DIRECTION('',(-0.,-1.));
#1806 = ( GEOMETRIC_REPRESENTATION_CONTEXT(2) 
PARAMETRIC_REPRESENTATION_CONTEXT() REPRESENTATION_CONTEXT('2D SPACE',''
  ) );
#1807 = ORIENTED_EDGE('',*,*,#888,.F.);
#1808 = ORIENTED_EDGE('',*,*,#1787,.F.);
#1809 = ADVANCED_FACE('',(#1810),#1153,.F.);
#1810 = FACE_BOUND('',#1811,.F.);
#1811 = EDGE_LOOP('',(#1812,#1813,#1814,#1815));
#1812 = ORIENTED_EDGE('',*,*,#1343,.T.);
#1813 = ORIENTED_EDGE('',*,*,#1732,.T.);
#1814 = ORIENTED_EDGE('',*,*,#1139,.T.);
#1815 = ORIENTED_EDGE('',*,*,#1262,.T.);
#1816 = ADVANCED_FACE('',(#1817),#1184,.F.);
#1817 = FACE_BOUND('',#1818,.F.);
#1818 = EDGE_LOOP('',(#1819,#1820,#1843,#1867,#1889));
#1819 = ORIENTED_EDGE('',*,*,#1167,.T.);
#1820 = ORIENTED_EDGE('',*,*,#1821,.T.);
#1821 = EDGE_CURVE('',#1168,#1822,#1824,.T.);
#1822 = VERTEX_POINT('',#1823);
#1823 = CARTESIAN_POINT('',(-22.5,49.6,-6.5));
#1824 = SEAM_CURVE('',#1825,(#1829,#1836),.PCURVE_S1.);
#1825 = LINE('',#1826,#1827);
#1826 = CARTESIAN_POINT('',(-22.5,48.,-4.9));
#1827 = VECTOR('',#1828,1.);
#1828 = DIRECTION('',(2.516958341813E-16,0.707106781187,-0.707106781187)
  );
#1829 = PCURVE('',#1184,#1830);
#1830 = DEFINITIONAL_REPRESENTATION('',(#1831),#1835);
#1831 = LINE('',#1832,#1833);
#1832 = CARTESIAN_POINT('',(0.,-0.));
#1833 = VECTOR('',#1834,1.);
#1834 = DIRECTION('',(-0.,-1.));
#1835 = ( GEOMETRIC_REPRESENTATION_CONTEXT(2) 
PARAMETRIC_REPRESENTATION_CONTEXT() REPRESENTATION_CONTEXT('2D SPACE',''
  ) );
#1836 = PCURVE('',#1184,#1837);
#1837 = DEFINITIONAL_REPRESENTATION('',(#1838),#1842);
#1838 = LINE('',#1839,#1840);
#1839 = CARTESIAN_POINT('',(-6.28318530718,0.));
#1840 = VECTOR('',#1841,1.);
#1841 = DIRECTION('',(-0.,-1.));
#1842 = ( GEOMETRIC_REPRESENTATION_CONTEXT(2) 
PARAMETRIC_REPRESENTATION_CONTEXT() REPRESENTATION_CONTEXT('2D SPACE',''
  ) );
#1843 = ORIENTED_EDGE('',*,*,#1844,.F.);
#1844 = EDGE_CURVE('',#1845,#1822,#1847,.T.);
#1845 = VERTEX_POINT('',#1846);
#1846 = CARTESIAN_POINT('',(-24.2,49.6,-8.2));
#1847 = SURFACE_CURVE('',#1848,(#1853,#1860),.PCURVE_S1.);
#1848 = CIRCLE('',#1849,1.7);
#1849 = AXIS2_PLACEMENT_3D('',#1850,#1851,#1852);
#1850 = CARTESIAN_POINT('',(-22.5,49.6,-8.2));
#1851 = DIRECTION('',(1.110223024625E-16,1.,-0.));
#1852 = DIRECTION('',(0.,0.,1.));
#1853 = PCURVE('',#1184,#1854);
#1854 = DEFINITIONAL_REPRESENTATION('',(#1855),#1859);
#1855 = LINE('',#1856,#1857);
#1856 = CARTESIAN_POINT('',(-0.,-1.6));
#1857 = VECTOR('',#1858,1.);
#1858 = DIRECTION('',(-1.,-0.));
#1859 = ( GEOMETRIC_REPRESENTATION_CONTEXT(2) 
PARAMETRIC_REPRESENTATION_CONTEXT() REPRESENTATION_CONTEXT('2D SPACE',''
  ) );
#1860 = PCURVE('',#1445,#1861);
#1861 = DEFINITIONAL_REPRESENTATION('',(#1862),#1866);
#1862 = LINE('',#1863,#1864);
#1863 = CARTESIAN_POINT('',(4.712388980385,-2.6));
#1864 = VECTOR('',#1865,1.);
#1865 = DIRECTION('',(-1.,0.));
#1866 = ( GEOMETRIC_REPRESENTATION_CONTEXT(2) 
PARAMETRIC_REPRESENTATION_CONTEXT() REPRESENTATION_CONTEXT('2D SPACE',''
  ) );
#1867 = ORIENTED_EDGE('',*,*,#1868,.F.);
#1868 = EDGE_CURVE('',#1822,#1845,#1869,.T.);
#1869 = SURFACE_CURVE('',#1870,(#1875,#1882),.PCURVE_S1.);
#1870 = CIRCLE('',#1871,1.7);
#1871 = AXIS2_PLACEMENT_3D('',#1872,#1873,#1874);
#1872 = CARTESIAN_POINT('',(-22.5,49.6,-8.2));
#1873 = DIRECTION('',(1.110223024625E-16,1.,-0.));
#1874 = DIRECTION('',(0.,0.,1.));
#1875 = PCURVE('',#1184,#1876);
#1876 = DEFINITIONAL_REPRESENTATION('',(#1877),#1881);
#1877 = LINE('',#1878,#1879);
#1878 = CARTESIAN_POINT('',(-0.,-1.6));
#1879 = VECTOR('',#1880,1.);
#1880 = DIRECTION('',(-1.,-0.));
#1881 = ( GEOMETRIC_REPRESENTATION_CONTEXT(2) 
PARAMETRIC_REPRESENTATION_CONTEXT() REPRESENTATION_CONTEXT('2D SPACE',''
  ) );
#1882 = PCURVE('',#1445,#1883);
#1883 = DEFINITIONAL_REPRESENTATION('',(#1884),#1888);
#1884 = LINE('',#1885,#1886);
#1885 = CARTESIAN_POINT('',(-1.570796326795,-2.6));
#1886 = VECTOR('',#1887,1.);
#1887 = DIRECTION('',(-1.,0.));
#1888 = ( GEOMETRIC_REPRESENTATION_CONTEXT(2) 
PARAMETRIC_REPRESENTATION_CONTEXT() REPRESENTATION_CONTEXT('2D SPACE',''
  ) );
#1889 = ORIENTED_EDGE('',*,*,#1821,.F.);
#1890 = ADVANCED_FACE('',(#1891),#1215,.F.);
#1891 = FACE_BOUND('',#1892,.F.);
#1892 = EDGE_LOOP('',(#1893,#1894,#1917,#1941,#1963));
#1893 = ORIENTED_EDGE('',*,*,#1198,.T.);
#1894 = ORIENTED_EDGE('',*,*,#1895,.T.);
#1895 = EDGE_CURVE('',#1199,#1896,#1898,.T.);
#1896 = VERTEX_POINT('',#1897);
#1897 = CARTESIAN_POINT('',(4.910339105975E-15,51.508623642024,-5.6));
#1898 = SEAM_CURVE('',#1899,(#1903,#1910),.PCURVE_S1.);
#1899 = LINE('',#1900,#1901);
#1900 = CARTESIAN_POINT('',(3.773769083284E-15,48.,-2.55));
#1901 = VECTOR('',#1902,1.);
#1902 = DIRECTION('',(2.444777132678E-16,0.754709580223,-0.656059028991)
  );
#1903 = PCURVE('',#1215,#1904);
#1904 = DEFINITIONAL_REPRESENTATION('',(#1905),#1909);
#1905 = LINE('',#1906,#1907);
#1906 = CARTESIAN_POINT('',(0.,-0.));
#1907 = VECTOR('',#1908,1.);
#1908 = DIRECTION('',(-0.,-1.));
#1909 = ( GEOMETRIC_REPRESENTATION_CONTEXT(2) 
PARAMETRIC_REPRESENTATION_CONTEXT() REPRESENTATION_CONTEXT('2D SPACE',''
  ) );
#1910 = PCURVE('',#1215,#1911);
#1911 = DEFINITIONAL_REPRESENTATION('',(#1912),#1916);
#1912 = LINE('',#1913,#1914);
#1913 = CARTESIAN_POINT('',(-6.28318530718,0.));
#1914 = VECTOR('',#1915,1.);
#1915 = DIRECTION('',(-0.,-1.));
#1916 = ( GEOMETRIC_REPRESENTATION_CONTEXT(2) 
PARAMETRIC_REPRESENTATION_CONTEXT() REPRESENTATION_CONTEXT('2D SPACE',''
  ) );
#1917 = ORIENTED_EDGE('',*,*,#1918,.F.);
#1918 = EDGE_CURVE('',#1919,#1896,#1921,.T.);
#1919 = VERTEX_POINT('',#1920);
#1920 = CARTESIAN_POINT('',(-3.3,51.508623642024,-8.9));
#1921 = SURFACE_CURVE('',#1922,(#1927,#1934),.PCURVE_S1.);
#1922 = CIRCLE('',#1923,3.3);
#1923 = AXIS2_PLACEMENT_3D('',#1924,#1925,#1926);
#1924 = CARTESIAN_POINT('',(5.718605993413E-15,51.508623642024,-8.9));
#1925 = DIRECTION('',(1.110223024625E-16,1.,-0.));
#1926 = DIRECTION('',(0.,0.,1.));
#1927 = PCURVE('',#1215,#1928);
#1928 = DEFINITIONAL_REPRESENTATION('',(#1929),#1933);
#1929 = LINE('',#1930,#1931);
#1930 = CARTESIAN_POINT('',(-0.,-3.508623642024));
#1931 = VECTOR('',#1932,1.);
#1932 = DIRECTION('',(-1.,-0.));
#1933 = ( GEOMETRIC_REPRESENTATION_CONTEXT(2) 
PARAMETRIC_REPRESENTATION_CONTEXT() REPRESENTATION_CONTEXT('2D SPACE',''
  ) );
#1934 = PCURVE('',#1414,#1935);
#1935 = DEFINITIONAL_REPRESENTATION('',(#1936),#1940);
#1936 = LINE('',#1937,#1938);
#1937 = CARTESIAN_POINT('',(4.712388980385,-4.508623642024));
#1938 = VECTOR('',#1939,1.);
#1939 = DIRECTION('',(-1.,0.));
#1940 = ( GEOMETRIC_REPRESENTATION_CONTEXT(2) 
PARAMETRIC_REPRESENTATION_CONTEXT() REPRESENTATION_CONTEXT('2D SPACE',''
  ) );
#1941 = ORIENTED_EDGE('',*,*,#1942,.F.);
#1942 = EDGE_CURVE('',#1896,#1919,#1943,.T.);
#1943 = SURFACE_CURVE('',#1944,(#1949,#1956),.PCURVE_S1.);
#1944 = CIRCLE('',#1945,3.3);
#1945 = AXIS2_PLACEMENT_3D('',#1946,#1947,#1948);
#1946 = CARTESIAN_POINT('',(5.718605993413E-15,51.508623642024,-8.9));
#1947 = DIRECTION('',(1.110223024625E-16,1.,-0.));
#1948 = DIRECTION('',(0.,0.,1.));
#1949 = PCURVE('',#1215,#1950);
#1950 = DEFINITIONAL_REPRESENTATION('',(#1951),#1955);
#1951 = LINE('',#1952,#1953);
#1952 = CARTESIAN_POINT('',(-0.,-3.508623642024));
#1953 = VECTOR('',#1954,1.);
#1954 = DIRECTION('',(-1.,-0.));
#1955 = ( GEOMETRIC_REPRESENTATION_CONTEXT(2) 
PARAMETRIC_REPRESENTATION_CONTEXT() REPRESENTATION_CONTEXT('2D SPACE',''
  ) );
#1956 = PCURVE('',#1414,#1957);
#1957 = DEFINITIONAL_REPRESENTATION('',(#1958),#1962);
#1958 = LINE('',#1959,#1960);
#1959 = CARTESIAN_POINT('',(-1.570796326795,-4.508623642024));
#1960 = VECTOR('',#1961,1.);
#1961 = DIRECTION('',(-1.,0.));
#1962 = ( GEOMETRIC_REPRESENTATION_CONTEXT(2) 
PARAMETRIC_REPRESENTATION_CONTEXT() REPRESENTATION_CONTEXT('2D SPACE',''
  ) );
#1963 = ORIENTED_EDGE('',*,*,#1895,.F.);
#1964 = ADVANCED_FACE('',(#1965),#1246,.F.);
#1965 = FACE_BOUND('',#1966,.F.);
#1966 = EDGE_LOOP('',(#1967,#1968,#1991,#2015,#2037));
#1967 = ORIENTED_EDGE('',*,*,#1229,.T.);
#1968 = ORIENTED_EDGE('',*,*,#1969,.T.);
#1969 = EDGE_CURVE('',#1230,#1970,#1972,.T.);
#1970 = VERTEX_POINT('',#1971);
#1971 = CARTESIAN_POINT('',(22.5,49.6,-6.5));
#1972 = SEAM_CURVE('',#1973,(#1977,#1984),.PCURVE_S1.);
#1973 = LINE('',#1974,#1975);
#1974 = CARTESIAN_POINT('',(22.5,48.,-4.9));
#1975 = VECTOR('',#1976,1.);
#1976 = DIRECTION('',(2.516958341813E-16,0.707106781187,-0.707106781187)
  );
#1977 = PCURVE('',#1246,#1978);
#1978 = DEFINITIONAL_REPRESENTATION('',(#1979),#1983);
#1979 = LINE('',#1980,#1981);
#1980 = CARTESIAN_POINT('',(0.,-0.));
#1981 = VECTOR('',#1982,1.);
#1982 = DIRECTION('',(-0.,-1.));
#1983 = ( GEOMETRIC_REPRESENTATION_CONTEXT(2) 
PARAMETRIC_REPRESENTATION_CONTEXT() REPRESENTATION_CONTEXT('2D SPACE',''
  ) );
#1984 = PCURVE('',#1246,#1985);
#1985 = DEFINITIONAL_REPRESENTATION('',(#1986),#1990);
#1986 = LINE('',#1987,#1988);
#1987 = CARTESIAN_POINT('',(-6.28318530718,0.));
#1988 = VECTOR('',#1989,1.);
#1989 = DIRECTION('',(-0.,-1.));
#1990 = ( GEOMETRIC_REPRESENTATION_CONTEXT(2) 
PARAMETRIC_REPRESENTATION_CONTEXT() REPRESENTATION_CONTEXT('2D SPACE',''
  ) );
#1991 = ORIENTED_EDGE('',*,*,#1992,.F.);
#1992 = EDGE_CURVE('',#1993,#1970,#1995,.T.);
#1993 = VERTEX_POINT('',#1994);
#1994 = CARTESIAN_POINT('',(20.8,49.6,-8.2));
#1995 = SURFACE_CURVE('',#1996,(#2001,#2008),.PCURVE_S1.);
#1996 = CIRCLE('',#1997,1.7);
#1997 = AXIS2_PLACEMENT_3D('',#1998,#1999,#2000);
#1998 = CARTESIAN_POINT('',(22.5,49.6,-8.2));
#1999 = DIRECTION('',(1.110223024625E-16,1.,-0.));
#2000 = DIRECTION('',(0.,0.,1.));
#2001 = PCURVE('',#1246,#2002);
#2002 = DEFINITIONAL_REPRESENTATION('',(#2003),#2007);
#2003 = LINE('',#2004,#2005);
#2004 = CARTESIAN_POINT('',(-0.,-1.6));
#2005 = VECTOR('',#2006,1.);
#2006 = DIRECTION('',(-1.,-0.));
#2007 = ( GEOMETRIC_REPRESENTATION_CONTEXT(2) 
PARAMETRIC_REPRESENTATION_CONTEXT() REPRESENTATION_CONTEXT('2D SPACE',''
  ) );
#2008 = PCURVE('',#1383,#2009);
#2009 = DEFINITIONAL_REPRESENTATION('',(#2010),#2014);
#2010 = LINE('',#2011,#2012);
#2011 = CARTESIAN_POINT('',(4.712388980385,-2.6));
#2012 = VECTOR('',#2013,1.);
#2013 = DIRECTION('',(-1.,0.));
#2014 = ( GEOMETRIC_REPRESENTATION_CONTEXT(2) 
PARAMETRIC_REPRESENTATION_CONTEXT() REPRESENTATION_CONTEXT('2D SPACE',''
  ) );
#2015 = ORIENTED_EDGE('',*,*,#2016,.F.);
#2016 = EDGE_CURVE('',#1970,#1993,#2017,.T.);
#2017 = SURFACE_CURVE('',#2018,(#2023,#2030),.PCURVE_S1.);
#2018 = CIRCLE('',#2019,1.7);
#2019 = AXIS2_PLACEMENT_3D('',#2020,#2021,#2022);
#2020 = CARTESIAN_POINT('',(22.5,49.6,-8.2));
#2021 = DIRECTION('',(1.110223024625E-16,1.,-0.));
#2022 = DIRECTION('',(0.,0.,1.));
#2023 = PCURVE('',#1246,#2024);
#2024 = DEFINITIONAL_REPRESENTATION('',(#2025),#2029);
#2025 = LINE('',#2026,#2027);
#2026 = CARTESIAN_POINT('',(-0.,-1.6));
#2027 = VECTOR('',#2028,1.);
#2028 = DIRECTION('',(-1.,-0.));
#2029 = ( GEOMETRIC_REPRESENTATION_CONTEXT(2) 
PARAMETRIC_REPRESENTATION_CONTEXT() REPRESENTATION_CONTEXT('2D SPACE',''
  ) );
#2030 = PCURVE('',#1383,#2031);
#2031 = DEFINITIONAL_REPRESENTATION('',(#2032),#2036);
#2032 = LINE('',#2033,#2034);
#2033 = CARTESIAN_POINT('',(-1.570796326795,-2.6));
#2034 = VECTOR('',#2035,1.);
#2035 = DIRECTION('',(-1.,0.));
#2036 = ( GEOMETRIC_REPRESENTATION_CONTEXT(2) 
PARAMETRIC_REPRESENTATION_CONTEXT() REPRESENTATION_CONTEXT('2D SPACE',''
  ) );
#2037 = ORIENTED_EDGE('',*,*,#1969,.F.);
#2038 = ADVANCED_FACE('',(#2039),#1383,.F.);
#2039 = FACE_BOUND('',#2040,.T.);
#2040 = EDGE_LOOP('',(#2041,#2062,#2063,#2064,#2065));
#2041 = ORIENTED_EDGE('',*,*,#2042,.F.);
#2042 = EDGE_CURVE('',#1993,#1367,#2043,.T.);
#2043 = SEAM_CURVE('',#2044,(#2048,#2055),.PCURVE_S1.);
#2044 = LINE('',#2045,#2046);
#2045 = CARTESIAN_POINT('',(20.8,47.,-8.2));
#2046 = VECTOR('',#2047,1.);
#2047 = DIRECTION('',(1.110223024625E-16,1.,0.));
#2048 = PCURVE('',#1383,#2049);
#2049 = DEFINITIONAL_REPRESENTATION('',(#2050),#2054);
#2050 = LINE('',#2051,#2052);
#2051 = CARTESIAN_POINT('',(-6.28318530718,0.));
#2052 = VECTOR('',#2053,1.);
#2053 = DIRECTION('',(-0.,-1.));
#2054 = ( GEOMETRIC_REPRESENTATION_CONTEXT(2) 
PARAMETRIC_REPRESENTATION_CONTEXT() REPRESENTATION_CONTEXT('2D SPACE',''
  ) );
#2055 = PCURVE('',#1383,#2056);
#2056 = DEFINITIONAL_REPRESENTATION('',(#2057),#2061);
#2057 = LINE('',#2058,#2059);
#2058 = CARTESIAN_POINT('',(-0.,0.));
#2059 = VECTOR('',#2060,1.);
#2060 = DIRECTION('',(-0.,-1.));
#2061 = ( GEOMETRIC_REPRESENTATION_CONTEXT(2) 
PARAMETRIC_REPRESENTATION_CONTEXT() REPRESENTATION_CONTEXT('2D SPACE',''
  ) );
#2062 = ORIENTED_EDGE('',*,*,#2016,.F.);
#2063 = ORIENTED_EDGE('',*,*,#1992,.F.);
#2064 = ORIENTED_EDGE('',*,*,#2042,.T.);
#2065 = ORIENTED_EDGE('',*,*,#1366,.F.);
#2066 = ADVANCED_FACE('',(#2067),#1414,.F.);
#2067 = FACE_BOUND('',#2068,.T.);
#2068 = EDGE_LOOP('',(#2069,#2090,#2091,#2092,#2093));
#2069 = ORIENTED_EDGE('',*,*,#2070,.F.);
#2070 = EDGE_CURVE('',#1919,#1398,#2071,.T.);
#2071 = SEAM_CURVE('',#2072,(#2076,#2083),.PCURVE_S1.);
#2072 = LINE('',#2073,#2074);
#2073 = CARTESIAN_POINT('',(-3.3,47.,-8.9));
#2074 = VECTOR('',#2075,1.);
#2075 = DIRECTION('',(1.110223024625E-16,1.,0.));
#2076 = PCURVE('',#1414,#2077);
#2077 = DEFINITIONAL_REPRESENTATION('',(#2078),#2082);
#2078 = LINE('',#2079,#2080);
#2079 = CARTESIAN_POINT('',(-6.28318530718,0.));
#2080 = VECTOR('',#2081,1.);
#2081 = DIRECTION('',(-0.,-1.));
#2082 = ( GEOMETRIC_REPRESENTATION_CONTEXT(2) 
PARAMETRIC_REPRESENTATION_CONTEXT() REPRESENTATION_CONTEXT('2D SPACE',''
  ) );
#2083 = PCURVE('',#1414,#2084);
#2084 = DEFINITIONAL_REPRESENTATION('',(#2085),#2089);
#2085 = LINE('',#2086,#2087);
#2086 = CARTESIAN_POINT('',(-0.,0.));
#2087 = VECTOR('',#2088,1.);
#2088 = DIRECTION('',(-0.,-1.));
#2089 = ( GEOMETRIC_REPRESENTATION_CONTEXT(2) 
PARAMETRIC_REPRESENTATION_CONTEXT() REPRESENTATION_CONTEXT('2D SPACE',''
  ) );
#2090 = ORIENTED_EDGE('',*,*,#1942,.F.);
#2091 = ORIENTED_EDGE('',*,*,#1918,.F.);
#2092 = ORIENTED_EDGE('',*,*,#2070,.T.);
#2093 = ORIENTED_EDGE('',*,*,#1397,.F.);
#2094 = ADVANCED_FACE('',(#2095),#1445,.F.);
#2095 = FACE_BOUND('',#2096,.T.);
#2096 = EDGE_LOOP('',(#2097,#2118,#2119,#2120,#2121));
#2097 = ORIENTED_EDGE('',*,*,#2098,.F.);
#2098 = EDGE_CURVE('',#1845,#1429,#2099,.T.);
#2099 = SEAM_CURVE('',#2100,(#2104,#2111),.PCURVE_S1.);
#2100 = LINE('',#2101,#2102);
#2101 = CARTESIAN_POINT('',(-24.2,47.,-8.2));
#2102 = VECTOR('',#2103,1.);
#2103 = DIRECTION('',(1.110223024625E-16,1.,0.));
#2104 = PCURVE('',#1445,#2105);
#2105 = DEFINITIONAL_REPRESENTATION('',(#2106),#2110);
#2106 = LINE('',#2107,#2108);
#2107 = CARTESIAN_POINT('',(-6.28318530718,0.));
#2108 = VECTOR('',#2109,1.);
#2109 = DIRECTION('',(-0.,-1.));
#2110 = ( GEOMETRIC_REPRESENTATION_CONTEXT(2) 
PARAMETRIC_REPRESENTATION_CONTEXT() REPRESENTATION_CONTEXT('2D SPACE',''
  ) );
#2111 = PCURVE('',#1445,#2112);
#2112 = DEFINITIONAL_REPRESENTATION('',(#2113),#2117);
#2113 = LINE('',#2114,#2115);
#2114 = CARTESIAN_POINT('',(-0.,0.));
#2115 = VECTOR('',#2116,1.);
#2116 = DIRECTION('',(-0.,-1.));
#2117 = ( GEOMETRIC_REPRESENTATION_CONTEXT(2) 
PARAMETRIC_REPRESENTATION_CONTEXT() REPRESENTATION_CONTEXT('2D SPACE',''
  ) );
#2118 = ORIENTED_EDGE('',*,*,#1868,.F.);
#2119 = ORIENTED_EDGE('',*,*,#1844,.F.);
#2120 = ORIENTED_EDGE('',*,*,#2098,.T.);
#2121 = ORIENTED_EDGE('',*,*,#1428,.F.);
#2122 = ADVANCED_FACE('',(#2123),#1554,.T.);
#2123 = FACE_BOUND('',#2124,.F.);
#2124 = EDGE_LOOP('',(#2125,#2146,#2147,#2148));
#2125 = ORIENTED_EDGE('',*,*,#2126,.F.);
#2126 = EDGE_CURVE('',#1515,#2127,#2129,.T.);
#2127 = VERTEX_POINT('',#2128);
#2128 = CARTESIAN_POINT('',(14.85,0.,-4.));
#2129 = SEAM_CURVE('',#2130,(#2134,#2140),.PCURVE_S1.);
#2130 = LINE('',#2131,#2132);
#2131 = CARTESIAN_POINT('',(15.65,0.,-3.2));
#2132 = VECTOR('',#2133,1.);
#2133 = DIRECTION('',(-0.707106781187,-0.,-0.707106781187));
#2134 = PCURVE('',#1554,#2135);
#2135 = DEFINITIONAL_REPRESENTATION('',(#2136),#2139);
#2136 = B_SPLINE_CURVE_WITH_KNOTS('',1,(#2137,#2138),.UNSPECIFIED.,.F.,
  .F.,(2,2),(0.,1.131370849898),.PIECEWISE_BEZIER_KNOTS.);
#2137 = CARTESIAN_POINT('',(0.,0.));
#2138 = CARTESIAN_POINT('',(0.,-0.8));
#2139 = ( GEOMETRIC_REPRESENTATION_CONTEXT(2) 
PARAMETRIC_REPRESENTATION_CONTEXT() REPRESENTATION_CONTEXT('2D SPACE',''
  ) );
#2140 = PCURVE('',#1554,#2141);
#2141 = DEFINITIONAL_REPRESENTATION('',(#2142),#2145);
#2142 = B_SPLINE_CURVE_WITH_KNOTS('',1,(#2143,#2144),.UNSPECIFIED.,.F.,
  .F.,(2,2),(0.,1.131370849898),.PIECEWISE_BEZIER_KNOTS.);
#2143 = CARTESIAN_POINT('',(6.28318530718,0.));
#2144 = CARTESIAN_POINT('',(6.28318530718,-0.8));
#2145 = ( GEOMETRIC_REPRESENTATION_CONTEXT(2) 
PARAMETRIC_REPRESENTATION_CONTEXT() REPRESENTATION_CONTEXT('2D SPACE',''
  ) );
#2146 = ORIENTED_EDGE('',*,*,#1539,.T.);
#2147 = ORIENTED_EDGE('',*,*,#2126,.T.);
#2148 = ORIENTED_EDGE('',*,*,#2149,.F.);
#2149 = EDGE_CURVE('',#2127,#2127,#2150,.T.);
#2150 = SURFACE_CURVE('',#2151,(#2156,#2163),.PCURVE_S1.);
#2151 = CIRCLE('',#2152,14.85);
#2152 = AXIS2_PLACEMENT_3D('',#2153,#2154,#2155);
#2153 = CARTESIAN_POINT('',(0.,0.,-4.));
#2154 = DIRECTION('',(0.,0.,1.));
#2155 = DIRECTION('',(1.,0.,-0.));
#2156 = PCURVE('',#1554,#2157);
#2157 = DEFINITIONAL_REPRESENTATION('',(#2158),#2162);
#2158 = LINE('',#2159,#2160);
#2159 = CARTESIAN_POINT('',(0.,-0.8));
#2160 = VECTOR('',#2161,1.);
#2161 = DIRECTION('',(1.,-0.));
#2162 = ( GEOMETRIC_REPRESENTATION_CONTEXT(2) 
PARAMETRIC_REPRESENTATION_CONTEXT() REPRESENTATION_CONTEXT('2D SPACE',''
  ) );
#2163 = PCURVE('',#2164,#2169);
#2164 = PLANE('',#2165);
#2165 = AXIS2_PLACEMENT_3D('',#2166,#2167,#2168);
#2166 = CARTESIAN_POINT('',(-6.990109303716E-16,7.59164447188E-16,-4.));
#2167 = DIRECTION('',(0.,0.,1.));
#2168 = DIRECTION('',(1.,0.,-0.));
#2169 = DEFINITIONAL_REPRESENTATION('',(#2170),#2174);
#2170 = CIRCLE('',#2171,14.85);
#2171 = AXIS2_PLACEMENT_2D('',#2172,#2173);
#2172 = CARTESIAN_POINT('',(6.990109303716E-16,-7.59164447188E-16));
#2173 = DIRECTION('',(1.,0.));
#2174 = ( GEOMETRIC_REPRESENTATION_CONTEXT(2) 
PARAMETRIC_REPRESENTATION_CONTEXT() REPRESENTATION_CONTEXT('2D SPACE',''
  ) );
#2175 = ADVANCED_FACE('',(#2176,#2179),#1775,.T.);
#2176 = FACE_BOUND('',#2177,.T.);
#2177 = EDGE_LOOP('',(#2178));
#2178 = ORIENTED_EDGE('',*,*,#1758,.T.);
#2179 = FACE_BOUND('',#2180,.T.);
#2180 = EDGE_LOOP('',(#2181));
#2181 = ORIENTED_EDGE('',*,*,#2182,.T.);
#2182 = EDGE_CURVE('',#2183,#2183,#2185,.T.);
#2183 = VERTEX_POINT('',#2184);
#2184 = CARTESIAN_POINT('',(12.,8.498032742688E-17,2.));
#2185 = SURFACE_CURVE('',#2186,(#2191,#2202),.PCURVE_S1.);
#2186 = CIRCLE('',#2187,12.);
#2187 = AXIS2_PLACEMENT_3D('',#2188,#2189,#2190);
#2188 = CARTESIAN_POINT('',(0.,0.,2.));
#2189 = DIRECTION('',(0.,0.,-1.));
#2190 = DIRECTION('',(1.,0.,0.));
#2191 = PCURVE('',#1775,#2192);
#2192 = DEFINITIONAL_REPRESENTATION('',(#2193),#2201);
#2193 = ( BOUNDED_CURVE() B_SPLINE_CURVE(2,(#2194,#2195,#2196,#2197,
#2198,#2199,#2200),.UNSPECIFIED.,.T.,.F.) B_SPLINE_CURVE_WITH_KNOTS((1,2
    ,2,2,2,1),(-2.094395102393,0.,2.094395102393,4.188790204786,
6.28318530718,8.377580409573),.UNSPECIFIED.) CURVE() 
GEOMETRIC_REPRESENTATION_ITEM() RATIONAL_B_SPLINE_CURVE((1.,0.5,1.,0.5,
1.,0.5,1.)) REPRESENTATION_ITEM('') );
#2194 = CARTESIAN_POINT('',(12.,-1.423550083974E-15));
#2195 = CARTESIAN_POINT('',(12.,-20.78460969082));
#2196 = CARTESIAN_POINT('',(-6.,-10.39230484541));
#2197 = CARTESIAN_POINT('',(-24.,-4.362702401928E-15));
#2198 = CARTESIAN_POINT('',(-6.,10.392304845413));
#2199 = CARTESIAN_POINT('',(12.,20.784609690827));
#2200 = CARTESIAN_POINT('',(12.,-1.423550083974E-15));
#2201 = ( GEOMETRIC_REPRESENTATION_CONTEXT(2) 
PARAMETRIC_REPRESENTATION_CONTEXT() REPRESENTATION_CONTEXT('2D SPACE',''
  ) );
#2202 = PCURVE('',#2203,#2208);
#2203 = CYLINDRICAL_SURFACE('',#2204,12.);
#2204 = AXIS2_PLACEMENT_3D('',#2205,#2206,#2207);
#2205 = CARTESIAN_POINT('',(0.,0.,-20.));
#2206 = DIRECTION('',(-0.,-0.,-1.));
#2207 = DIRECTION('',(1.,0.,0.));
#2208 = DEFINITIONAL_REPRESENTATION('',(#2209),#2213);
#2209 = LINE('',#2210,#2211);
#2210 = CARTESIAN_POINT('',(-6.28318530718,-22.));
#2211 = VECTOR('',#2212,1.);
#2212 = DIRECTION('',(1.,-0.));
#2213 = ( GEOMETRIC_REPRESENTATION_CONTEXT(2) 
PARAMETRIC_REPRESENTATION_CONTEXT() REPRESENTATION_CONTEXT('2D SPACE',''
  ) );
#2214 = ADVANCED_FACE('',(#2215,#2218),#2164,.F.);
#2215 = FACE_BOUND('',#2216,.F.);
#2216 = EDGE_LOOP('',(#2217));
#2217 = ORIENTED_EDGE('',*,*,#2149,.T.);
#2218 = FACE_BOUND('',#2219,.F.);
#2219 = EDGE_LOOP('',(#2220));
#2220 = ORIENTED_EDGE('',*,*,#2221,.F.);
#2221 = EDGE_CURVE('',#2222,#2222,#2224,.T.);
#2222 = VERTEX_POINT('',#2223);
#2223 = CARTESIAN_POINT('',(12.,2.124508185672E-16,-4.));
#2224 = SURFACE_CURVE('',#2225,(#2230,#2237),.PCURVE_S1.);
#2225 = CIRCLE('',#2226,12.);
#2226 = AXIS2_PLACEMENT_3D('',#2227,#2228,#2229);
#2227 = CARTESIAN_POINT('',(7.555092137322E-14,2.124508185672E-16,-4.));
#2228 = DIRECTION('',(0.,0.,1.));
#2229 = DIRECTION('',(1.,0.,0.));
#2230 = PCURVE('',#2164,#2231);
#2231 = DEFINITIONAL_REPRESENTATION('',(#2232),#2236);
#2232 = CIRCLE('',#2233,12.);
#2233 = AXIS2_PLACEMENT_2D('',#2234,#2235);
#2234 = CARTESIAN_POINT('',(7.62499323036E-14,-5.467136286208E-16));
#2235 = DIRECTION('',(1.,0.));
#2236 = ( GEOMETRIC_REPRESENTATION_CONTEXT(2) 
PARAMETRIC_REPRESENTATION_CONTEXT() REPRESENTATION_CONTEXT('2D SPACE',''
  ) );
#2237 = PCURVE('',#2203,#2238);
#2238 = DEFINITIONAL_REPRESENTATION('',(#2239),#2243);
#2239 = LINE('',#2240,#2241);
#2240 = CARTESIAN_POINT('',(-0.,-16.));
#2241 = VECTOR('',#2242,1.);
#2242 = DIRECTION('',(-1.,0.));
#2243 = ( GEOMETRIC_REPRESENTATION_CONTEXT(2) 
PARAMETRIC_REPRESENTATION_CONTEXT() REPRESENTATION_CONTEXT('2D SPACE',''
  ) );
#2244 = ADVANCED_FACE('',(#2245),#2203,.F.);
#2245 = FACE_BOUND('',#2246,.T.);
#2246 = EDGE_LOOP('',(#2247,#2248,#2269,#2270));
#2247 = ORIENTED_EDGE('',*,*,#2182,.F.);
#2248 = ORIENTED_EDGE('',*,*,#2249,.T.);
#2249 = EDGE_CURVE('',#2183,#2222,#2250,.T.);
#2250 = SEAM_CURVE('',#2251,(#2255,#2262),.PCURVE_S1.);
#2251 = LINE('',#2252,#2253);
#2252 = CARTESIAN_POINT('',(12.,0.,6.));
#2253 = VECTOR('',#2254,1.);
#2254 = DIRECTION('',(7.638334409421E-15,2.124508185672E-17,-1.));
#2255 = PCURVE('',#2203,#2256);
#2256 = DEFINITIONAL_REPRESENTATION('',(#2257),#2261);
#2257 = LINE('',#2258,#2259);
#2258 = CARTESIAN_POINT('',(-0.,-26.));
#2259 = VECTOR('',#2260,1.);
#2260 = DIRECTION('',(0.,1.));
#2261 = ( GEOMETRIC_REPRESENTATION_CONTEXT(2) 
PARAMETRIC_REPRESENTATION_CONTEXT() REPRESENTATION_CONTEXT('2D SPACE',''
  ) );
#2262 = PCURVE('',#2203,#2263);
#2263 = DEFINITIONAL_REPRESENTATION('',(#2264),#2268);
#2264 = LINE('',#2265,#2266);
#2265 = CARTESIAN_POINT('',(-6.28318530718,-26.));
#2266 = VECTOR('',#2267,1.);
#2267 = DIRECTION('',(0.,1.));
#2268 = ( GEOMETRIC_REPRESENTATION_CONTEXT(2) 
PARAMETRIC_REPRESENTATION_CONTEXT() REPRESENTATION_CONTEXT('2D SPACE',''
  ) );
#2269 = ORIENTED_EDGE('',*,*,#2221,.F.);
#2270 = ORIENTED_EDGE('',*,*,#2249,.F.);
#2271 = ( GEOMETRIC_REPRESENTATION_CONTEXT(3) 
GLOBAL_UNCERTAINTY_ASSIGNED_CONTEXT((#2275)) 
GLOBAL_UNIT_ASSIGNED_CONTEXT((#2272,#2273,#2274)) REPRESENTATION_CONTEXT
('Context #1','3D Context with UNIT and UNCERTAINTY') );
#2272 = ( LENGTH_UNIT() NAMED_UNIT(*) SI_UNIT(.MILLI.,.METRE.) );
#2273 = ( NAMED_UNIT(*) PLANE_ANGLE_UNIT() SI_UNIT($,.RADIAN.) );
#2274 = ( NAMED_UNIT(*) SI_UNIT($,.STERADIAN.) SOLID_ANGLE_UNIT() );
#2275 = UNCERTAINTY_MEASURE_WITH_UNIT(LENGTH_MEASURE(1.E-07),#2272,
  'distance_accuracy_value','confusion accuracy');
#2276 = PRODUCT_RELATED_PRODUCT_CATEGORY('part',$,(#7));
ENDSEC;
END-ISO-10303-21;
