ISO-10303-21;
HEADER;
FILE_DESCRIPTION(('Open CASCADE Model'),'2;1');
FILE_NAME('Open CASCADE Shape Model','2026-09-04T22:54:16',('Author'),(
    'Open CASCADE'),'Open CASCADE STEP processor 7.9','Open CASCADE 7.9'
  ,'Unknown');
FILE_SCHEMA(('AUTOMOTIVE_DESIGN { 1 0 10303 214 1 1 1 1 }'));
ENDSEC;
DATA;
#1 = APPLICATION_PROTOCOL_DEFINITION('international standard',
  'automotive_design',2000,#2);
#2 = APPLICATION_CONTEXT(
  'core data for automotive mechanical design processes');
#3 = SHAPE_DEFINITION_REPRESENTATION(#4,#10);
#4 = PRODUCT_DEFINITION_SHAPE('','',#5);
#5 = PRODUCT_DEFINITION('design','',#6,#9);
#6 = PRODUCT_DEFINITION_FORMATION('','',#7);
#7 = PRODUCT('Open CASCADE STEP translator 7.9 2',
  'Open CASCADE STEP translator 7.9 2','',(#8));
#8 = PRODUCT_CONTEXT('',#2,'mechanical');
#9 = PRODUCT_DEFINITION_CONTEXT('part definition',#2,'design');
#10 = ADVANCED_BREP_SHAPE_REPRESENTATION('',(#11,#15),#4873);
#11 = AXIS2_PLACEMENT_3D('',#12,#13,#14);
#12 = CARTESIAN_POINT('',(0.,0.,0.));
#13 = DIRECTION('',(0.,0.,1.));
#14 = DIRECTION('',(1.,0.,-0.));
#15 = MANIFOLD_SOLID_BREP('',#16);
#16 = CLOSED_SHELL('',(#17,#135,#224,#357,#1156,#1257,#1969,#2146,#2200,
    #2345,#2372,#2399,#2426,#2499,#2649,#2765,#2792,#2840,#2951,#3096,
    #3144,#3343,#3391,#3439,#3618,#3645,#3672,#3699,#3746,#3773,#3800,
    #3807,#3834,#3866,#3898,#3930,#3962,#3994,#4001,#4075,#4149,#4223,
    #4251,#4279,#4307,#4435,#4512,#4593,#4643,#4671,#4726,#4763,#4798,
    #4848));
#17 = ADVANCED_FACE('',(#18),#33,.T.);
#18 = FACE_BOUND('',#19,.F.);
#19 = EDGE_LOOP('',(#20,#56,#82,#111));
#20 = ORIENTED_EDGE('',*,*,#21,.F.);
#21 = EDGE_CURVE('',#22,#24,#26,.T.);
#22 = VERTEX_POINT('',#23);
#23 = CARTESIAN_POINT('',(47.367087377404,7.769107630957,5.));
#24 = VERTEX_POINT('',#25);
#25 = CARTESIAN_POINT('',(7.769107630957,47.367087377404,5.));
#26 = SURFACE_CURVE('',#27,(#32,#44),.PCURVE_S1.);
#27 = CIRCLE('',#28,48.);
#28 = AXIS2_PLACEMENT_3D('',#29,#30,#31);
#29 = CARTESIAN_POINT('',(0.,0.,5.));
#30 = DIRECTION('',(0.,0.,-1.));
#31 = DIRECTION('',(0.986814320363,0.161856408978,0.));
#32 = PCURVE('',#33,#38);
#33 = CYLINDRICAL_SURFACE('',#34,48.);
#34 = AXIS2_PLACEMENT_3D('',#35,#36,#37);
#35 = CARTESIAN_POINT('',(0.,0.,0.));
#36 = DIRECTION('',(-0.,-0.,-1.));
#37 = DIRECTION('',(1.,0.,0.));
#38 = DEFINITIONAL_REPRESENTATION('',(#39),#43);
#39 = LINE('',#40,#41);
#40 = CARTESIAN_POINT('',(-6.445756885165,-5.));
#41 = VECTOR('',#42,1.);
#42 = DIRECTION('',(1.,-0.));
#43 = ( GEOMETRIC_REPRESENTATION_CONTEXT(2) 
PARAMETRIC_REPRESENTATION_CONTEXT() REPRESENTATION_CONTEXT('2D SPACE',''
  ) );
#44 = PCURVE('',#45,#50);
#45 = CONICAL_SURFACE('',#46,48.,0.785398163397);
#46 = AXIS2_PLACEMENT_3D('',#47,#48,#49);
#47 = CARTESIAN_POINT('',(0.,0.,5.));
#48 = DIRECTION('',(-0.,-0.,-1.));
#49 = DIRECTION('',(1.,0.,0.));
#50 = DEFINITIONAL_REPRESENTATION('',(#51),#55);
#51 = LINE('',#52,#53);
#52 = CARTESIAN_POINT('',(-6.445756885165,-0.));
#53 = VECTOR('',#54,1.);
#54 = DIRECTION('',(1.,-0.));
#55 = ( GEOMETRIC_REPRESENTATION_CONTEXT(2) 
PARAMETRIC_REPRESENTATION_CONTEXT() REPRESENTATION_CONTEXT('2D SPACE',''
  ) );
#56 = ORIENTED_EDGE('',*,*,#57,.T.);
#57 = EDGE_CURVE('',#22,#58,#60,.T.);
#58 = VERTEX_POINT('',#59);
#59 = CARTESIAN_POINT('',(47.367087377404,7.769107630956,0.));
#60 = SURFACE_CURVE('',#61,(#65,#71),.PCURVE_S1.);
#61 = LINE('',#62,#63);
#62 = CARTESIAN_POINT('',(47.367087377404,7.769107630957,0.));
#63 = VECTOR('',#64,1.);
#64 = DIRECTION('',(-0.,-0.,-1.));
#65 = PCURVE('',#33,#66);
#66 = DEFINITIONAL_REPRESENTATION('',(#67),#70);
#67 = B_SPLINE_CURVE_WITH_KNOTS('',1,(#68,#69),.UNSPECIFIED.,.F.,.F.,(2,
    2),(-5.,0.),.PIECEWISE_BEZIER_KNOTS.);
#68 = CARTESIAN_POINT('',(-6.445756885165,-5.));
#69 = CARTESIAN_POINT('',(-6.445756885165,0.));
#70 = ( GEOMETRIC_REPRESENTATION_CONTEXT(2) 
PARAMETRIC_REPRESENTATION_CONTEXT() REPRESENTATION_CONTEXT('2D SPACE',''
  ) );
#71 = PCURVE('',#72,#77);
#72 = PLANE('',#73);
#73 = AXIS2_PLACEMENT_3D('',#74,#75,#76);
#74 = CARTESIAN_POINT('',(39.597979746447,-1.7763568394E-15,0.));
#75 = DIRECTION('',(-0.707106781187,0.707106781187,0.));
#76 = DIRECTION('',(0.707106781187,0.707106781187,0.));
#77 = DEFINITIONAL_REPRESENTATION('',(#78),#81);
#78 = B_SPLINE_CURVE_WITH_KNOTS('',1,(#79,#80),.UNSPECIFIED.,.F.,.F.,(2,
    2),(-5.0000006,6.E-07),.PIECEWISE_BEZIER_KNOTS.);
#79 = CARTESIAN_POINT('',(10.987177379236,-5.0000006));
#80 = CARTESIAN_POINT('',(10.987177379236,6.E-07));
#81 = ( GEOMETRIC_REPRESENTATION_CONTEXT(2) 
PARAMETRIC_REPRESENTATION_CONTEXT() REPRESENTATION_CONTEXT('2D SPACE',''
  ) );
#82 = ORIENTED_EDGE('',*,*,#83,.F.);
#83 = EDGE_CURVE('',#84,#58,#86,.T.);
#84 = VERTEX_POINT('',#85);
#85 = CARTESIAN_POINT('',(7.769107630956,47.367087377404,0.));
#86 = SURFACE_CURVE('',#87,(#92,#99),.PCURVE_S1.);
#87 = CIRCLE('',#88,48.);
#88 = AXIS2_PLACEMENT_3D('',#89,#90,#91);
#89 = CARTESIAN_POINT('',(0.,0.,0.));
#90 = DIRECTION('',(0.,-0.,1.));
#91 = DIRECTION('',(0.161856408978,0.986814320363,0.));
#92 = PCURVE('',#33,#93);
#93 = DEFINITIONAL_REPRESENTATION('',(#94),#98);
#94 = LINE('',#95,#96);
#95 = CARTESIAN_POINT('',(-1.408224748809,0.));
#96 = VECTOR('',#97,1.);
#97 = DIRECTION('',(-1.,0.));
#98 = ( GEOMETRIC_REPRESENTATION_CONTEXT(2) 
PARAMETRIC_REPRESENTATION_CONTEXT() REPRESENTATION_CONTEXT('2D SPACE',''
  ) );
#99 = PCURVE('',#100,#105);
#100 = PLANE('',#101);
#101 = AXIS2_PLACEMENT_3D('',#102,#103,#104);
#102 = CARTESIAN_POINT('',(-2.734880265079E-15,1.687072141469E-15,0.));
#103 = DIRECTION('',(0.,0.,1.));
#104 = DIRECTION('',(1.,0.,-0.));
#105 = DEFINITIONAL_REPRESENTATION('',(#106),#110);
#106 = CIRCLE('',#107,48.);
#107 = AXIS2_PLACEMENT_2D('',#108,#109);
#108 = CARTESIAN_POINT('',(2.734880265079E-15,-1.687072141469E-15));
#109 = DIRECTION('',(0.161856408978,0.986814320363));
#110 = ( GEOMETRIC_REPRESENTATION_CONTEXT(2) 
PARAMETRIC_REPRESENTATION_CONTEXT() REPRESENTATION_CONTEXT('2D SPACE',''
  ) );
#111 = ORIENTED_EDGE('',*,*,#112,.F.);
#112 = EDGE_CURVE('',#24,#84,#113,.T.);
#113 = SURFACE_CURVE('',#114,(#118,#124),.PCURVE_S1.);
#114 = LINE('',#115,#116);
#115 = CARTESIAN_POINT('',(7.769107630957,47.367087377404,0.));
#116 = VECTOR('',#117,1.);
#117 = DIRECTION('',(-0.,-0.,-1.));
#118 = PCURVE('',#33,#119);
#119 = DEFINITIONAL_REPRESENTATION('',(#120),#123);
#120 = B_SPLINE_CURVE_WITH_KNOTS('',1,(#121,#122),.UNSPECIFIED.,.F.,.F.,
  (2,2),(-5.,0.),.PIECEWISE_BEZIER_KNOTS.);
#121 = CARTESIAN_POINT('',(-1.408224748809,-5.));
#122 = CARTESIAN_POINT('',(-1.408224748809,0.));
#123 = ( GEOMETRIC_REPRESENTATION_CONTEXT(2) 
PARAMETRIC_REPRESENTATION_CONTEXT() REPRESENTATION_CONTEXT('2D SPACE',''
  ) );
#124 = PCURVE('',#125,#130);
#125 = PLANE('',#126);
#126 = AXIS2_PLACEMENT_3D('',#127,#128,#129);
#127 = CARTESIAN_POINT('',(21.920310216783,61.51828996323,0.));
#128 = DIRECTION('',(0.707106781187,-0.707106781187,0.));
#129 = DIRECTION('',(-0.707106781187,-0.707106781187,0.));
#130 = DEFINITIONAL_REPRESENTATION('',(#131),#134);
#131 = B_SPLINE_CURVE_WITH_KNOTS('',1,(#132,#133),.UNSPECIFIED.,.F.,.F.,
  (2,2),(-5.0000006,6.E-07),.PIECEWISE_BEZIER_KNOTS.);
#132 = CARTESIAN_POINT('',(20.012822620764,-5.0000006));
#133 = CARTESIAN_POINT('',(20.012822620764,6.E-07));
#134 = ( GEOMETRIC_REPRESENTATION_CONTEXT(2) 
PARAMETRIC_REPRESENTATION_CONTEXT() REPRESENTATION_CONTEXT('2D SPACE',''
  ) );
#135 = ADVANCED_FACE('',(#136),#45,.T.);
#136 = FACE_BOUND('',#137,.T.);
#137 = EDGE_LOOP('',(#138,#139,#166,#199));
#138 = ORIENTED_EDGE('',*,*,#21,.F.);
#139 = ORIENTED_EDGE('',*,*,#140,.T.);
#140 = EDGE_CURVE('',#22,#141,#143,.T.);
#141 = VERTEX_POINT('',#142);
#142 = CARTESIAN_POINT('',(46.491685503301,6.893705756854,6.));
#143 = SURFACE_CURVE('',#144,(#149,#159),.PCURVE_S1.);
#144 = HYPERBOLA('',#145,28.,28.);
#145 = AXIS2_PLACEMENT_3D('',#146,#147,#148);
#146 = CARTESIAN_POINT('',(19.798989873223,-19.79898987322,53.));
#147 = DIRECTION('',(-0.707106781187,0.707106781187,0.));
#148 = DIRECTION('',(-0.,0.,-1.));
#149 = PCURVE('',#45,#150);
#150 = DEFINITIONAL_REPRESENTATION('',(#151),#158);
#151 = B_SPLINE_CURVE_WITH_KNOTS('',5,(#152,#153,#154,#155,#156,#157),
  .UNSPECIFIED.,.F.,.F.,(6,6),(-1.133556211171,-1.107491468207),
  .PIECEWISE_BEZIER_KNOTS.);
#152 = CARTESIAN_POINT('',(-6.445756885165,3.552713678801E-15));
#153 = CARTESIAN_POINT('',(-6.442715998486,-0.203238151459));
#154 = CARTESIAN_POINT('',(-6.439659017427,-0.404845812937));
#155 = CARTESIAN_POINT('',(-6.436585886993,-0.604834490602));
#156 = CARTESIAN_POINT('',(-6.433496554088,-0.803215506021));
#157 = CARTESIAN_POINT('',(-6.430390967692,-1.));
#158 = ( GEOMETRIC_REPRESENTATION_CONTEXT(2) 
PARAMETRIC_REPRESENTATION_CONTEXT() REPRESENTATION_CONTEXT('2D SPACE',''
  ) );
#159 = PCURVE('',#72,#160);
#160 = DEFINITIONAL_REPRESENTATION('',(#161),#165);
#161 = ( BOUNDED_CURVE() B_SPLINE_CURVE(2,(#162,#163,#164),
.UNSPECIFIED.,.F.,.F.) B_SPLINE_CURVE_WITH_KNOTS((3,3),(-1.133556211171,
-1.107491468207),.PIECEWISE_BEZIER_KNOTS.) CURVE() 
GEOMETRIC_REPRESENTATION_ITEM() RATIONAL_B_SPLINE_CURVE((1.,
1.000084922555,1.)) REPRESENTATION_ITEM('') );
#162 = CARTESIAN_POINT('',(10.987177379236,-5.));
#163 = CARTESIAN_POINT('',(10.361658960938,-5.50806661517));
#164 = CARTESIAN_POINT('',(9.749172176354,-6.));
#165 = ( GEOMETRIC_REPRESENTATION_CONTEXT(2) 
PARAMETRIC_REPRESENTATION_CONTEXT() REPRESENTATION_CONTEXT('2D SPACE',''
  ) );
#166 = ORIENTED_EDGE('',*,*,#167,.T.);
#167 = EDGE_CURVE('',#141,#168,#170,.T.);
#168 = VERTEX_POINT('',#169);
#169 = CARTESIAN_POINT('',(6.893705756854,46.491685503301,6.));
#170 = SURFACE_CURVE('',#171,(#176,#183),.PCURVE_S1.);
#171 = CIRCLE('',#172,47.);
#172 = AXIS2_PLACEMENT_3D('',#173,#174,#175);
#173 = CARTESIAN_POINT('',(0.,0.,6.));
#174 = DIRECTION('',(0.,0.,-1.));
#175 = DIRECTION('',(0.989184797943,0.146674590571,0.));
#176 = PCURVE('',#45,#177);
#177 = DEFINITIONAL_REPRESENTATION('',(#178),#182);
#178 = LINE('',#179,#180);
#179 = CARTESIAN_POINT('',(-6.430390967692,-1.));
#180 = VECTOR('',#181,1.);
#181 = DIRECTION('',(1.,-0.));
#182 = ( GEOMETRIC_REPRESENTATION_CONTEXT(2) 
PARAMETRIC_REPRESENTATION_CONTEXT() REPRESENTATION_CONTEXT('2D SPACE',''
  ) );
#183 = PCURVE('',#184,#189);
#184 = PLANE('',#185);
#185 = AXIS2_PLACEMENT_3D('',#186,#187,#188);
#186 = CARTESIAN_POINT('',(-2.734880265079E-15,1.687072141469E-15,6.));
#187 = DIRECTION('',(0.,0.,1.));
#188 = DIRECTION('',(1.,0.,-0.));
#189 = DEFINITIONAL_REPRESENTATION('',(#190),#198);
#190 = ( BOUNDED_CURVE() B_SPLINE_CURVE(2,(#191,#192,#193,#194,#195,#196
,#197),.UNSPECIFIED.,.T.,.F.) B_SPLINE_CURVE_WITH_KNOTS((1,2,2,2,2,1),(
    -2.094395102393,0.,2.094395102393,4.188790204786,6.28318530718,
8.377580409573),.UNSPECIFIED.) CURVE() GEOMETRIC_REPRESENTATION_ITEM() 
RATIONAL_B_SPLINE_CURVE((1.,0.5,1.,0.5,1.,0.5,1.)) REPRESENTATION_ITEM(
  '') );
#191 = CARTESIAN_POINT('',(46.491685503302,6.893705756854));
#192 = CARTESIAN_POINT('',(58.431934126603,-73.63225566437));
#193 = CARTESIAN_POINT('',(-17.27571844,-43.70983358904));
#194 = CARTESIAN_POINT('',(-92.9833710066,-13.7874115137));
#195 = CARTESIAN_POINT('',(-29.2159670633,36.816127832189));
#196 = CARTESIAN_POINT('',(34.551436880001,87.419667178086));
#197 = CARTESIAN_POINT('',(46.491685503302,6.893705756854));
#198 = ( GEOMETRIC_REPRESENTATION_CONTEXT(2) 
PARAMETRIC_REPRESENTATION_CONTEXT() REPRESENTATION_CONTEXT('2D SPACE',''
  ) );
#199 = ORIENTED_EDGE('',*,*,#200,.T.);
#200 = EDGE_CURVE('',#168,#24,#201,.T.);
#201 = SURFACE_CURVE('',#202,(#207,#217),.PCURVE_S1.);
#202 = HYPERBOLA('',#203,28.,28.);
#203 = AXIS2_PLACEMENT_3D('',#204,#205,#206);
#204 = CARTESIAN_POINT('',(-19.79898987322,19.798989873223,53.));
#205 = DIRECTION('',(0.707106781187,-0.707106781187,0.));
#206 = DIRECTION('',(0.,-0.,-1.));
#207 = PCURVE('',#45,#208);
#208 = DEFINITIONAL_REPRESENTATION('',(#209),#216);
#209 = B_SPLINE_CURVE_WITH_KNOTS('',5,(#210,#211,#212,#213,#214,#215),
  .UNSPECIFIED.,.F.,.F.,(6,6),(1.107491468207,1.133556211171),
  .PIECEWISE_BEZIER_KNOTS.);
#210 = CARTESIAN_POINT('',(-1.423590666282,-1.));
#211 = CARTESIAN_POINT('',(-1.420485079886,-0.803215506021));
#212 = CARTESIAN_POINT('',(-1.417395746981,-0.604834490602));
#213 = CARTESIAN_POINT('',(-1.414322616548,-0.404845812937));
#214 = CARTESIAN_POINT('',(-1.411265635489,-0.203238151459));
#215 = CARTESIAN_POINT('',(-1.408224748809,-3.552713678801E-15));
#216 = ( GEOMETRIC_REPRESENTATION_CONTEXT(2) 
PARAMETRIC_REPRESENTATION_CONTEXT() REPRESENTATION_CONTEXT('2D SPACE',''
  ) );
#217 = PCURVE('',#125,#218);
#218 = DEFINITIONAL_REPRESENTATION('',(#219),#223);
#219 = ( BOUNDED_CURVE() B_SPLINE_CURVE(2,(#220,#221,#222),
.UNSPECIFIED.,.F.,.F.) B_SPLINE_CURVE_WITH_KNOTS((3,3),(1.107491468207,
1.133556211171),.PIECEWISE_BEZIER_KNOTS.) CURVE() 
GEOMETRIC_REPRESENTATION_ITEM() RATIONAL_B_SPLINE_CURVE((1.,
1.000084922555,1.)) REPRESENTATION_ITEM('') );
#220 = CARTESIAN_POINT('',(21.250827823646,-6.));
#221 = CARTESIAN_POINT('',(20.638341039062,-5.50806661517));
#222 = CARTESIAN_POINT('',(20.012822620764,-5.));
#223 = ( GEOMETRIC_REPRESENTATION_CONTEXT(2) 
PARAMETRIC_REPRESENTATION_CONTEXT() REPRESENTATION_CONTEXT('2D SPACE',''
  ) );
#224 = ADVANCED_FACE('',(#225),#72,.F.);
#225 = FACE_BOUND('',#226,.F.);
#226 = EDGE_LOOP('',(#227,#250,#251,#252,#275,#303,#331));
#227 = ORIENTED_EDGE('',*,*,#228,.F.);
#228 = EDGE_CURVE('',#58,#229,#231,.T.);
#229 = VERTEX_POINT('',#230);
#230 = CARTESIAN_POINT('',(57.27564927611,17.677669529664,0.));
#231 = SURFACE_CURVE('',#232,(#236,#243),.PCURVE_S1.);
#232 = LINE('',#233,#234);
#233 = CARTESIAN_POINT('',(39.597979746447,-1.7763568394E-15,0.));
#234 = VECTOR('',#235,1.);
#235 = DIRECTION('',(0.707106781187,0.707106781187,0.));
#236 = PCURVE('',#72,#237);
#237 = DEFINITIONAL_REPRESENTATION('',(#238),#242);
#238 = LINE('',#239,#240);
#239 = CARTESIAN_POINT('',(0.,0.));
#240 = VECTOR('',#241,1.);
#241 = DIRECTION('',(1.,0.));
#242 = ( GEOMETRIC_REPRESENTATION_CONTEXT(2) 
PARAMETRIC_REPRESENTATION_CONTEXT() REPRESENTATION_CONTEXT('2D SPACE',''
  ) );
#243 = PCURVE('',#100,#244);
#244 = DEFINITIONAL_REPRESENTATION('',(#245),#249);
#245 = LINE('',#246,#247);
#246 = CARTESIAN_POINT('',(39.597979746447,-3.46342898087E-15));
#247 = VECTOR('',#248,1.);
#248 = DIRECTION('',(0.707106781187,0.707106781187));
#249 = ( GEOMETRIC_REPRESENTATION_CONTEXT(2) 
PARAMETRIC_REPRESENTATION_CONTEXT() REPRESENTATION_CONTEXT('2D SPACE',''
  ) );
#250 = ORIENTED_EDGE('',*,*,#57,.F.);
#251 = ORIENTED_EDGE('',*,*,#140,.T.);
#252 = ORIENTED_EDGE('',*,*,#253,.F.);
#253 = EDGE_CURVE('',#254,#141,#256,.T.);
#254 = VERTEX_POINT('',#255);
#255 = CARTESIAN_POINT('',(61.51828996323,21.920310216783,6.));
#256 = SURFACE_CURVE('',#257,(#261,#268),.PCURVE_S1.);
#257 = LINE('',#258,#259);
#258 = CARTESIAN_POINT('',(61.51828996323,21.920310216783,6.));
#259 = VECTOR('',#260,1.);
#260 = DIRECTION('',(-0.707106781187,-0.707106781187,0.));
#261 = PCURVE('',#72,#262);
#262 = DEFINITIONAL_REPRESENTATION('',(#263),#267);
#263 = LINE('',#264,#265);
#264 = CARTESIAN_POINT('',(31.,-6.));
#265 = VECTOR('',#266,1.);
#266 = DIRECTION('',(-1.,-0.));
#267 = ( GEOMETRIC_REPRESENTATION_CONTEXT(2) 
PARAMETRIC_REPRESENTATION_CONTEXT() REPRESENTATION_CONTEXT('2D SPACE',''
  ) );
#268 = PCURVE('',#184,#269);
#269 = DEFINITIONAL_REPRESENTATION('',(#270),#274);
#270 = LINE('',#271,#272);
#271 = CARTESIAN_POINT('',(61.51828996323,21.920310216783));
#272 = VECTOR('',#273,1.);
#273 = DIRECTION('',(-0.707106781187,-0.707106781187));
#274 = ( GEOMETRIC_REPRESENTATION_CONTEXT(2) 
PARAMETRIC_REPRESENTATION_CONTEXT() REPRESENTATION_CONTEXT('2D SPACE',''
  ) );
#275 = ORIENTED_EDGE('',*,*,#276,.F.);
#276 = EDGE_CURVE('',#277,#254,#279,.T.);
#277 = VERTEX_POINT('',#278);
#278 = CARTESIAN_POINT('',(61.51828996323,21.920310216783,-13.05));
#279 = SURFACE_CURVE('',#280,(#284,#291),.PCURVE_S1.);
#280 = LINE('',#281,#282);
#281 = CARTESIAN_POINT('',(61.51828996323,21.920310216783,-19.05));
#282 = VECTOR('',#283,1.);
#283 = DIRECTION('',(0.,0.,1.));
#284 = PCURVE('',#72,#285);
#285 = DEFINITIONAL_REPRESENTATION('',(#286),#290);
#286 = LINE('',#287,#288);
#287 = CARTESIAN_POINT('',(31.,19.05));
#288 = VECTOR('',#289,1.);
#289 = DIRECTION('',(0.,-1.));
#290 = ( GEOMETRIC_REPRESENTATION_CONTEXT(2) 
PARAMETRIC_REPRESENTATION_CONTEXT() REPRESENTATION_CONTEXT('2D SPACE',''
  ) );
#291 = PCURVE('',#292,#297);
#292 = PLANE('',#293);
#293 = AXIS2_PLACEMENT_3D('',#294,#295,#296);
#294 = CARTESIAN_POINT('',(61.51828996323,21.920310216783,-19.05));
#295 = DIRECTION('',(-0.707106781187,-0.707106781187,0.));
#296 = DIRECTION('',(-0.707106781187,0.707106781187,0.));
#297 = DEFINITIONAL_REPRESENTATION('',(#298),#302);
#298 = LINE('',#299,#300);
#299 = CARTESIAN_POINT('',(0.,0.));
#300 = VECTOR('',#301,1.);
#301 = DIRECTION('',(0.,-1.));
#302 = ( GEOMETRIC_REPRESENTATION_CONTEXT(2) 
PARAMETRIC_REPRESENTATION_CONTEXT() REPRESENTATION_CONTEXT('2D SPACE',''
  ) );
#303 = ORIENTED_EDGE('',*,*,#304,.F.);
#304 = EDGE_CURVE('',#305,#277,#307,.T.);
#305 = VERTEX_POINT('',#306);
#306 = CARTESIAN_POINT('',(57.27564927611,17.677669529664,-13.05));
#307 = SURFACE_CURVE('',#308,(#312,#319),.PCURVE_S1.);
#308 = LINE('',#309,#310);
#309 = CARTESIAN_POINT('',(57.27564927611,17.677669529664,-13.05));
#310 = VECTOR('',#311,1.);
#311 = DIRECTION('',(0.707106781187,0.707106781187,0.));
#312 = PCURVE('',#72,#313);
#313 = DEFINITIONAL_REPRESENTATION('',(#314),#318);
#314 = LINE('',#315,#316);
#315 = CARTESIAN_POINT('',(25.,13.05));
#316 = VECTOR('',#317,1.);
#317 = DIRECTION('',(1.,0.));
#318 = ( GEOMETRIC_REPRESENTATION_CONTEXT(2) 
PARAMETRIC_REPRESENTATION_CONTEXT() REPRESENTATION_CONTEXT('2D SPACE',''
  ) );
#319 = PCURVE('',#320,#325);
#320 = CYLINDRICAL_SURFACE('',#321,6.);
#321 = AXIS2_PLACEMENT_3D('',#322,#323,#324);
#322 = CARTESIAN_POINT('',(53.033008588991,21.920310216783,-13.05));
#323 = DIRECTION('',(0.707106781187,0.707106781187,0.));
#324 = DIRECTION('',(0.707106781187,-0.707106781187,0.));
#325 = DEFINITIONAL_REPRESENTATION('',(#326),#330);
#326 = LINE('',#327,#328);
#327 = CARTESIAN_POINT('',(0.,0.));
#328 = VECTOR('',#329,1.);
#329 = DIRECTION('',(0.,1.));
#330 = ( GEOMETRIC_REPRESENTATION_CONTEXT(2) 
PARAMETRIC_REPRESENTATION_CONTEXT() REPRESENTATION_CONTEXT('2D SPACE',''
  ) );
#331 = ORIENTED_EDGE('',*,*,#332,.T.);
#332 = EDGE_CURVE('',#305,#229,#333,.T.);
#333 = SURFACE_CURVE('',#334,(#338,#345),.PCURVE_S1.);
#334 = LINE('',#335,#336);
#335 = CARTESIAN_POINT('',(57.27564927611,17.677669529664,-19.05));
#336 = VECTOR('',#337,1.);
#337 = DIRECTION('',(0.,0.,1.));
#338 = PCURVE('',#72,#339);
#339 = DEFINITIONAL_REPRESENTATION('',(#340),#344);
#340 = LINE('',#341,#342);
#341 = CARTESIAN_POINT('',(25.,19.05));
#342 = VECTOR('',#343,1.);
#343 = DIRECTION('',(0.,-1.));
#344 = ( GEOMETRIC_REPRESENTATION_CONTEXT(2) 
PARAMETRIC_REPRESENTATION_CONTEXT() REPRESENTATION_CONTEXT('2D SPACE',''
  ) );
#345 = PCURVE('',#346,#351);
#346 = PLANE('',#347);
#347 = AXIS2_PLACEMENT_3D('',#348,#349,#350);
#348 = CARTESIAN_POINT('',(17.677669529664,57.27564927611,-19.05));
#349 = DIRECTION('',(0.707106781187,0.707106781187,0.));
#350 = DIRECTION('',(0.707106781187,-0.707106781187,0.));
#351 = DEFINITIONAL_REPRESENTATION('',(#352),#356);
#352 = LINE('',#353,#354);
#353 = CARTESIAN_POINT('',(56.,0.));
#354 = VECTOR('',#355,1.);
#355 = DIRECTION('',(0.,-1.));
#356 = ( GEOMETRIC_REPRESENTATION_CONTEXT(2) 
PARAMETRIC_REPRESENTATION_CONTEXT() REPRESENTATION_CONTEXT('2D SPACE',''
  ) );
#357 = ADVANCED_FACE('',(#358,#406,#441,#476,#511,#931,#966,#1001,#1036)
  ,#100,.F.);
#358 = FACE_BOUND('',#359,.F.);
#359 = EDGE_LOOP('',(#360,#361,#362,#385));
#360 = ORIENTED_EDGE('',*,*,#83,.T.);
#361 = ORIENTED_EDGE('',*,*,#228,.T.);
#362 = ORIENTED_EDGE('',*,*,#363,.T.);
#363 = EDGE_CURVE('',#229,#364,#366,.T.);
#364 = VERTEX_POINT('',#365);
#365 = CARTESIAN_POINT('',(17.677669529664,57.27564927611,0.));
#366 = SURFACE_CURVE('',#367,(#371,#378),.PCURVE_S1.);
#367 = LINE('',#368,#369);
#368 = CARTESIAN_POINT('',(27.577164466275,47.376154339499,0.));
#369 = VECTOR('',#370,1.);
#370 = DIRECTION('',(-0.707106781187,0.707106781187,0.));
#371 = PCURVE('',#100,#372);
#372 = DEFINITIONAL_REPRESENTATION('',(#373),#377);
#373 = LINE('',#374,#375);
#374 = CARTESIAN_POINT('',(27.577164466275,47.376154339499));
#375 = VECTOR('',#376,1.);
#376 = DIRECTION('',(-0.707106781187,0.707106781187));
#377 = ( GEOMETRIC_REPRESENTATION_CONTEXT(2) 
PARAMETRIC_REPRESENTATION_CONTEXT() REPRESENTATION_CONTEXT('2D SPACE',''
  ) );
#378 = PCURVE('',#346,#379);
#379 = DEFINITIONAL_REPRESENTATION('',(#380),#384);
#380 = LINE('',#381,#382);
#381 = CARTESIAN_POINT('',(14.,-19.05));
#382 = VECTOR('',#383,1.);
#383 = DIRECTION('',(-1.,0.));
#384 = ( GEOMETRIC_REPRESENTATION_CONTEXT(2) 
PARAMETRIC_REPRESENTATION_CONTEXT() REPRESENTATION_CONTEXT('2D SPACE',''
  ) );
#385 = ORIENTED_EDGE('',*,*,#386,.T.);
#386 = EDGE_CURVE('',#364,#84,#387,.T.);
#387 = SURFACE_CURVE('',#388,(#392,#399),.PCURVE_S1.);
#388 = LINE('',#389,#390);
#389 = CARTESIAN_POINT('',(21.920310216783,61.51828996323,0.));
#390 = VECTOR('',#391,1.);
#391 = DIRECTION('',(-0.707106781187,-0.707106781187,0.));
#392 = PCURVE('',#100,#393);
#393 = DEFINITIONAL_REPRESENTATION('',(#394),#398);
#394 = LINE('',#395,#396);
#395 = CARTESIAN_POINT('',(21.920310216783,61.51828996323));
#396 = VECTOR('',#397,1.);
#397 = DIRECTION('',(-0.707106781187,-0.707106781187));
#398 = ( GEOMETRIC_REPRESENTATION_CONTEXT(2) 
PARAMETRIC_REPRESENTATION_CONTEXT() REPRESENTATION_CONTEXT('2D SPACE',''
  ) );
#399 = PCURVE('',#125,#400);
#400 = DEFINITIONAL_REPRESENTATION('',(#401),#405);
#401 = LINE('',#402,#403);
#402 = CARTESIAN_POINT('',(0.,0.));
#403 = VECTOR('',#404,1.);
#404 = DIRECTION('',(1.,0.));
#405 = ( GEOMETRIC_REPRESENTATION_CONTEXT(2) 
PARAMETRIC_REPRESENTATION_CONTEXT() REPRESENTATION_CONTEXT('2D SPACE',''
  ) );
#406 = FACE_BOUND('',#407,.F.);
#407 = EDGE_LOOP('',(#408));
#408 = ORIENTED_EDGE('',*,*,#409,.T.);
#409 = EDGE_CURVE('',#410,#410,#412,.T.);
#410 = VERTEX_POINT('',#411);
#411 = CARTESIAN_POINT('',(-15.5,-34.64101615137,0.));
#412 = SURFACE_CURVE('',#413,(#418,#429),.PCURVE_S1.);
#413 = CIRCLE('',#414,4.5);
#414 = AXIS2_PLACEMENT_3D('',#415,#416,#417);
#415 = CARTESIAN_POINT('',(-20.,-34.64101615137,0.));
#416 = DIRECTION('',(0.,0.,-1.));
#417 = DIRECTION('',(1.,0.,0.));
#418 = PCURVE('',#100,#419);
#419 = DEFINITIONAL_REPRESENTATION('',(#420),#428);
#420 = ( BOUNDED_CURVE() B_SPLINE_CURVE(2,(#421,#422,#423,#424,#425,#426
,#427),.UNSPECIFIED.,.T.,.F.) B_SPLINE_CURVE_WITH_KNOTS((1,2,2,2,2,1),(
    -2.094395102393,0.,2.094395102393,4.188790204786,6.28318530718,
8.377580409573),.UNSPECIFIED.) CURVE() GEOMETRIC_REPRESENTATION_ITEM() 
RATIONAL_B_SPLINE_CURVE((1.,0.5,1.,0.5,1.,0.5,1.)) REPRESENTATION_ITEM(
  '') );
#421 = CARTESIAN_POINT('',(-15.5,-34.64101615137));
#422 = CARTESIAN_POINT('',(-15.5,-42.43524478543));
#423 = CARTESIAN_POINT('',(-22.25,-38.5381304684));
#424 = CARTESIAN_POINT('',(-29.,-34.64101615137));
#425 = CARTESIAN_POINT('',(-22.25,-30.74390183434));
#426 = CARTESIAN_POINT('',(-15.5,-26.84678751731));
#427 = CARTESIAN_POINT('',(-15.5,-34.64101615137));
#428 = ( GEOMETRIC_REPRESENTATION_CONTEXT(2) 
PARAMETRIC_REPRESENTATION_CONTEXT() REPRESENTATION_CONTEXT('2D SPACE',''
  ) );
#429 = PCURVE('',#430,#435);
#430 = CYLINDRICAL_SURFACE('',#431,4.5);
#431 = AXIS2_PLACEMENT_3D('',#432,#433,#434);
#432 = CARTESIAN_POINT('',(-20.,-34.64101615137,-20.));
#433 = DIRECTION('',(-0.,-0.,-1.));
#434 = DIRECTION('',(1.,0.,0.));
#435 = DEFINITIONAL_REPRESENTATION('',(#436),#440);
#436 = LINE('',#437,#438);
#437 = CARTESIAN_POINT('',(-6.28318530718,-20.));
#438 = VECTOR('',#439,1.);
#439 = DIRECTION('',(1.,-0.));
#440 = ( GEOMETRIC_REPRESENTATION_CONTEXT(2) 
PARAMETRIC_REPRESENTATION_CONTEXT() REPRESENTATION_CONTEXT('2D SPACE',''
  ) );
#441 = FACE_BOUND('',#442,.F.);
#442 = EDGE_LOOP('',(#443));
#443 = ORIENTED_EDGE('',*,*,#444,.T.);
#444 = EDGE_CURVE('',#445,#445,#447,.T.);
#445 = VERTEX_POINT('',#446);
#446 = CARTESIAN_POINT('',(-35.5,4.898587196589E-15,0.));
#447 = SURFACE_CURVE('',#448,(#453,#464),.PCURVE_S1.);
#448 = CIRCLE('',#449,4.5);
#449 = AXIS2_PLACEMENT_3D('',#450,#451,#452);
#450 = CARTESIAN_POINT('',(-40.,4.898587196589E-15,0.));
#451 = DIRECTION('',(0.,0.,-1.));
#452 = DIRECTION('',(1.,0.,0.));
#453 = PCURVE('',#100,#454);
#454 = DEFINITIONAL_REPRESENTATION('',(#455),#463);
#455 = ( BOUNDED_CURVE() B_SPLINE_CURVE(2,(#456,#457,#458,#459,#460,#461
,#462),.UNSPECIFIED.,.T.,.F.) B_SPLINE_CURVE_WITH_KNOTS((1,2,2,2,2,1),(
    -2.094395102393,0.,2.094395102393,4.188790204786,6.28318530718,
8.377580409573),.UNSPECIFIED.) CURVE() GEOMETRIC_REPRESENTATION_ITEM() 
RATIONAL_B_SPLINE_CURVE((1.,0.5,1.,0.5,1.,0.5,1.)) REPRESENTATION_ITEM(
  '') );
#456 = CARTESIAN_POINT('',(-35.5,3.21151505512E-15));
#457 = CARTESIAN_POINT('',(-35.5,-7.79422863406));
#458 = CARTESIAN_POINT('',(-42.25,-3.89711431703));
#459 = CARTESIAN_POINT('',(-49.,2.109332935887E-15));
#460 = CARTESIAN_POINT('',(-42.25,3.89711431703));
#461 = CARTESIAN_POINT('',(-35.5,7.79422863406));
#462 = CARTESIAN_POINT('',(-35.5,3.21151505512E-15));
#463 = ( GEOMETRIC_REPRESENTATION_CONTEXT(2) 
PARAMETRIC_REPRESENTATION_CONTEXT() REPRESENTATION_CONTEXT('2D SPACE',''
  ) );
#464 = PCURVE('',#465,#470);
#465 = CYLINDRICAL_SURFACE('',#466,4.5);
#466 = AXIS2_PLACEMENT_3D('',#467,#468,#469);
#467 = CARTESIAN_POINT('',(-40.,4.898587196589E-15,-20.));
#468 = DIRECTION('',(-0.,-0.,-1.));
#469 = DIRECTION('',(1.,0.,0.));
#470 = DEFINITIONAL_REPRESENTATION('',(#471),#475);
#471 = LINE('',#472,#473);
#472 = CARTESIAN_POINT('',(-6.28318530718,-20.));
#473 = VECTOR('',#474,1.);
#474 = DIRECTION('',(1.,-0.));
#475 = ( GEOMETRIC_REPRESENTATION_CONTEXT(2) 
PARAMETRIC_REPRESENTATION_CONTEXT() REPRESENTATION_CONTEXT('2D SPACE',''
  ) );
#476 = FACE_BOUND('',#477,.F.);
#477 = EDGE_LOOP('',(#478));
#478 = ORIENTED_EDGE('',*,*,#479,.T.);
#479 = EDGE_CURVE('',#480,#480,#482,.T.);
#480 = VERTEX_POINT('',#481);
#481 = CARTESIAN_POINT('',(24.5,-34.64101615137,0.));
#482 = SURFACE_CURVE('',#483,(#488,#499),.PCURVE_S1.);
#483 = CIRCLE('',#484,4.5);
#484 = AXIS2_PLACEMENT_3D('',#485,#486,#487);
#485 = CARTESIAN_POINT('',(20.,-34.64101615137,0.));
#486 = DIRECTION('',(0.,0.,-1.));
#487 = DIRECTION('',(1.,0.,0.));
#488 = PCURVE('',#100,#489);
#489 = DEFINITIONAL_REPRESENTATION('',(#490),#498);
#490 = ( BOUNDED_CURVE() B_SPLINE_CURVE(2,(#491,#492,#493,#494,#495,#496
,#497),.UNSPECIFIED.,.T.,.F.) B_SPLINE_CURVE_WITH_KNOTS((1,2,2,2,2,1),(
    -2.094395102393,0.,2.094395102393,4.188790204786,6.28318530718,
8.377580409573),.UNSPECIFIED.) CURVE() GEOMETRIC_REPRESENTATION_ITEM() 
RATIONAL_B_SPLINE_CURVE((1.,0.5,1.,0.5,1.,0.5,1.)) REPRESENTATION_ITEM(
  '') );
#491 = CARTESIAN_POINT('',(24.5,-34.64101615137));
#492 = CARTESIAN_POINT('',(24.5,-42.43524478543));
#493 = CARTESIAN_POINT('',(17.75,-38.5381304684));
#494 = CARTESIAN_POINT('',(11.,-34.64101615137));
#495 = CARTESIAN_POINT('',(17.75,-30.74390183434));
#496 = CARTESIAN_POINT('',(24.5,-26.84678751731));
#497 = CARTESIAN_POINT('',(24.5,-34.64101615137));
#498 = ( GEOMETRIC_REPRESENTATION_CONTEXT(2) 
PARAMETRIC_REPRESENTATION_CONTEXT() REPRESENTATION_CONTEXT('2D SPACE',''
  ) );
#499 = PCURVE('',#500,#505);
#500 = CYLINDRICAL_SURFACE('',#501,4.5);
#501 = AXIS2_PLACEMENT_3D('',#502,#503,#504);
#502 = CARTESIAN_POINT('',(20.,-34.64101615137,-20.));
#503 = DIRECTION('',(-0.,-0.,-1.));
#504 = DIRECTION('',(1.,0.,0.));
#505 = DEFINITIONAL_REPRESENTATION('',(#506),#510);
#506 = LINE('',#507,#508);
#507 = CARTESIAN_POINT('',(-6.28318530718,-20.));
#508 = VECTOR('',#509,1.);
#509 = DIRECTION('',(1.,-0.));
#510 = ( GEOMETRIC_REPRESENTATION_CONTEXT(2) 
PARAMETRIC_REPRESENTATION_CONTEXT() REPRESENTATION_CONTEXT('2D SPACE',''
  ) );
#511 = FACE_BOUND('',#512,.F.);
#512 = EDGE_LOOP('',(#513,#544,#577,#605,#634,#667,#695,#724,#757,#786,
    #819,#848,#874,#907));
#513 = ORIENTED_EDGE('',*,*,#514,.F.);
#514 = EDGE_CURVE('',#515,#517,#519,.T.);
#515 = VERTEX_POINT('',#516);
#516 = CARTESIAN_POINT('',(15.130472102606,19.775712729312,0.));
#517 = VERTEX_POINT('',#518);
#518 = CARTESIAN_POINT('',(3.1,24.706274506692,0.));
#519 = SURFACE_CURVE('',#520,(#525,#532),.PCURVE_S1.);
#520 = CIRCLE('',#521,24.9);
#521 = AXIS2_PLACEMENT_3D('',#522,#523,#524);
#522 = CARTESIAN_POINT('',(0.,0.,0.));
#523 = DIRECTION('',(0.,-0.,1.));
#524 = DIRECTION('',(0.607649482032,0.794205330494,0.));
#525 = PCURVE('',#100,#526);
#526 = DEFINITIONAL_REPRESENTATION('',(#527),#531);
#527 = CIRCLE('',#528,24.9);
#528 = AXIS2_PLACEMENT_2D('',#529,#530);
#529 = CARTESIAN_POINT('',(2.734880265079E-15,-1.687072141469E-15));
#530 = DIRECTION('',(0.607649482032,0.794205330494));
#531 = ( GEOMETRIC_REPRESENTATION_CONTEXT(2) 
PARAMETRIC_REPRESENTATION_CONTEXT() REPRESENTATION_CONTEXT('2D SPACE',''
  ) );
#532 = PCURVE('',#533,#538);
#533 = CYLINDRICAL_SURFACE('',#534,24.9);
#534 = AXIS2_PLACEMENT_3D('',#535,#536,#537);
#535 = CARTESIAN_POINT('',(0.,0.,-3.));
#536 = DIRECTION('',(-0.,-0.,-1.));
#537 = DIRECTION('',(1.,0.,0.));
#538 = DEFINITIONAL_REPRESENTATION('',(#539),#543);
#539 = LINE('',#540,#541);
#540 = CARTESIAN_POINT('',(-0.917698683377,-3.));
#541 = VECTOR('',#542,1.);
#542 = DIRECTION('',(-1.,0.));
#543 = ( GEOMETRIC_REPRESENTATION_CONTEXT(2) 
PARAMETRIC_REPRESENTATION_CONTEXT() REPRESENTATION_CONTEXT('2D SPACE',''
  ) );
#544 = ORIENTED_EDGE('',*,*,#545,.T.);
#545 = EDGE_CURVE('',#515,#546,#548,.T.);
#546 = VERTEX_POINT('',#547);
#547 = CARTESIAN_POINT('',(20.977669529664,17.677669529664,0.));
#548 = SURFACE_CURVE('',#549,(#554,#565),.PCURVE_S1.);
#549 = CIRCLE('',#550,3.3);
#550 = AXIS2_PLACEMENT_3D('',#551,#552,#553);
#551 = CARTESIAN_POINT('',(17.677669529664,17.677669529664,0.));
#552 = DIRECTION('',(0.,0.,-1.));
#553 = DIRECTION('',(1.,0.,0.));
#554 = PCURVE('',#100,#555);
#555 = DEFINITIONAL_REPRESENTATION('',(#556),#564);
#556 = ( BOUNDED_CURVE() B_SPLINE_CURVE(2,(#557,#558,#559,#560,#561,#562
,#563),.UNSPECIFIED.,.T.,.F.) B_SPLINE_CURVE_WITH_KNOTS((1,2,2,2,2,1),(
    -2.094395102393,0.,2.094395102393,4.188790204786,6.28318530718,
8.377580409573),.UNSPECIFIED.) CURVE() GEOMETRIC_REPRESENTATION_ITEM() 
RATIONAL_B_SPLINE_CURVE((1.,0.5,1.,0.5,1.,0.5,1.)) REPRESENTATION_ITEM(
  '') );
#557 = CARTESIAN_POINT('',(20.977669529664,17.677669529664));
#558 = CARTESIAN_POINT('',(20.977669529664,11.961901864686));
#559 = CARTESIAN_POINT('',(16.027669529664,14.819785697175));
#560 = CARTESIAN_POINT('',(11.077669529664,17.677669529664));
#561 = CARTESIAN_POINT('',(16.027669529664,20.535553362152));
#562 = CARTESIAN_POINT('',(20.977669529664,23.393437194641));
#563 = CARTESIAN_POINT('',(20.977669529664,17.677669529664));
#564 = ( GEOMETRIC_REPRESENTATION_CONTEXT(2) 
PARAMETRIC_REPRESENTATION_CONTEXT() REPRESENTATION_CONTEXT('2D SPACE',''
  ) );
#565 = PCURVE('',#566,#571);
#566 = CYLINDRICAL_SURFACE('',#567,3.3);
#567 = AXIS2_PLACEMENT_3D('',#568,#569,#570);
#568 = CARTESIAN_POINT('',(17.677669529664,17.677669529664,-20.));
#569 = DIRECTION('',(-0.,-0.,-1.));
#570 = DIRECTION('',(1.,0.,0.));
#571 = DEFINITIONAL_REPRESENTATION('',(#572),#576);
#572 = LINE('',#573,#574);
#573 = CARTESIAN_POINT('',(-6.28318530718,-20.));
#574 = VECTOR('',#575,1.);
#575 = DIRECTION('',(1.,-0.));
#576 = ( GEOMETRIC_REPRESENTATION_CONTEXT(2) 
PARAMETRIC_REPRESENTATION_CONTEXT() REPRESENTATION_CONTEXT('2D SPACE',''
  ) );
#577 = ORIENTED_EDGE('',*,*,#578,.T.);
#578 = EDGE_CURVE('',#546,#579,#581,.T.);
#579 = VERTEX_POINT('',#580);
#580 = CARTESIAN_POINT('',(19.775712729312,15.130472102606,0.));
#581 = SURFACE_CURVE('',#582,(#587,#598),.PCURVE_S1.);
#582 = CIRCLE('',#583,3.3);
#583 = AXIS2_PLACEMENT_3D('',#584,#585,#586);
#584 = CARTESIAN_POINT('',(17.677669529664,17.677669529664,0.));
#585 = DIRECTION('',(0.,0.,-1.));
#586 = DIRECTION('',(1.,0.,0.));
#587 = PCURVE('',#100,#588);
#588 = DEFINITIONAL_REPRESENTATION('',(#589),#597);
#589 = ( BOUNDED_CURVE() B_SPLINE_CURVE(2,(#590,#591,#592,#593,#594,#595
,#596),.UNSPECIFIED.,.T.,.F.) B_SPLINE_CURVE_WITH_KNOTS((1,2,2,2,2,1),(
    -2.094395102393,0.,2.094395102393,4.188790204786,6.28318530718,
8.377580409573),.UNSPECIFIED.) CURVE() GEOMETRIC_REPRESENTATION_ITEM() 
RATIONAL_B_SPLINE_CURVE((1.,0.5,1.,0.5,1.,0.5,1.)) REPRESENTATION_ITEM(
  '') );
#590 = CARTESIAN_POINT('',(20.977669529664,17.677669529664));
#591 = CARTESIAN_POINT('',(20.977669529664,11.961901864686));
#592 = CARTESIAN_POINT('',(16.027669529664,14.819785697175));
#593 = CARTESIAN_POINT('',(11.077669529664,17.677669529664));
#594 = CARTESIAN_POINT('',(16.027669529664,20.535553362152));
#595 = CARTESIAN_POINT('',(20.977669529664,23.393437194641));
#596 = CARTESIAN_POINT('',(20.977669529664,17.677669529664));
#597 = ( GEOMETRIC_REPRESENTATION_CONTEXT(2) 
PARAMETRIC_REPRESENTATION_CONTEXT() REPRESENTATION_CONTEXT('2D SPACE',''
  ) );
#598 = PCURVE('',#566,#599);
#599 = DEFINITIONAL_REPRESENTATION('',(#600),#604);
#600 = LINE('',#601,#602);
#601 = CARTESIAN_POINT('',(-6.28318530718,-20.));
#602 = VECTOR('',#603,1.);
#603 = DIRECTION('',(1.,-0.));
#604 = ( GEOMETRIC_REPRESENTATION_CONTEXT(2) 
PARAMETRIC_REPRESENTATION_CONTEXT() REPRESENTATION_CONTEXT('2D SPACE',''
  ) );
#605 = ORIENTED_EDGE('',*,*,#606,.F.);
#606 = EDGE_CURVE('',#607,#579,#609,.T.);
#607 = VERTEX_POINT('',#608);
#608 = CARTESIAN_POINT('',(19.775712729312,-15.1304721026,0.));
#609 = SURFACE_CURVE('',#610,(#615,#622),.PCURVE_S1.);
#610 = CIRCLE('',#611,24.9);
#611 = AXIS2_PLACEMENT_3D('',#612,#613,#614);
#612 = CARTESIAN_POINT('',(0.,0.,0.));
#613 = DIRECTION('',(0.,-0.,1.));
#614 = DIRECTION('',(0.607649482032,0.794205330494,0.));
#615 = PCURVE('',#100,#616);
#616 = DEFINITIONAL_REPRESENTATION('',(#617),#621);
#617 = CIRCLE('',#618,24.9);
#618 = AXIS2_PLACEMENT_2D('',#619,#620);
#619 = CARTESIAN_POINT('',(2.734880265079E-15,-1.687072141469E-15));
#620 = DIRECTION('',(0.607649482032,0.794205330494));
#621 = ( GEOMETRIC_REPRESENTATION_CONTEXT(2) 
PARAMETRIC_REPRESENTATION_CONTEXT() REPRESENTATION_CONTEXT('2D SPACE',''
  ) );
#622 = PCURVE('',#623,#628);
#623 = CYLINDRICAL_SURFACE('',#624,24.9);
#624 = AXIS2_PLACEMENT_3D('',#625,#626,#627);
#625 = CARTESIAN_POINT('',(0.,0.,-3.));
#626 = DIRECTION('',(-0.,-0.,-1.));
#627 = DIRECTION('',(1.,0.,0.));
#628 = DEFINITIONAL_REPRESENTATION('',(#629),#633);
#629 = LINE('',#630,#631);
#630 = CARTESIAN_POINT('',(-0.917698683377,-3.));
#631 = VECTOR('',#632,1.);
#632 = DIRECTION('',(-1.,0.));
#633 = ( GEOMETRIC_REPRESENTATION_CONTEXT(2) 
PARAMETRIC_REPRESENTATION_CONTEXT() REPRESENTATION_CONTEXT('2D SPACE',''
  ) );
#634 = ORIENTED_EDGE('',*,*,#635,.T.);
#635 = EDGE_CURVE('',#607,#636,#638,.T.);
#636 = VERTEX_POINT('',#637);
#637 = CARTESIAN_POINT('',(20.977669529664,-17.67766952966,0.));
#638 = SURFACE_CURVE('',#639,(#644,#655),.PCURVE_S1.);
#639 = CIRCLE('',#640,3.3);
#640 = AXIS2_PLACEMENT_3D('',#641,#642,#643);
#641 = CARTESIAN_POINT('',(17.677669529664,-17.67766952966,0.));
#642 = DIRECTION('',(0.,0.,-1.));
#643 = DIRECTION('',(1.,0.,0.));
#644 = PCURVE('',#100,#645);
#645 = DEFINITIONAL_REPRESENTATION('',(#646),#654);
#646 = ( BOUNDED_CURVE() B_SPLINE_CURVE(2,(#647,#648,#649,#650,#651,#652
,#653),.UNSPECIFIED.,.T.,.F.) B_SPLINE_CURVE_WITH_KNOTS((1,2,2,2,2,1),(
    -2.094395102393,0.,2.094395102393,4.188790204786,6.28318530718,
8.377580409573),.UNSPECIFIED.) CURVE() GEOMETRIC_REPRESENTATION_ITEM() 
RATIONAL_B_SPLINE_CURVE((1.,0.5,1.,0.5,1.,0.5,1.)) REPRESENTATION_ITEM(
  '') );
#647 = CARTESIAN_POINT('',(20.977669529664,-17.67766952966));
#648 = CARTESIAN_POINT('',(20.977669529664,-23.39343719464));
#649 = CARTESIAN_POINT('',(16.027669529664,-20.53555336215));
#650 = CARTESIAN_POINT('',(11.077669529664,-17.67766952966));
#651 = CARTESIAN_POINT('',(16.027669529664,-14.81978569717));
#652 = CARTESIAN_POINT('',(20.977669529664,-11.96190186468));
#653 = CARTESIAN_POINT('',(20.977669529664,-17.67766952966));
#654 = ( GEOMETRIC_REPRESENTATION_CONTEXT(2) 
PARAMETRIC_REPRESENTATION_CONTEXT() REPRESENTATION_CONTEXT('2D SPACE',''
  ) );
#655 = PCURVE('',#656,#661);
#656 = CYLINDRICAL_SURFACE('',#657,3.3);
#657 = AXIS2_PLACEMENT_3D('',#658,#659,#660);
#658 = CARTESIAN_POINT('',(17.677669529664,-17.67766952966,-20.));
#659 = DIRECTION('',(-0.,-0.,-1.));
#660 = DIRECTION('',(1.,0.,0.));
#661 = DEFINITIONAL_REPRESENTATION('',(#662),#666);
#662 = LINE('',#663,#664);
#663 = CARTESIAN_POINT('',(-6.28318530718,-20.));
#664 = VECTOR('',#665,1.);
#665 = DIRECTION('',(1.,-0.));
#666 = ( GEOMETRIC_REPRESENTATION_CONTEXT(2) 
PARAMETRIC_REPRESENTATION_CONTEXT() REPRESENTATION_CONTEXT('2D SPACE',''
  ) );
#667 = ORIENTED_EDGE('',*,*,#668,.T.);
#668 = EDGE_CURVE('',#636,#669,#671,.T.);
#669 = VERTEX_POINT('',#670);
#670 = CARTESIAN_POINT('',(15.130472102606,-19.77571272931,0.));
#671 = SURFACE_CURVE('',#672,(#677,#688),.PCURVE_S1.);
#672 = CIRCLE('',#673,3.3);
#673 = AXIS2_PLACEMENT_3D('',#674,#675,#676);
#674 = CARTESIAN_POINT('',(17.677669529664,-17.67766952966,0.));
#675 = DIRECTION('',(0.,0.,-1.));
#676 = DIRECTION('',(1.,0.,0.));
#677 = PCURVE('',#100,#678);
#678 = DEFINITIONAL_REPRESENTATION('',(#679),#687);
#679 = ( BOUNDED_CURVE() B_SPLINE_CURVE(2,(#680,#681,#682,#683,#684,#685
,#686),.UNSPECIFIED.,.T.,.F.) B_SPLINE_CURVE_WITH_KNOTS((1,2,2,2,2,1),(
    -2.094395102393,0.,2.094395102393,4.188790204786,6.28318530718,
8.377580409573),.UNSPECIFIED.) CURVE() GEOMETRIC_REPRESENTATION_ITEM() 
RATIONAL_B_SPLINE_CURVE((1.,0.5,1.,0.5,1.,0.5,1.)) REPRESENTATION_ITEM(
  '') );
#680 = CARTESIAN_POINT('',(20.977669529664,-17.67766952966));
#681 = CARTESIAN_POINT('',(20.977669529664,-23.39343719464));
#682 = CARTESIAN_POINT('',(16.027669529664,-20.53555336215));
#683 = CARTESIAN_POINT('',(11.077669529664,-17.67766952966));
#684 = CARTESIAN_POINT('',(16.027669529664,-14.81978569717));
#685 = CARTESIAN_POINT('',(20.977669529664,-11.96190186468));
#686 = CARTESIAN_POINT('',(20.977669529664,-17.67766952966));
#687 = ( GEOMETRIC_REPRESENTATION_CONTEXT(2) 
PARAMETRIC_REPRESENTATION_CONTEXT() REPRESENTATION_CONTEXT('2D SPACE',''
  ) );
#688 = PCURVE('',#656,#689);
#689 = DEFINITIONAL_REPRESENTATION('',(#690),#694);
#690 = LINE('',#691,#692);
#691 = CARTESIAN_POINT('',(-6.28318530718,-20.));
#692 = VECTOR('',#693,1.);
#693 = DIRECTION('',(1.,-0.));
#694 = ( GEOMETRIC_REPRESENTATION_CONTEXT(2) 
PARAMETRIC_REPRESENTATION_CONTEXT() REPRESENTATION_CONTEXT('2D SPACE',''
  ) );
#695 = ORIENTED_EDGE('',*,*,#696,.F.);
#696 = EDGE_CURVE('',#697,#669,#699,.T.);
#697 = VERTEX_POINT('',#698);
#698 = CARTESIAN_POINT('',(-15.1304721026,-19.77571272931,0.));
#699 = SURFACE_CURVE('',#700,(#705,#712),.PCURVE_S1.);
#700 = CIRCLE('',#701,24.9);
#701 = AXIS2_PLACEMENT_3D('',#702,#703,#704);
#702 = CARTESIAN_POINT('',(0.,0.,0.));
#703 = DIRECTION('',(0.,-0.,1.));
#704 = DIRECTION('',(0.607649482032,0.794205330494,0.));
#705 = PCURVE('',#100,#706);
#706 = DEFINITIONAL_REPRESENTATION('',(#707),#711);
#707 = CIRCLE('',#708,24.9);
#708 = AXIS2_PLACEMENT_2D('',#709,#710);
#709 = CARTESIAN_POINT('',(2.734880265079E-15,-1.687072141469E-15));
#710 = DIRECTION('',(0.607649482032,0.794205330494));
#711 = ( GEOMETRIC_REPRESENTATION_CONTEXT(2) 
PARAMETRIC_REPRESENTATION_CONTEXT() REPRESENTATION_CONTEXT('2D SPACE',''
  ) );
#712 = PCURVE('',#713,#718);
#713 = CYLINDRICAL_SURFACE('',#714,24.9);
#714 = AXIS2_PLACEMENT_3D('',#715,#716,#717);
#715 = CARTESIAN_POINT('',(0.,0.,-3.));
#716 = DIRECTION('',(-0.,-0.,-1.));
#717 = DIRECTION('',(1.,0.,0.));
#718 = DEFINITIONAL_REPRESENTATION('',(#719),#723);
#719 = LINE('',#720,#721);
#720 = CARTESIAN_POINT('',(-0.917698683377,-3.));
#721 = VECTOR('',#722,1.);
#722 = DIRECTION('',(-1.,0.));
#723 = ( GEOMETRIC_REPRESENTATION_CONTEXT(2) 
PARAMETRIC_REPRESENTATION_CONTEXT() REPRESENTATION_CONTEXT('2D SPACE',''
  ) );
#724 = ORIENTED_EDGE('',*,*,#725,.T.);
#725 = EDGE_CURVE('',#697,#726,#728,.T.);
#726 = VERTEX_POINT('',#727);
#727 = CARTESIAN_POINT('',(-19.77571272931,-15.1304721026,0.));
#728 = SURFACE_CURVE('',#729,(#734,#745),.PCURVE_S1.);
#729 = CIRCLE('',#730,3.3);
#730 = AXIS2_PLACEMENT_3D('',#731,#732,#733);
#731 = CARTESIAN_POINT('',(-17.67766952966,-17.67766952966,0.));
#732 = DIRECTION('',(0.,0.,-1.));
#733 = DIRECTION('',(1.,0.,0.));
#734 = PCURVE('',#100,#735);
#735 = DEFINITIONAL_REPRESENTATION('',(#736),#744);
#736 = ( BOUNDED_CURVE() B_SPLINE_CURVE(2,(#737,#738,#739,#740,#741,#742
,#743),.UNSPECIFIED.,.T.,.F.) B_SPLINE_CURVE_WITH_KNOTS((1,2,2,2,2,1),(
    -2.094395102393,0.,2.094395102393,4.188790204786,6.28318530718,
8.377580409573),.UNSPECIFIED.) CURVE() GEOMETRIC_REPRESENTATION_ITEM() 
RATIONAL_B_SPLINE_CURVE((1.,0.5,1.,0.5,1.,0.5,1.)) REPRESENTATION_ITEM(
  '') );
#737 = CARTESIAN_POINT('',(-14.37766952966,-17.67766952966));
#738 = CARTESIAN_POINT('',(-14.37766952966,-23.39343719464));
#739 = CARTESIAN_POINT('',(-19.32766952966,-20.53555336215));
#740 = CARTESIAN_POINT('',(-24.27766952966,-17.67766952966));
#741 = CARTESIAN_POINT('',(-19.32766952966,-14.81978569717));
#742 = CARTESIAN_POINT('',(-14.37766952966,-11.96190186468));
#743 = CARTESIAN_POINT('',(-14.37766952966,-17.67766952966));
#744 = ( GEOMETRIC_REPRESENTATION_CONTEXT(2) 
PARAMETRIC_REPRESENTATION_CONTEXT() REPRESENTATION_CONTEXT('2D SPACE',''
  ) );
#745 = PCURVE('',#746,#751);
#746 = CYLINDRICAL_SURFACE('',#747,3.3);
#747 = AXIS2_PLACEMENT_3D('',#748,#749,#750);
#748 = CARTESIAN_POINT('',(-17.67766952966,-17.67766952966,-20.));
#749 = DIRECTION('',(-0.,-0.,-1.));
#750 = DIRECTION('',(1.,0.,0.));
#751 = DEFINITIONAL_REPRESENTATION('',(#752),#756);
#752 = LINE('',#753,#754);
#753 = CARTESIAN_POINT('',(-6.28318530718,-20.));
#754 = VECTOR('',#755,1.);
#755 = DIRECTION('',(1.,-0.));
#756 = ( GEOMETRIC_REPRESENTATION_CONTEXT(2) 
PARAMETRIC_REPRESENTATION_CONTEXT() REPRESENTATION_CONTEXT('2D SPACE',''
  ) );
#757 = ORIENTED_EDGE('',*,*,#758,.F.);
#758 = EDGE_CURVE('',#759,#726,#761,.T.);
#759 = VERTEX_POINT('',#760);
#760 = CARTESIAN_POINT('',(-19.77571272931,15.130472102606,0.));
#761 = SURFACE_CURVE('',#762,(#767,#774),.PCURVE_S1.);
#762 = CIRCLE('',#763,24.9);
#763 = AXIS2_PLACEMENT_3D('',#764,#765,#766);
#764 = CARTESIAN_POINT('',(0.,0.,0.));
#765 = DIRECTION('',(0.,-0.,1.));
#766 = DIRECTION('',(0.607649482032,0.794205330494,0.));
#767 = PCURVE('',#100,#768);
#768 = DEFINITIONAL_REPRESENTATION('',(#769),#773);
#769 = CIRCLE('',#770,24.9);
#770 = AXIS2_PLACEMENT_2D('',#771,#772);
#771 = CARTESIAN_POINT('',(2.734880265079E-15,-1.687072141469E-15));
#772 = DIRECTION('',(0.607649482032,0.794205330494));
#773 = ( GEOMETRIC_REPRESENTATION_CONTEXT(2) 
PARAMETRIC_REPRESENTATION_CONTEXT() REPRESENTATION_CONTEXT('2D SPACE',''
  ) );
#774 = PCURVE('',#775,#780);
#775 = CYLINDRICAL_SURFACE('',#776,24.9);
#776 = AXIS2_PLACEMENT_3D('',#777,#778,#779);
#777 = CARTESIAN_POINT('',(0.,0.,-3.));
#778 = DIRECTION('',(-0.,-0.,-1.));
#779 = DIRECTION('',(1.,0.,0.));
#780 = DEFINITIONAL_REPRESENTATION('',(#781),#785);
#781 = LINE('',#782,#783);
#782 = CARTESIAN_POINT('',(-0.917698683377,-3.));
#783 = VECTOR('',#784,1.);
#784 = DIRECTION('',(-1.,0.));
#785 = ( GEOMETRIC_REPRESENTATION_CONTEXT(2) 
PARAMETRIC_REPRESENTATION_CONTEXT() REPRESENTATION_CONTEXT('2D SPACE',''
  ) );
#786 = ORIENTED_EDGE('',*,*,#787,.T.);
#787 = EDGE_CURVE('',#759,#788,#790,.T.);
#788 = VERTEX_POINT('',#789);
#789 = CARTESIAN_POINT('',(-15.1304721026,19.775712729312,0.));
#790 = SURFACE_CURVE('',#791,(#796,#807),.PCURVE_S1.);
#791 = CIRCLE('',#792,3.3);
#792 = AXIS2_PLACEMENT_3D('',#793,#794,#795);
#793 = CARTESIAN_POINT('',(-17.67766952966,17.677669529664,0.));
#794 = DIRECTION('',(0.,0.,-1.));
#795 = DIRECTION('',(1.,0.,0.));
#796 = PCURVE('',#100,#797);
#797 = DEFINITIONAL_REPRESENTATION('',(#798),#806);
#798 = ( BOUNDED_CURVE() B_SPLINE_CURVE(2,(#799,#800,#801,#802,#803,#804
,#805),.UNSPECIFIED.,.T.,.F.) B_SPLINE_CURVE_WITH_KNOTS((1,2,2,2,2,1),(
    -2.094395102393,0.,2.094395102393,4.188790204786,6.28318530718,
8.377580409573),.UNSPECIFIED.) CURVE() GEOMETRIC_REPRESENTATION_ITEM() 
RATIONAL_B_SPLINE_CURVE((1.,0.5,1.,0.5,1.,0.5,1.)) REPRESENTATION_ITEM(
  '') );
#799 = CARTESIAN_POINT('',(-14.37766952966,17.677669529664));
#800 = CARTESIAN_POINT('',(-14.37766952966,11.961901864686));
#801 = CARTESIAN_POINT('',(-19.32766952966,14.819785697175));
#802 = CARTESIAN_POINT('',(-24.27766952966,17.677669529664));
#803 = CARTESIAN_POINT('',(-19.32766952966,20.535553362152));
#804 = CARTESIAN_POINT('',(-14.37766952966,23.393437194641));
#805 = CARTESIAN_POINT('',(-14.37766952966,17.677669529664));
#806 = ( GEOMETRIC_REPRESENTATION_CONTEXT(2) 
PARAMETRIC_REPRESENTATION_CONTEXT() REPRESENTATION_CONTEXT('2D SPACE',''
  ) );
#807 = PCURVE('',#808,#813);
#808 = CYLINDRICAL_SURFACE('',#809,3.3);
#809 = AXIS2_PLACEMENT_3D('',#810,#811,#812);
#810 = CARTESIAN_POINT('',(-17.67766952966,17.677669529664,-20.));
#811 = DIRECTION('',(-0.,-0.,-1.));
#812 = DIRECTION('',(1.,0.,0.));
#813 = DEFINITIONAL_REPRESENTATION('',(#814),#818);
#814 = LINE('',#815,#816);
#815 = CARTESIAN_POINT('',(-6.28318530718,-20.));
#816 = VECTOR('',#817,1.);
#817 = DIRECTION('',(1.,-0.));
#818 = ( GEOMETRIC_REPRESENTATION_CONTEXT(2) 
PARAMETRIC_REPRESENTATION_CONTEXT() REPRESENTATION_CONTEXT('2D SPACE',''
  ) );
#819 = ORIENTED_EDGE('',*,*,#820,.F.);
#820 = EDGE_CURVE('',#821,#788,#823,.T.);
#821 = VERTEX_POINT('',#822);
#822 = CARTESIAN_POINT('',(-3.1,24.706274506692,0.));
#823 = SURFACE_CURVE('',#824,(#829,#836),.PCURVE_S1.);
#824 = CIRCLE('',#825,24.9);
#825 = AXIS2_PLACEMENT_3D('',#826,#827,#828);
#826 = CARTESIAN_POINT('',(0.,0.,0.));
#827 = DIRECTION('',(0.,-0.,1.));
#828 = DIRECTION('',(0.607649482032,0.794205330494,0.));
#829 = PCURVE('',#100,#830);
#830 = DEFINITIONAL_REPRESENTATION('',(#831),#835);
#831 = CIRCLE('',#832,24.9);
#832 = AXIS2_PLACEMENT_2D('',#833,#834);
#833 = CARTESIAN_POINT('',(2.734880265079E-15,-1.687072141469E-15));
#834 = DIRECTION('',(0.607649482032,0.794205330494));
#835 = ( GEOMETRIC_REPRESENTATION_CONTEXT(2) 
PARAMETRIC_REPRESENTATION_CONTEXT() REPRESENTATION_CONTEXT('2D SPACE',''
  ) );
#836 = PCURVE('',#837,#842);
#837 = CYLINDRICAL_SURFACE('',#838,24.9);
#838 = AXIS2_PLACEMENT_3D('',#839,#840,#841);
#839 = CARTESIAN_POINT('',(0.,0.,-3.));
#840 = DIRECTION('',(-0.,-0.,-1.));
#841 = DIRECTION('',(1.,0.,0.));
#842 = DEFINITIONAL_REPRESENTATION('',(#843),#847);
#843 = LINE('',#844,#845);
#844 = CARTESIAN_POINT('',(-0.917698683377,-3.));
#845 = VECTOR('',#846,1.);
#846 = DIRECTION('',(-1.,0.));
#847 = ( GEOMETRIC_REPRESENTATION_CONTEXT(2) 
PARAMETRIC_REPRESENTATION_CONTEXT() REPRESENTATION_CONTEXT('2D SPACE',''
  ) );
#848 = ORIENTED_EDGE('',*,*,#849,.F.);
#849 = EDGE_CURVE('',#850,#821,#852,.T.);
#850 = VERTEX_POINT('',#851);
#851 = CARTESIAN_POINT('',(-3.1,26.4,0.));
#852 = SURFACE_CURVE('',#853,(#857,#863),.PCURVE_S1.);
#853 = LINE('',#854,#855);
#854 = CARTESIAN_POINT('',(-3.1,11.8,0.));
#855 = VECTOR('',#856,1.);
#856 = DIRECTION('',(-1.110223024625E-16,-1.,0.));
#857 = PCURVE('',#100,#858);
#858 = DEFINITIONAL_REPRESENTATION('',(#859),#862);
#859 = B_SPLINE_CURVE_WITH_KNOTS('',1,(#860,#861),.UNSPECIFIED.,.F.,.F.,
  (2,2),(-14.6,-11.8),.PIECEWISE_BEZIER_KNOTS.);
#860 = CARTESIAN_POINT('',(-3.1,26.4));
#861 = CARTESIAN_POINT('',(-3.1,23.6));
#862 = ( GEOMETRIC_REPRESENTATION_CONTEXT(2) 
PARAMETRIC_REPRESENTATION_CONTEXT() REPRESENTATION_CONTEXT('2D SPACE',''
  ) );
#863 = PCURVE('',#864,#869);
#864 = PLANE('',#865);
#865 = AXIS2_PLACEMENT_3D('',#866,#867,#868);
#866 = CARTESIAN_POINT('',(-3.1,23.6,-20.));
#867 = DIRECTION('',(-1.,1.110223024625E-16,0.));
#868 = DIRECTION('',(1.110223024625E-16,1.,0.));
#869 = DEFINITIONAL_REPRESENTATION('',(#870),#873);
#870 = B_SPLINE_CURVE_WITH_KNOTS('',1,(#871,#872),.UNSPECIFIED.,.F.,.F.,
  (2,2),(-14.6,-11.8),.PIECEWISE_BEZIER_KNOTS.);
#871 = CARTESIAN_POINT('',(2.8,-20.));
#872 = CARTESIAN_POINT('',(0.,-20.));
#873 = ( GEOMETRIC_REPRESENTATION_CONTEXT(2) 
PARAMETRIC_REPRESENTATION_CONTEXT() REPRESENTATION_CONTEXT('2D SPACE',''
  ) );
#874 = ORIENTED_EDGE('',*,*,#875,.T.);
#875 = EDGE_CURVE('',#850,#876,#878,.T.);
#876 = VERTEX_POINT('',#877);
#877 = CARTESIAN_POINT('',(3.1,26.4,0.));
#878 = SURFACE_CURVE('',#879,(#884,#895),.PCURVE_S1.);
#879 = CIRCLE('',#880,3.1);
#880 = AXIS2_PLACEMENT_3D('',#881,#882,#883);
#881 = CARTESIAN_POINT('',(1.964931133798E-15,26.4,0.));
#882 = DIRECTION('',(-0.,0.,-1.));
#883 = DIRECTION('',(-1.,-3.223228136009E-17,0.));
#884 = PCURVE('',#100,#885);
#885 = DEFINITIONAL_REPRESENTATION('',(#886),#894);
#886 = ( BOUNDED_CURVE() B_SPLINE_CURVE(2,(#887,#888,#889,#890,#891,#892
,#893),.UNSPECIFIED.,.T.,.F.) B_SPLINE_CURVE_WITH_KNOTS((1,2,2,2,2,1),(
    -2.094395102393,0.,2.094395102393,4.188790204786,6.28318530718,
8.377580409573),.UNSPECIFIED.) CURVE() GEOMETRIC_REPRESENTATION_ITEM() 
RATIONAL_B_SPLINE_CURVE((1.,0.5,1.,0.5,1.,0.5,1.)) REPRESENTATION_ITEM(
  '') );
#887 = CARTESIAN_POINT('',(-3.1,26.4));
#888 = CARTESIAN_POINT('',(-3.1,31.769357503464));
#889 = CARTESIAN_POINT('',(1.55,29.084678751732));
#890 = CARTESIAN_POINT('',(6.2,26.4));
#891 = CARTESIAN_POINT('',(1.55,23.715321248268));
#892 = CARTESIAN_POINT('',(-3.1,21.030642496536));
#893 = CARTESIAN_POINT('',(-3.1,26.4));
#894 = ( GEOMETRIC_REPRESENTATION_CONTEXT(2) 
PARAMETRIC_REPRESENTATION_CONTEXT() REPRESENTATION_CONTEXT('2D SPACE',''
  ) );
#895 = PCURVE('',#896,#901);
#896 = CYLINDRICAL_SURFACE('',#897,3.1);
#897 = AXIS2_PLACEMENT_3D('',#898,#899,#900);
#898 = CARTESIAN_POINT('',(1.964931133798E-15,26.4,-20.));
#899 = DIRECTION('',(-0.,0.,-1.));
#900 = DIRECTION('',(-1.,-3.223228136009E-17,0.));
#901 = DEFINITIONAL_REPRESENTATION('',(#902),#906);
#902 = LINE('',#903,#904);
#903 = CARTESIAN_POINT('',(0.,-20.));
#904 = VECTOR('',#905,1.);
#905 = DIRECTION('',(1.,0.));
#906 = ( GEOMETRIC_REPRESENTATION_CONTEXT(2) 
PARAMETRIC_REPRESENTATION_CONTEXT() REPRESENTATION_CONTEXT('2D SPACE',''
  ) );
#907 = ORIENTED_EDGE('',*,*,#908,.F.);
#908 = EDGE_CURVE('',#517,#876,#909,.T.);
#909 = SURFACE_CURVE('',#910,(#914,#920),.PCURVE_S1.);
#910 = LINE('',#911,#912);
#911 = CARTESIAN_POINT('',(3.1,13.2,0.));
#912 = VECTOR('',#913,1.);
#913 = DIRECTION('',(1.110223024625E-16,1.,-0.));
#914 = PCURVE('',#100,#915);
#915 = DEFINITIONAL_REPRESENTATION('',(#916),#919);
#916 = B_SPLINE_CURVE_WITH_KNOTS('',1,(#917,#918),.UNSPECIFIED.,.F.,.F.,
  (2,2),(10.4,13.2),.PIECEWISE_BEZIER_KNOTS.);
#917 = CARTESIAN_POINT('',(3.1,23.6));
#918 = CARTESIAN_POINT('',(3.1,26.4));
#919 = ( GEOMETRIC_REPRESENTATION_CONTEXT(2) 
PARAMETRIC_REPRESENTATION_CONTEXT() REPRESENTATION_CONTEXT('2D SPACE',''
  ) );
#920 = PCURVE('',#921,#926);
#921 = PLANE('',#922);
#922 = AXIS2_PLACEMENT_3D('',#923,#924,#925);
#923 = CARTESIAN_POINT('',(3.1,26.4,-20.));
#924 = DIRECTION('',(1.,-1.110223024625E-16,0.));
#925 = DIRECTION('',(-1.110223024625E-16,-1.,0.));
#926 = DEFINITIONAL_REPRESENTATION('',(#927),#930);
#927 = B_SPLINE_CURVE_WITH_KNOTS('',1,(#928,#929),.UNSPECIFIED.,.F.,.F.,
  (2,2),(10.4,13.2),.PIECEWISE_BEZIER_KNOTS.);
#928 = CARTESIAN_POINT('',(2.8,-20.));
#929 = CARTESIAN_POINT('',(0.,-20.));
#930 = ( GEOMETRIC_REPRESENTATION_CONTEXT(2) 
PARAMETRIC_REPRESENTATION_CONTEXT() REPRESENTATION_CONTEXT('2D SPACE',''
  ) );
#931 = FACE_BOUND('',#932,.F.);
#932 = EDGE_LOOP('',(#933));
#933 = ORIENTED_EDGE('',*,*,#934,.T.);
#934 = EDGE_CURVE('',#935,#935,#937,.T.);
#935 = VERTEX_POINT('',#936);
#936 = CARTESIAN_POINT('',(44.5,0.,0.));
#937 = SURFACE_CURVE('',#938,(#943,#954),.PCURVE_S1.);
#938 = CIRCLE('',#939,4.5);
#939 = AXIS2_PLACEMENT_3D('',#940,#941,#942);
#940 = CARTESIAN_POINT('',(40.,0.,0.));
#941 = DIRECTION('',(0.,0.,-1.));
#942 = DIRECTION('',(1.,0.,0.));
#943 = PCURVE('',#100,#944);
#944 = DEFINITIONAL_REPRESENTATION('',(#945),#953);
#945 = ( BOUNDED_CURVE() B_SPLINE_CURVE(2,(#946,#947,#948,#949,#950,#951
,#952),.UNSPECIFIED.,.T.,.F.) B_SPLINE_CURVE_WITH_KNOTS((1,2,2,2,2,1),(
    -2.094395102393,0.,2.094395102393,4.188790204786,6.28318530718,
8.377580409573),.UNSPECIFIED.) CURVE() GEOMETRIC_REPRESENTATION_ITEM() 
RATIONAL_B_SPLINE_CURVE((1.,0.5,1.,0.5,1.,0.5,1.)) REPRESENTATION_ITEM(
  '') );
#946 = CARTESIAN_POINT('',(44.5,-1.687072141469E-15));
#947 = CARTESIAN_POINT('',(44.5,-7.79422863406));
#948 = CARTESIAN_POINT('',(37.75,-3.89711431703));
#949 = CARTESIAN_POINT('',(31.,-2.789254260702E-15));
#950 = CARTESIAN_POINT('',(37.75,3.89711431703));
#951 = CARTESIAN_POINT('',(44.5,7.79422863406));
#952 = CARTESIAN_POINT('',(44.5,-1.687072141469E-15));
#953 = ( GEOMETRIC_REPRESENTATION_CONTEXT(2) 
PARAMETRIC_REPRESENTATION_CONTEXT() REPRESENTATION_CONTEXT('2D SPACE',''
  ) );
#954 = PCURVE('',#955,#960);
#955 = CYLINDRICAL_SURFACE('',#956,4.5);
#956 = AXIS2_PLACEMENT_3D('',#957,#958,#959);
#957 = CARTESIAN_POINT('',(40.,0.,-20.));
#958 = DIRECTION('',(-0.,-0.,-1.));
#959 = DIRECTION('',(1.,0.,0.));
#960 = DEFINITIONAL_REPRESENTATION('',(#961),#965);
#961 = LINE('',#962,#963);
#962 = CARTESIAN_POINT('',(-6.28318530718,-20.));
#963 = VECTOR('',#964,1.);
#964 = DIRECTION('',(1.,-0.));
#965 = ( GEOMETRIC_REPRESENTATION_CONTEXT(2) 
PARAMETRIC_REPRESENTATION_CONTEXT() REPRESENTATION_CONTEXT('2D SPACE',''
  ) );
#966 = FACE_BOUND('',#967,.F.);
#967 = EDGE_LOOP('',(#968));
#968 = ORIENTED_EDGE('',*,*,#969,.T.);
#969 = EDGE_CURVE('',#970,#970,#972,.T.);
#970 = VERTEX_POINT('',#971);
#971 = CARTESIAN_POINT('',(-15.5,34.641016151378,0.));
#972 = SURFACE_CURVE('',#973,(#978,#989),.PCURVE_S1.);
#973 = CIRCLE('',#974,4.5);
#974 = AXIS2_PLACEMENT_3D('',#975,#976,#977);
#975 = CARTESIAN_POINT('',(-20.,34.641016151378,0.));
#976 = DIRECTION('',(0.,0.,-1.));
#977 = DIRECTION('',(1.,0.,0.));
#978 = PCURVE('',#100,#979);
#979 = DEFINITIONAL_REPRESENTATION('',(#980),#988);
#980 = ( BOUNDED_CURVE() B_SPLINE_CURVE(2,(#981,#982,#983,#984,#985,#986
,#987),.UNSPECIFIED.,.T.,.F.) B_SPLINE_CURVE_WITH_KNOTS((1,2,2,2,2,1),(
    -2.094395102393,0.,2.094395102393,4.188790204786,6.28318530718,
8.377580409573),.UNSPECIFIED.) CURVE() GEOMETRIC_REPRESENTATION_ITEM() 
RATIONAL_B_SPLINE_CURVE((1.,0.5,1.,0.5,1.,0.5,1.)) REPRESENTATION_ITEM(
  '') );
#981 = CARTESIAN_POINT('',(-15.5,34.641016151378));
#982 = CARTESIAN_POINT('',(-15.5,26.846787517318));
#983 = CARTESIAN_POINT('',(-22.25,30.743901834348));
#984 = CARTESIAN_POINT('',(-29.,34.641016151378));
#985 = CARTESIAN_POINT('',(-22.25,38.538130468408));
#986 = CARTESIAN_POINT('',(-15.5,42.435244785437));
#987 = CARTESIAN_POINT('',(-15.5,34.641016151378));
#988 = ( GEOMETRIC_REPRESENTATION_CONTEXT(2) 
PARAMETRIC_REPRESENTATION_CONTEXT() REPRESENTATION_CONTEXT('2D SPACE',''
  ) );
#989 = PCURVE('',#990,#995);
#990 = CYLINDRICAL_SURFACE('',#991,4.5);
#991 = AXIS2_PLACEMENT_3D('',#992,#993,#994);
#992 = CARTESIAN_POINT('',(-20.,34.641016151378,-20.));
#993 = DIRECTION('',(-0.,-0.,-1.));
#994 = DIRECTION('',(1.,0.,0.));
#995 = DEFINITIONAL_REPRESENTATION('',(#996),#1000);
#996 = LINE('',#997,#998);
#997 = CARTESIAN_POINT('',(-6.28318530718,-20.));
#998 = VECTOR('',#999,1.);
#999 = DIRECTION('',(1.,-0.));
#1000 = ( GEOMETRIC_REPRESENTATION_CONTEXT(2) 
PARAMETRIC_REPRESENTATION_CONTEXT() REPRESENTATION_CONTEXT('2D SPACE',''
  ) );
#1001 = FACE_BOUND('',#1002,.F.);
#1002 = EDGE_LOOP('',(#1003));
#1003 = ORIENTED_EDGE('',*,*,#1004,.T.);
#1004 = EDGE_CURVE('',#1005,#1005,#1007,.T.);
#1005 = VERTEX_POINT('',#1006);
#1006 = CARTESIAN_POINT('',(24.5,34.641016151378,0.));
#1007 = SURFACE_CURVE('',#1008,(#1013,#1024),.PCURVE_S1.);
#1008 = CIRCLE('',#1009,4.5);
#1009 = AXIS2_PLACEMENT_3D('',#1010,#1011,#1012);
#1010 = CARTESIAN_POINT('',(20.,34.641016151378,0.));
#1011 = DIRECTION('',(0.,0.,-1.));
#1012 = DIRECTION('',(1.,0.,0.));
#1013 = PCURVE('',#100,#1014);
#1014 = DEFINITIONAL_REPRESENTATION('',(#1015),#1023);
#1015 = ( BOUNDED_CURVE() B_SPLINE_CURVE(2,(#1016,#1017,#1018,#1019,
#1020,#1021,#1022),.UNSPECIFIED.,.T.,.F.) B_SPLINE_CURVE_WITH_KNOTS((1,2
    ,2,2,2,1),(-2.094395102393,0.,2.094395102393,4.188790204786,
6.28318530718,8.377580409573),.UNSPECIFIED.) CURVE() 
GEOMETRIC_REPRESENTATION_ITEM() RATIONAL_B_SPLINE_CURVE((1.,0.5,1.,0.5,
1.,0.5,1.)) REPRESENTATION_ITEM('') );
#1016 = CARTESIAN_POINT('',(24.5,34.641016151378));
#1017 = CARTESIAN_POINT('',(24.5,26.846787517318));
#1018 = CARTESIAN_POINT('',(17.75,30.743901834348));
#1019 = CARTESIAN_POINT('',(11.,34.641016151378));
#1020 = CARTESIAN_POINT('',(17.75,38.538130468408));
#1021 = CARTESIAN_POINT('',(24.5,42.435244785437));
#1022 = CARTESIAN_POINT('',(24.5,34.641016151378));
#1023 = ( GEOMETRIC_REPRESENTATION_CONTEXT(2) 
PARAMETRIC_REPRESENTATION_CONTEXT() REPRESENTATION_CONTEXT('2D SPACE',''
  ) );
#1024 = PCURVE('',#1025,#1030);
#1025 = CYLINDRICAL_SURFACE('',#1026,4.5);
#1026 = AXIS2_PLACEMENT_3D('',#1027,#1028,#1029);
#1027 = CARTESIAN_POINT('',(20.,34.641016151378,-20.));
#1028 = DIRECTION('',(-0.,-0.,-1.));
#1029 = DIRECTION('',(1.,0.,0.));
#1030 = DEFINITIONAL_REPRESENTATION('',(#1031),#1035);
#1031 = LINE('',#1032,#1033);
#1032 = CARTESIAN_POINT('',(-6.28318530718,-20.));
#1033 = VECTOR('',#1034,1.);
#1034 = DIRECTION('',(1.,-0.));
#1035 = ( GEOMETRIC_REPRESENTATION_CONTEXT(2) 
PARAMETRIC_REPRESENTATION_CONTEXT() REPRESENTATION_CONTEXT('2D SPACE',''
  ) );
#1036 = FACE_BOUND('',#1037,.F.);
#1037 = EDGE_LOOP('',(#1038,#1066,#1099,#1125));
#1038 = ORIENTED_EDGE('',*,*,#1039,.F.);
#1039 = EDGE_CURVE('',#1040,#1042,#1044,.T.);
#1040 = VERTEX_POINT('',#1041);
#1041 = CARTESIAN_POINT('',(-4.1,41.4,0.));
#1042 = VERTEX_POINT('',#1043);
#1043 = CARTESIAN_POINT('',(-4.1,38.6,0.));
#1044 = SURFACE_CURVE('',#1045,(#1049,#1055),.PCURVE_S1.);
#1045 = LINE('',#1046,#1047);
#1046 = CARTESIAN_POINT('',(-4.1,19.3,0.));
#1047 = VECTOR('',#1048,1.);
#1048 = DIRECTION('',(-1.110223024625E-16,-1.,0.));
#1049 = PCURVE('',#100,#1050);
#1050 = DEFINITIONAL_REPRESENTATION('',(#1051),#1054);
#1051 = B_SPLINE_CURVE_WITH_KNOTS('',1,(#1052,#1053),.UNSPECIFIED.,.F.,
  .F.,(2,2),(-22.1,-19.3),.PIECEWISE_BEZIER_KNOTS.);
#1052 = CARTESIAN_POINT('',(-4.1,41.4));
#1053 = CARTESIAN_POINT('',(-4.1,38.6));
#1054 = ( GEOMETRIC_REPRESENTATION_CONTEXT(2) 
PARAMETRIC_REPRESENTATION_CONTEXT() REPRESENTATION_CONTEXT('2D SPACE',''
  ) );
#1055 = PCURVE('',#1056,#1061);
#1056 = PLANE('',#1057);
#1057 = AXIS2_PLACEMENT_3D('',#1058,#1059,#1060);
#1058 = CARTESIAN_POINT('',(-4.1,38.6,-20.));
#1059 = DIRECTION('',(-1.,1.110223024625E-16,0.));
#1060 = DIRECTION('',(1.110223024625E-16,1.,0.));
#1061 = DEFINITIONAL_REPRESENTATION('',(#1062),#1065);
#1062 = B_SPLINE_CURVE_WITH_KNOTS('',1,(#1063,#1064),.UNSPECIFIED.,.F.,
  .F.,(2,2),(-22.1,-19.3),.PIECEWISE_BEZIER_KNOTS.);
#1063 = CARTESIAN_POINT('',(2.8,-20.));
#1064 = CARTESIAN_POINT('',(0.,-20.));
#1065 = ( GEOMETRIC_REPRESENTATION_CONTEXT(2) 
PARAMETRIC_REPRESENTATION_CONTEXT() REPRESENTATION_CONTEXT('2D SPACE',''
  ) );
#1066 = ORIENTED_EDGE('',*,*,#1067,.T.);
#1067 = EDGE_CURVE('',#1040,#1068,#1070,.T.);
#1068 = VERTEX_POINT('',#1069);
#1069 = CARTESIAN_POINT('',(4.1,41.4,0.));
#1070 = SURFACE_CURVE('',#1071,(#1076,#1087),.PCURVE_S1.);
#1071 = CIRCLE('',#1072,4.1);
#1072 = AXIS2_PLACEMENT_3D('',#1073,#1074,#1075);
#1073 = CARTESIAN_POINT('',(2.922668544626E-15,41.4,0.));
#1074 = DIRECTION('',(0.,0.,-1.));
#1075 = DIRECTION('',(-1.,1.110223024625E-16,0.));
#1076 = PCURVE('',#100,#1077);
#1077 = DEFINITIONAL_REPRESENTATION('',(#1078),#1086);
#1078 = ( BOUNDED_CURVE() B_SPLINE_CURVE(2,(#1079,#1080,#1081,#1082,
#1083,#1084,#1085),.UNSPECIFIED.,.T.,.F.) B_SPLINE_CURVE_WITH_KNOTS((1,2
    ,2,2,2,1),(-2.094395102393,0.,2.094395102393,4.188790204786,
6.28318530718,8.377580409573),.UNSPECIFIED.) CURVE() 
GEOMETRIC_REPRESENTATION_ITEM() RATIONAL_B_SPLINE_CURVE((1.,0.5,1.,0.5,
1.,0.5,1.)) REPRESENTATION_ITEM('') );
#1079 = CARTESIAN_POINT('',(-4.1,41.4));
#1080 = CARTESIAN_POINT('',(-4.1,48.501408311032));
#1081 = CARTESIAN_POINT('',(2.05,44.950704155516));
#1082 = CARTESIAN_POINT('',(8.2,41.4));
#1083 = CARTESIAN_POINT('',(2.05,37.849295844484));
#1084 = CARTESIAN_POINT('',(-4.1,34.298591688968));
#1085 = CARTESIAN_POINT('',(-4.1,41.4));
#1086 = ( GEOMETRIC_REPRESENTATION_CONTEXT(2) 
PARAMETRIC_REPRESENTATION_CONTEXT() REPRESENTATION_CONTEXT('2D SPACE',''
  ) );
#1087 = PCURVE('',#1088,#1093);
#1088 = CYLINDRICAL_SURFACE('',#1089,4.1);
#1089 = AXIS2_PLACEMENT_3D('',#1090,#1091,#1092);
#1090 = CARTESIAN_POINT('',(2.922668544626E-15,41.4,-20.));
#1091 = DIRECTION('',(0.,0.,-1.));
#1092 = DIRECTION('',(-1.,1.110223024625E-16,0.));
#1093 = DEFINITIONAL_REPRESENTATION('',(#1094),#1098);
#1094 = LINE('',#1095,#1096);
#1095 = CARTESIAN_POINT('',(0.,-20.));
#1096 = VECTOR('',#1097,1.);
#1097 = DIRECTION('',(1.,0.));
#1098 = ( GEOMETRIC_REPRESENTATION_CONTEXT(2) 
PARAMETRIC_REPRESENTATION_CONTEXT() REPRESENTATION_CONTEXT('2D SPACE',''
  ) );
#1099 = ORIENTED_EDGE('',*,*,#1100,.F.);
#1100 = EDGE_CURVE('',#1101,#1068,#1103,.T.);
#1101 = VERTEX_POINT('',#1102);
#1102 = CARTESIAN_POINT('',(4.1,38.6,0.));
#1103 = SURFACE_CURVE('',#1104,(#1108,#1114),.PCURVE_S1.);
#1104 = LINE('',#1105,#1106);
#1105 = CARTESIAN_POINT('',(4.1,20.7,0.));
#1106 = VECTOR('',#1107,1.);
#1107 = DIRECTION('',(1.110223024625E-16,1.,-0.));
#1108 = PCURVE('',#100,#1109);
#1109 = DEFINITIONAL_REPRESENTATION('',(#1110),#1113);
#1110 = B_SPLINE_CURVE_WITH_KNOTS('',1,(#1111,#1112),.UNSPECIFIED.,.F.,
  .F.,(2,2),(17.9,20.7),.PIECEWISE_BEZIER_KNOTS.);
#1111 = CARTESIAN_POINT('',(4.1,38.6));
#1112 = CARTESIAN_POINT('',(4.1,41.4));
#1113 = ( GEOMETRIC_REPRESENTATION_CONTEXT(2) 
PARAMETRIC_REPRESENTATION_CONTEXT() REPRESENTATION_CONTEXT('2D SPACE',''
  ) );
#1114 = PCURVE('',#1115,#1120);
#1115 = PLANE('',#1116);
#1116 = AXIS2_PLACEMENT_3D('',#1117,#1118,#1119);
#1117 = CARTESIAN_POINT('',(4.1,41.4,-20.));
#1118 = DIRECTION('',(1.,-1.110223024625E-16,0.));
#1119 = DIRECTION('',(-1.110223024625E-16,-1.,0.));
#1120 = DEFINITIONAL_REPRESENTATION('',(#1121),#1124);
#1121 = B_SPLINE_CURVE_WITH_KNOTS('',1,(#1122,#1123),.UNSPECIFIED.,.F.,
  .F.,(2,2),(17.9,20.7),.PIECEWISE_BEZIER_KNOTS.);
#1122 = CARTESIAN_POINT('',(2.8,-20.));
#1123 = CARTESIAN_POINT('',(0.,-20.));
#1124 = ( GEOMETRIC_REPRESENTATION_CONTEXT(2) 
PARAMETRIC_REPRESENTATION_CONTEXT() REPRESENTATION_CONTEXT('2D SPACE',''
  ) );
#1125 = ORIENTED_EDGE('',*,*,#1126,.T.);
#1126 = EDGE_CURVE('',#1101,#1042,#1127,.T.);
#1127 = SURFACE_CURVE('',#1128,(#1133,#1144),.PCURVE_S1.);
#1128 = CIRCLE('',#1129,4.1);
#1129 = AXIS2_PLACEMENT_3D('',#1130,#1131,#1132);
#1130 = CARTESIAN_POINT('',(1.975918651964E-15,38.6,0.));
#1131 = DIRECTION('',(0.,-0.,-1.));
#1132 = DIRECTION('',(1.,-1.110223024625E-16,0.));
#1133 = PCURVE('',#100,#1134);
#1134 = DEFINITIONAL_REPRESENTATION('',(#1135),#1143);
#1135 = ( BOUNDED_CURVE() B_SPLINE_CURVE(2,(#1136,#1137,#1138,#1139,
#1140,#1141,#1142),.UNSPECIFIED.,.T.,.F.) B_SPLINE_CURVE_WITH_KNOTS((1,2
    ,2,2,2,1),(-2.094395102393,0.,2.094395102393,4.188790204786,
6.28318530718,8.377580409573),.UNSPECIFIED.) CURVE() 
GEOMETRIC_REPRESENTATION_ITEM() RATIONAL_B_SPLINE_CURVE((1.,0.5,1.,0.5,
1.,0.5,1.)) REPRESENTATION_ITEM('') );
#1136 = CARTESIAN_POINT('',(4.1,38.6));
#1137 = CARTESIAN_POINT('',(4.1,31.498591688968));
#1138 = CARTESIAN_POINT('',(-2.05,35.049295844484));
#1139 = CARTESIAN_POINT('',(-8.2,38.6));
#1140 = CARTESIAN_POINT('',(-2.05,42.150704155516));
#1141 = CARTESIAN_POINT('',(4.1,45.701408311032));
#1142 = CARTESIAN_POINT('',(4.1,38.6));
#1143 = ( GEOMETRIC_REPRESENTATION_CONTEXT(2) 
PARAMETRIC_REPRESENTATION_CONTEXT() REPRESENTATION_CONTEXT('2D SPACE',''
  ) );
#1144 = PCURVE('',#1145,#1150);
#1145 = CYLINDRICAL_SURFACE('',#1146,4.1);
#1146 = AXIS2_PLACEMENT_3D('',#1147,#1148,#1149);
#1147 = CARTESIAN_POINT('',(1.975918651964E-15,38.6,-20.));
#1148 = DIRECTION('',(0.,-0.,-1.));
#1149 = DIRECTION('',(1.,-1.110223024625E-16,0.));
#1150 = DEFINITIONAL_REPRESENTATION('',(#1151),#1155);
#1151 = LINE('',#1152,#1153);
#1152 = CARTESIAN_POINT('',(0.,-20.));
#1153 = VECTOR('',#1154,1.);
#1154 = DIRECTION('',(1.,0.));
#1155 = ( GEOMETRIC_REPRESENTATION_CONTEXT(2) 
PARAMETRIC_REPRESENTATION_CONTEXT() REPRESENTATION_CONTEXT('2D SPACE',''
  ) );
#1156 = ADVANCED_FACE('',(#1157),#125,.F.);
#1157 = FACE_BOUND('',#1158,.F.);
#1158 = EDGE_LOOP('',(#1159,#1160,#1183,#1211,#1234,#1255,#1256));
#1159 = ORIENTED_EDGE('',*,*,#386,.F.);
#1160 = ORIENTED_EDGE('',*,*,#1161,.F.);
#1161 = EDGE_CURVE('',#1162,#364,#1164,.T.);
#1162 = VERTEX_POINT('',#1163);
#1163 = CARTESIAN_POINT('',(17.677669529664,57.27564927611,-13.05));
#1164 = SURFACE_CURVE('',#1165,(#1169,#1176),.PCURVE_S1.);
#1165 = LINE('',#1166,#1167);
#1166 = CARTESIAN_POINT('',(17.677669529664,57.27564927611,-19.05));
#1167 = VECTOR('',#1168,1.);
#1168 = DIRECTION('',(0.,0.,1.));
#1169 = PCURVE('',#125,#1170);
#1170 = DEFINITIONAL_REPRESENTATION('',(#1171),#1175);
#1171 = LINE('',#1172,#1173);
#1172 = CARTESIAN_POINT('',(6.,19.05));
#1173 = VECTOR('',#1174,1.);
#1174 = DIRECTION('',(0.,-1.));
#1175 = ( GEOMETRIC_REPRESENTATION_CONTEXT(2) 
PARAMETRIC_REPRESENTATION_CONTEXT() REPRESENTATION_CONTEXT('2D SPACE',''
  ) );
#1176 = PCURVE('',#346,#1177);
#1177 = DEFINITIONAL_REPRESENTATION('',(#1178),#1182);
#1178 = LINE('',#1179,#1180);
#1179 = CARTESIAN_POINT('',(0.,0.));
#1180 = VECTOR('',#1181,1.);
#1181 = DIRECTION('',(0.,-1.));
#1182 = ( GEOMETRIC_REPRESENTATION_CONTEXT(2) 
PARAMETRIC_REPRESENTATION_CONTEXT() REPRESENTATION_CONTEXT('2D SPACE',''
  ) );
#1183 = ORIENTED_EDGE('',*,*,#1184,.F.);
#1184 = EDGE_CURVE('',#1185,#1162,#1187,.T.);
#1185 = VERTEX_POINT('',#1186);
#1186 = CARTESIAN_POINT('',(21.920310216783,61.51828996323,-13.05));
#1187 = SURFACE_CURVE('',#1188,(#1192,#1199),.PCURVE_S1.);
#1188 = LINE('',#1189,#1190);
#1189 = CARTESIAN_POINT('',(21.920310216783,61.51828996323,-13.05));
#1190 = VECTOR('',#1191,1.);
#1191 = DIRECTION('',(-0.707106781187,-0.707106781187,0.));
#1192 = PCURVE('',#125,#1193);
#1193 = DEFINITIONAL_REPRESENTATION('',(#1194),#1198);
#1194 = LINE('',#1195,#1196);
#1195 = CARTESIAN_POINT('',(-0.,13.05));
#1196 = VECTOR('',#1197,1.);
#1197 = DIRECTION('',(1.,0.));
#1198 = ( GEOMETRIC_REPRESENTATION_CONTEXT(2) 
PARAMETRIC_REPRESENTATION_CONTEXT() REPRESENTATION_CONTEXT('2D SPACE',''
  ) );
#1199 = PCURVE('',#1200,#1205);
#1200 = CYLINDRICAL_SURFACE('',#1201,6.);
#1201 = AXIS2_PLACEMENT_3D('',#1202,#1203,#1204);
#1202 = CARTESIAN_POINT('',(26.162950903902,57.27564927611,-13.05));
#1203 = DIRECTION('',(-0.707106781187,-0.707106781187,0.));
#1204 = DIRECTION('',(-0.707106781187,0.707106781187,0.));
#1205 = DEFINITIONAL_REPRESENTATION('',(#1206),#1210);
#1206 = LINE('',#1207,#1208);
#1207 = CARTESIAN_POINT('',(0.,0.));
#1208 = VECTOR('',#1209,1.);
#1209 = DIRECTION('',(0.,1.));
#1210 = ( GEOMETRIC_REPRESENTATION_CONTEXT(2) 
PARAMETRIC_REPRESENTATION_CONTEXT() REPRESENTATION_CONTEXT('2D SPACE',''
  ) );
#1211 = ORIENTED_EDGE('',*,*,#1212,.T.);
#1212 = EDGE_CURVE('',#1185,#1213,#1215,.T.);
#1213 = VERTEX_POINT('',#1214);
#1214 = CARTESIAN_POINT('',(21.920310216783,61.51828996323,6.));
#1215 = SURFACE_CURVE('',#1216,(#1220,#1227),.PCURVE_S1.);
#1216 = LINE('',#1217,#1218);
#1217 = CARTESIAN_POINT('',(21.920310216783,61.51828996323,-19.05));
#1218 = VECTOR('',#1219,1.);
#1219 = DIRECTION('',(0.,0.,1.));
#1220 = PCURVE('',#125,#1221);
#1221 = DEFINITIONAL_REPRESENTATION('',(#1222),#1226);
#1222 = LINE('',#1223,#1224);
#1223 = CARTESIAN_POINT('',(-0.,19.05));
#1224 = VECTOR('',#1225,1.);
#1225 = DIRECTION('',(0.,-1.));
#1226 = ( GEOMETRIC_REPRESENTATION_CONTEXT(2) 
PARAMETRIC_REPRESENTATION_CONTEXT() REPRESENTATION_CONTEXT('2D SPACE',''
  ) );
#1227 = PCURVE('',#292,#1228);
#1228 = DEFINITIONAL_REPRESENTATION('',(#1229),#1233);
#1229 = LINE('',#1230,#1231);
#1230 = CARTESIAN_POINT('',(56.,0.));
#1231 = VECTOR('',#1232,1.);
#1232 = DIRECTION('',(0.,-1.));
#1233 = ( GEOMETRIC_REPRESENTATION_CONTEXT(2) 
PARAMETRIC_REPRESENTATION_CONTEXT() REPRESENTATION_CONTEXT('2D SPACE',''
  ) );
#1234 = ORIENTED_EDGE('',*,*,#1235,.T.);
#1235 = EDGE_CURVE('',#1213,#168,#1236,.T.);
#1236 = SURFACE_CURVE('',#1237,(#1241,#1248),.PCURVE_S1.);
#1237 = LINE('',#1238,#1239);
#1238 = CARTESIAN_POINT('',(21.920310216783,61.51828996323,6.));
#1239 = VECTOR('',#1240,1.);
#1240 = DIRECTION('',(-0.707106781187,-0.707106781187,0.));
#1241 = PCURVE('',#125,#1242);
#1242 = DEFINITIONAL_REPRESENTATION('',(#1243),#1247);
#1243 = LINE('',#1244,#1245);
#1244 = CARTESIAN_POINT('',(0.,-6.));
#1245 = VECTOR('',#1246,1.);
#1246 = DIRECTION('',(1.,0.));
#1247 = ( GEOMETRIC_REPRESENTATION_CONTEXT(2) 
PARAMETRIC_REPRESENTATION_CONTEXT() REPRESENTATION_CONTEXT('2D SPACE',''
  ) );
#1248 = PCURVE('',#184,#1249);
#1249 = DEFINITIONAL_REPRESENTATION('',(#1250),#1254);
#1250 = LINE('',#1251,#1252);
#1251 = CARTESIAN_POINT('',(21.920310216783,61.51828996323));
#1252 = VECTOR('',#1253,1.);
#1253 = DIRECTION('',(-0.707106781187,-0.707106781187));
#1254 = ( GEOMETRIC_REPRESENTATION_CONTEXT(2) 
PARAMETRIC_REPRESENTATION_CONTEXT() REPRESENTATION_CONTEXT('2D SPACE',''
  ) );
#1255 = ORIENTED_EDGE('',*,*,#200,.T.);
#1256 = ORIENTED_EDGE('',*,*,#112,.T.);
#1257 = ADVANCED_FACE('',(#1258,#1284,#1314,#1344,#1374,#1779,#1809,
    #1839,#1869),#184,.T.);
#1258 = FACE_BOUND('',#1259,.T.);
#1259 = EDGE_LOOP('',(#1260,#1261,#1262,#1283));
#1260 = ORIENTED_EDGE('',*,*,#167,.F.);
#1261 = ORIENTED_EDGE('',*,*,#253,.F.);
#1262 = ORIENTED_EDGE('',*,*,#1263,.T.);
#1263 = EDGE_CURVE('',#254,#1213,#1264,.T.);
#1264 = SURFACE_CURVE('',#1265,(#1269,#1276),.PCURVE_S1.);
#1265 = LINE('',#1266,#1267);
#1266 = CARTESIAN_POINT('',(61.51828996323,21.920310216783,6.));
#1267 = VECTOR('',#1268,1.);
#1268 = DIRECTION('',(-0.707106781187,0.707106781187,0.));
#1269 = PCURVE('',#184,#1270);
#1270 = DEFINITIONAL_REPRESENTATION('',(#1271),#1275);
#1271 = LINE('',#1272,#1273);
#1272 = CARTESIAN_POINT('',(61.51828996323,21.920310216783));
#1273 = VECTOR('',#1274,1.);
#1274 = DIRECTION('',(-0.707106781187,0.707106781187));
#1275 = ( GEOMETRIC_REPRESENTATION_CONTEXT(2) 
PARAMETRIC_REPRESENTATION_CONTEXT() REPRESENTATION_CONTEXT('2D SPACE',''
  ) );
#1276 = PCURVE('',#292,#1277);
#1277 = DEFINITIONAL_REPRESENTATION('',(#1278),#1282);
#1278 = LINE('',#1279,#1280);
#1279 = CARTESIAN_POINT('',(0.,-25.05));
#1280 = VECTOR('',#1281,1.);
#1281 = DIRECTION('',(1.,0.));
#1282 = ( GEOMETRIC_REPRESENTATION_CONTEXT(2) 
PARAMETRIC_REPRESENTATION_CONTEXT() REPRESENTATION_CONTEXT('2D SPACE',''
  ) );
#1283 = ORIENTED_EDGE('',*,*,#1235,.T.);
#1284 = FACE_BOUND('',#1285,.T.);
#1285 = EDGE_LOOP('',(#1286));
#1286 = ORIENTED_EDGE('',*,*,#1287,.T.);
#1287 = EDGE_CURVE('',#1288,#1288,#1290,.T.);
#1288 = VERTEX_POINT('',#1289);
#1289 = CARTESIAN_POINT('',(-15.5,-34.64101615137,6.));
#1290 = SURFACE_CURVE('',#1291,(#1296,#1307),.PCURVE_S1.);
#1291 = CIRCLE('',#1292,4.5);
#1292 = AXIS2_PLACEMENT_3D('',#1293,#1294,#1295);
#1293 = CARTESIAN_POINT('',(-20.,-34.64101615137,6.));
#1294 = DIRECTION('',(0.,0.,-1.));
#1295 = DIRECTION('',(1.,0.,0.));
#1296 = PCURVE('',#184,#1297);
#1297 = DEFINITIONAL_REPRESENTATION('',(#1298),#1306);
#1298 = ( BOUNDED_CURVE() B_SPLINE_CURVE(2,(#1299,#1300,#1301,#1302,
#1303,#1304,#1305),.UNSPECIFIED.,.T.,.F.) B_SPLINE_CURVE_WITH_KNOTS((1,2
    ,2,2,2,1),(-2.094395102393,0.,2.094395102393,4.188790204786,
6.28318530718,8.377580409573),.UNSPECIFIED.) CURVE() 
GEOMETRIC_REPRESENTATION_ITEM() RATIONAL_B_SPLINE_CURVE((1.,0.5,1.,0.5,
1.,0.5,1.)) REPRESENTATION_ITEM('') );
#1299 = CARTESIAN_POINT('',(-15.5,-34.64101615137));
#1300 = CARTESIAN_POINT('',(-15.5,-42.43524478543));
#1301 = CARTESIAN_POINT('',(-22.25,-38.5381304684));
#1302 = CARTESIAN_POINT('',(-29.,-34.64101615137));
#1303 = CARTESIAN_POINT('',(-22.25,-30.74390183434));
#1304 = CARTESIAN_POINT('',(-15.5,-26.84678751731));
#1305 = CARTESIAN_POINT('',(-15.5,-34.64101615137));
#1306 = ( GEOMETRIC_REPRESENTATION_CONTEXT(2) 
PARAMETRIC_REPRESENTATION_CONTEXT() REPRESENTATION_CONTEXT('2D SPACE',''
  ) );
#1307 = PCURVE('',#430,#1308);
#1308 = DEFINITIONAL_REPRESENTATION('',(#1309),#1313);
#1309 = LINE('',#1310,#1311);
#1310 = CARTESIAN_POINT('',(-6.28318530718,-26.));
#1311 = VECTOR('',#1312,1.);
#1312 = DIRECTION('',(1.,-0.));
#1313 = ( GEOMETRIC_REPRESENTATION_CONTEXT(2) 
PARAMETRIC_REPRESENTATION_CONTEXT() REPRESENTATION_CONTEXT('2D SPACE',''
  ) );
#1314 = FACE_BOUND('',#1315,.T.);
#1315 = EDGE_LOOP('',(#1316));
#1316 = ORIENTED_EDGE('',*,*,#1317,.T.);
#1317 = EDGE_CURVE('',#1318,#1318,#1320,.T.);
#1318 = VERTEX_POINT('',#1319);
#1319 = CARTESIAN_POINT('',(-35.5,4.898587196589E-15,6.));
#1320 = SURFACE_CURVE('',#1321,(#1326,#1337),.PCURVE_S1.);
#1321 = CIRCLE('',#1322,4.5);
#1322 = AXIS2_PLACEMENT_3D('',#1323,#1324,#1325);
#1323 = CARTESIAN_POINT('',(-40.,4.898587196589E-15,6.));
#1324 = DIRECTION('',(0.,0.,-1.));
#1325 = DIRECTION('',(1.,0.,0.));
#1326 = PCURVE('',#184,#1327);
#1327 = DEFINITIONAL_REPRESENTATION('',(#1328),#1336);
#1328 = ( BOUNDED_CURVE() B_SPLINE_CURVE(2,(#1329,#1330,#1331,#1332,
#1333,#1334,#1335),.UNSPECIFIED.,.T.,.F.) B_SPLINE_CURVE_WITH_KNOTS((1,2
    ,2,2,2,1),(-2.094395102393,0.,2.094395102393,4.188790204786,
6.28318530718,8.377580409573),.UNSPECIFIED.) CURVE() 
GEOMETRIC_REPRESENTATION_ITEM() RATIONAL_B_SPLINE_CURVE((1.,0.5,1.,0.5,
1.,0.5,1.)) REPRESENTATION_ITEM('') );
#1329 = CARTESIAN_POINT('',(-35.5,3.21151505512E-15));
#1330 = CARTESIAN_POINT('',(-35.5,-7.79422863406));
#1331 = CARTESIAN_POINT('',(-42.25,-3.89711431703));
#1332 = CARTESIAN_POINT('',(-49.,2.109332935887E-15));
#1333 = CARTESIAN_POINT('',(-42.25,3.89711431703));
#1334 = CARTESIAN_POINT('',(-35.5,7.79422863406));
#1335 = CARTESIAN_POINT('',(-35.5,3.21151505512E-15));
#1336 = ( GEOMETRIC_REPRESENTATION_CONTEXT(2) 
PARAMETRIC_REPRESENTATION_CONTEXT() REPRESENTATION_CONTEXT('2D SPACE',''
  ) );
#1337 = PCURVE('',#465,#1338);
#1338 = DEFINITIONAL_REPRESENTATION('',(#1339),#1343);
#1339 = LINE('',#1340,#1341);
#1340 = CARTESIAN_POINT('',(-6.28318530718,-26.));
#1341 = VECTOR('',#1342,1.);
#1342 = DIRECTION('',(1.,-0.));
#1343 = ( GEOMETRIC_REPRESENTATION_CONTEXT(2) 
PARAMETRIC_REPRESENTATION_CONTEXT() REPRESENTATION_CONTEXT('2D SPACE',''
  ) );
#1344 = FACE_BOUND('',#1345,.T.);
#1345 = EDGE_LOOP('',(#1346));
#1346 = ORIENTED_EDGE('',*,*,#1347,.T.);
#1347 = EDGE_CURVE('',#1348,#1348,#1350,.T.);
#1348 = VERTEX_POINT('',#1349);
#1349 = CARTESIAN_POINT('',(24.5,-34.64101615137,6.));
#1350 = SURFACE_CURVE('',#1351,(#1356,#1367),.PCURVE_S1.);
#1351 = CIRCLE('',#1352,4.5);
#1352 = AXIS2_PLACEMENT_3D('',#1353,#1354,#1355);
#1353 = CARTESIAN_POINT('',(20.,-34.64101615137,6.));
#1354 = DIRECTION('',(0.,0.,-1.));
#1355 = DIRECTION('',(1.,0.,0.));
#1356 = PCURVE('',#184,#1357);
#1357 = DEFINITIONAL_REPRESENTATION('',(#1358),#1366);
#1358 = ( BOUNDED_CURVE() B_SPLINE_CURVE(2,(#1359,#1360,#1361,#1362,
#1363,#1364,#1365),.UNSPECIFIED.,.T.,.F.) B_SPLINE_CURVE_WITH_KNOTS((1,2
    ,2,2,2,1),(-2.094395102393,0.,2.094395102393,4.188790204786,
6.28318530718,8.377580409573),.UNSPECIFIED.) CURVE() 
GEOMETRIC_REPRESENTATION_ITEM() RATIONAL_B_SPLINE_CURVE((1.,0.5,1.,0.5,
1.,0.5,1.)) REPRESENTATION_ITEM('') );
#1359 = CARTESIAN_POINT('',(24.5,-34.64101615137));
#1360 = CARTESIAN_POINT('',(24.5,-42.43524478543));
#1361 = CARTESIAN_POINT('',(17.75,-38.5381304684));
#1362 = CARTESIAN_POINT('',(11.,-34.64101615137));
#1363 = CARTESIAN_POINT('',(17.75,-30.74390183434));
#1364 = CARTESIAN_POINT('',(24.5,-26.84678751731));
#1365 = CARTESIAN_POINT('',(24.5,-34.64101615137));
#1366 = ( GEOMETRIC_REPRESENTATION_CONTEXT(2) 
PARAMETRIC_REPRESENTATION_CONTEXT() REPRESENTATION_CONTEXT('2D SPACE',''
  ) );
#1367 = PCURVE('',#500,#1368);
#1368 = DEFINITIONAL_REPRESENTATION('',(#1369),#1373);
#1369 = LINE('',#1370,#1371);
#1370 = CARTESIAN_POINT('',(-6.28318530718,-26.));
#1371 = VECTOR('',#1372,1.);
#1372 = DIRECTION('',(1.,-0.));
#1373 = ( GEOMETRIC_REPRESENTATION_CONTEXT(2) 
PARAMETRIC_REPRESENTATION_CONTEXT() REPRESENTATION_CONTEXT('2D SPACE',''
  ) );
#1374 = FACE_BOUND('',#1375,.T.);
#1375 = EDGE_LOOP('',(#1376,#1406,#1439,#1460,#1488,#1509,#1542,#1570,
    #1598,#1631,#1659,#1687,#1720,#1748));
#1376 = ORIENTED_EDGE('',*,*,#1377,.T.);
#1377 = EDGE_CURVE('',#1378,#1380,#1382,.T.);
#1378 = VERTEX_POINT('',#1379);
#1379 = CARTESIAN_POINT('',(-19.92648399499,15.262543549402,6.));
#1380 = VERTEX_POINT('',#1381);
#1381 = CARTESIAN_POINT('',(-15.2625435494,19.926483994991,6.));
#1382 = SURFACE_CURVE('',#1383,(#1388,#1399),.PCURVE_S1.);
#1383 = CIRCLE('',#1384,3.3);
#1384 = AXIS2_PLACEMENT_3D('',#1385,#1386,#1387);
#1385 = CARTESIAN_POINT('',(-17.67766952966,17.677669529664,6.));
#1386 = DIRECTION('',(0.,0.,-1.));
#1387 = DIRECTION('',(1.,0.,0.));
#1388 = PCURVE('',#184,#1389);
#1389 = DEFINITIONAL_REPRESENTATION('',(#1390),#1398);
#1390 = ( BOUNDED_CURVE() B_SPLINE_CURVE(2,(#1391,#1392,#1393,#1394,
#1395,#1396,#1397),.UNSPECIFIED.,.T.,.F.) B_SPLINE_CURVE_WITH_KNOTS((1,2
    ,2,2,2,1),(-2.094395102393,0.,2.094395102393,4.188790204786,
6.28318530718,8.377580409573),.UNSPECIFIED.) CURVE() 
GEOMETRIC_REPRESENTATION_ITEM() RATIONAL_B_SPLINE_CURVE((1.,0.5,1.,0.5,
1.,0.5,1.)) REPRESENTATION_ITEM('') );
#1391 = CARTESIAN_POINT('',(-14.37766952966,17.677669529664));
#1392 = CARTESIAN_POINT('',(-14.37766952966,11.961901864686));
#1393 = CARTESIAN_POINT('',(-19.32766952966,14.819785697175));
#1394 = CARTESIAN_POINT('',(-24.27766952966,17.677669529664));
#1395 = CARTESIAN_POINT('',(-19.32766952966,20.535553362152));
#1396 = CARTESIAN_POINT('',(-14.37766952966,23.393437194641));
#1397 = CARTESIAN_POINT('',(-14.37766952966,17.677669529664));
#1398 = ( GEOMETRIC_REPRESENTATION_CONTEXT(2) 
PARAMETRIC_REPRESENTATION_CONTEXT() REPRESENTATION_CONTEXT('2D SPACE',''
  ) );
#1399 = PCURVE('',#808,#1400);
#1400 = DEFINITIONAL_REPRESENTATION('',(#1401),#1405);
#1401 = LINE('',#1402,#1403);
#1402 = CARTESIAN_POINT('',(-6.28318530718,-26.));
#1403 = VECTOR('',#1404,1.);
#1404 = DIRECTION('',(1.,-0.));
#1405 = ( GEOMETRIC_REPRESENTATION_CONTEXT(2) 
PARAMETRIC_REPRESENTATION_CONTEXT() REPRESENTATION_CONTEXT('2D SPACE',''
  ) );
#1406 = ORIENTED_EDGE('',*,*,#1407,.T.);
#1407 = EDGE_CURVE('',#1380,#1408,#1410,.T.);
#1408 = VERTEX_POINT('',#1409);
#1409 = CARTESIAN_POINT('',(-3.1,24.907830094169,6.));
#1410 = SURFACE_CURVE('',#1411,(#1416,#1427),.PCURVE_S1.);
#1411 = CIRCLE('',#1412,25.1);
#1412 = AXIS2_PLACEMENT_3D('',#1413,#1414,#1415);
#1413 = CARTESIAN_POINT('',(0.,0.,6.));
#1414 = DIRECTION('',(0.,0.,-1.));
#1415 = DIRECTION('',(0.793883824502,0.60806946412,0.));
#1416 = PCURVE('',#184,#1417);
#1417 = DEFINITIONAL_REPRESENTATION('',(#1418),#1426);
#1418 = ( BOUNDED_CURVE() B_SPLINE_CURVE(2,(#1419,#1420,#1421,#1422,
#1423,#1424,#1425),.UNSPECIFIED.,.T.,.F.) B_SPLINE_CURVE_WITH_KNOTS((1,2
    ,2,2,2,1),(-2.094395102393,0.,2.094395102393,4.188790204786,
6.28318530718,8.377580409573),.UNSPECIFIED.) CURVE() 
GEOMETRIC_REPRESENTATION_ITEM() RATIONAL_B_SPLINE_CURVE((1.,0.5,1.,0.5,
1.,0.5,1.)) REPRESENTATION_ITEM('') );
#1419 = CARTESIAN_POINT('',(19.926483994991,15.262543549402));
#1420 = CARTESIAN_POINT('',(46.361984875287,-19.25113914613));
#1421 = CARTESIAN_POINT('',(3.254508442653,-24.88811312246));
#1422 = CARTESIAN_POINT('',(-39.85296798998,-30.5250870988));
#1423 = CARTESIAN_POINT('',(-23.18099243764,9.625569573065));
#1424 = CARTESIAN_POINT('',(-6.509016885306,49.776226244933));
#1425 = CARTESIAN_POINT('',(19.926483994991,15.262543549402));
#1426 = ( GEOMETRIC_REPRESENTATION_CONTEXT(2) 
PARAMETRIC_REPRESENTATION_CONTEXT() REPRESENTATION_CONTEXT('2D SPACE',''
  ) );
#1427 = PCURVE('',#1428,#1433);
#1428 = CYLINDRICAL_SURFACE('',#1429,25.1);
#1429 = AXIS2_PLACEMENT_3D('',#1430,#1431,#1432);
#1430 = CARTESIAN_POINT('',(0.,0.,2.));
#1431 = DIRECTION('',(-0.,-0.,-1.));
#1432 = DIRECTION('',(1.,0.,0.));
#1433 = DEFINITIONAL_REPRESENTATION('',(#1434),#1438);
#1434 = LINE('',#1435,#1436);
#1435 = CARTESIAN_POINT('',(-6.936811865585,-4.));
#1436 = VECTOR('',#1437,1.);
#1437 = DIRECTION('',(1.,-0.));
#1438 = ( GEOMETRIC_REPRESENTATION_CONTEXT(2) 
PARAMETRIC_REPRESENTATION_CONTEXT() REPRESENTATION_CONTEXT('2D SPACE',''
  ) );
#1439 = ORIENTED_EDGE('',*,*,#1440,.F.);
#1440 = EDGE_CURVE('',#1441,#1408,#1443,.T.);
#1441 = VERTEX_POINT('',#1442);
#1442 = CARTESIAN_POINT('',(-3.1,26.4,6.));
#1443 = SURFACE_CURVE('',#1444,(#1448,#1454),.PCURVE_S1.);
#1444 = LINE('',#1445,#1446);
#1445 = CARTESIAN_POINT('',(-3.1,11.8,6.));
#1446 = VECTOR('',#1447,1.);
#1447 = DIRECTION('',(-1.110223024625E-16,-1.,0.));
#1448 = PCURVE('',#184,#1449);
#1449 = DEFINITIONAL_REPRESENTATION('',(#1450),#1453);
#1450 = B_SPLINE_CURVE_WITH_KNOTS('',1,(#1451,#1452),.UNSPECIFIED.,.F.,
  .F.,(2,2),(-14.6,-11.8),.PIECEWISE_BEZIER_KNOTS.);
#1451 = CARTESIAN_POINT('',(-3.1,26.4));
#1452 = CARTESIAN_POINT('',(-3.1,23.6));
#1453 = ( GEOMETRIC_REPRESENTATION_CONTEXT(2) 
PARAMETRIC_REPRESENTATION_CONTEXT() REPRESENTATION_CONTEXT('2D SPACE',''
  ) );
#1454 = PCURVE('',#864,#1455);
#1455 = DEFINITIONAL_REPRESENTATION('',(#1456),#1459);
#1456 = B_SPLINE_CURVE_WITH_KNOTS('',1,(#1457,#1458),.UNSPECIFIED.,.F.,
  .F.,(2,2),(-14.6,-11.8),.PIECEWISE_BEZIER_KNOTS.);
#1457 = CARTESIAN_POINT('',(2.8,-26.));
#1458 = CARTESIAN_POINT('',(0.,-26.));
#1459 = ( GEOMETRIC_REPRESENTATION_CONTEXT(2) 
PARAMETRIC_REPRESENTATION_CONTEXT() REPRESENTATION_CONTEXT('2D SPACE',''
  ) );
#1460 = ORIENTED_EDGE('',*,*,#1461,.T.);
#1461 = EDGE_CURVE('',#1441,#1462,#1464,.T.);
#1462 = VERTEX_POINT('',#1463);
#1463 = CARTESIAN_POINT('',(3.1,26.4,6.));
#1464 = SURFACE_CURVE('',#1465,(#1470,#1481),.PCURVE_S1.);
#1465 = CIRCLE('',#1466,3.1);
#1466 = AXIS2_PLACEMENT_3D('',#1467,#1468,#1469);
#1467 = CARTESIAN_POINT('',(1.964931133798E-15,26.4,6.));
#1468 = DIRECTION('',(-0.,0.,-1.));
#1469 = DIRECTION('',(-1.,-3.223228136009E-17,0.));
#1470 = PCURVE('',#184,#1471);
#1471 = DEFINITIONAL_REPRESENTATION('',(#1472),#1480);
#1472 = ( BOUNDED_CURVE() B_SPLINE_CURVE(2,(#1473,#1474,#1475,#1476,
#1477,#1478,#1479),.UNSPECIFIED.,.T.,.F.) B_SPLINE_CURVE_WITH_KNOTS((1,2
    ,2,2,2,1),(-2.094395102393,0.,2.094395102393,4.188790204786,
6.28318530718,8.377580409573),.UNSPECIFIED.) CURVE() 
GEOMETRIC_REPRESENTATION_ITEM() RATIONAL_B_SPLINE_CURVE((1.,0.5,1.,0.5,
1.,0.5,1.)) REPRESENTATION_ITEM('') );
#1473 = CARTESIAN_POINT('',(-3.1,26.4));
#1474 = CARTESIAN_POINT('',(-3.1,31.769357503464));
#1475 = CARTESIAN_POINT('',(1.55,29.084678751732));
#1476 = CARTESIAN_POINT('',(6.2,26.4));
#1477 = CARTESIAN_POINT('',(1.55,23.715321248268));
#1478 = CARTESIAN_POINT('',(-3.1,21.030642496536));
#1479 = CARTESIAN_POINT('',(-3.1,26.4));
#1480 = ( GEOMETRIC_REPRESENTATION_CONTEXT(2) 
PARAMETRIC_REPRESENTATION_CONTEXT() REPRESENTATION_CONTEXT('2D SPACE',''
  ) );
#1481 = PCURVE('',#896,#1482);
#1482 = DEFINITIONAL_REPRESENTATION('',(#1483),#1487);
#1483 = LINE('',#1484,#1485);
#1484 = CARTESIAN_POINT('',(0.,-26.));
#1485 = VECTOR('',#1486,1.);
#1486 = DIRECTION('',(1.,0.));
#1487 = ( GEOMETRIC_REPRESENTATION_CONTEXT(2) 
PARAMETRIC_REPRESENTATION_CONTEXT() REPRESENTATION_CONTEXT('2D SPACE',''
  ) );
#1488 = ORIENTED_EDGE('',*,*,#1489,.F.);
#1489 = EDGE_CURVE('',#1490,#1462,#1492,.T.);
#1490 = VERTEX_POINT('',#1491);
#1491 = CARTESIAN_POINT('',(3.1,24.907830094169,6.));
#1492 = SURFACE_CURVE('',#1493,(#1497,#1503),.PCURVE_S1.);
#1493 = LINE('',#1494,#1495);
#1494 = CARTESIAN_POINT('',(3.1,13.2,6.));
#1495 = VECTOR('',#1496,1.);
#1496 = DIRECTION('',(1.110223024625E-16,1.,-0.));
#1497 = PCURVE('',#184,#1498);
#1498 = DEFINITIONAL_REPRESENTATION('',(#1499),#1502);
#1499 = B_SPLINE_CURVE_WITH_KNOTS('',1,(#1500,#1501),.UNSPECIFIED.,.F.,
  .F.,(2,2),(10.4,13.2),.PIECEWISE_BEZIER_KNOTS.);
#1500 = CARTESIAN_POINT('',(3.1,23.6));
#1501 = CARTESIAN_POINT('',(3.1,26.4));
#1502 = ( GEOMETRIC_REPRESENTATION_CONTEXT(2) 
PARAMETRIC_REPRESENTATION_CONTEXT() REPRESENTATION_CONTEXT('2D SPACE',''
  ) );
#1503 = PCURVE('',#921,#1504);
#1504 = DEFINITIONAL_REPRESENTATION('',(#1505),#1508);
#1505 = B_SPLINE_CURVE_WITH_KNOTS('',1,(#1506,#1507),.UNSPECIFIED.,.F.,
  .F.,(2,2),(10.4,13.2),.PIECEWISE_BEZIER_KNOTS.);
#1506 = CARTESIAN_POINT('',(2.8,-26.));
#1507 = CARTESIAN_POINT('',(0.,-26.));
#1508 = ( GEOMETRIC_REPRESENTATION_CONTEXT(2) 
PARAMETRIC_REPRESENTATION_CONTEXT() REPRESENTATION_CONTEXT('2D SPACE',''
  ) );
#1509 = ORIENTED_EDGE('',*,*,#1510,.T.);
#1510 = EDGE_CURVE('',#1490,#1511,#1513,.T.);
#1511 = VERTEX_POINT('',#1512);
#1512 = CARTESIAN_POINT('',(15.262543549402,19.926483994991,6.));
#1513 = SURFACE_CURVE('',#1514,(#1519,#1530),.PCURVE_S1.);
#1514 = CIRCLE('',#1515,25.1);
#1515 = AXIS2_PLACEMENT_3D('',#1516,#1517,#1518);
#1516 = CARTESIAN_POINT('',(0.,0.,6.));
#1517 = DIRECTION('',(0.,0.,-1.));
#1518 = DIRECTION('',(0.793883824502,0.60806946412,0.));
#1519 = PCURVE('',#184,#1520);
#1520 = DEFINITIONAL_REPRESENTATION('',(#1521),#1529);
#1521 = ( BOUNDED_CURVE() B_SPLINE_CURVE(2,(#1522,#1523,#1524,#1525,
#1526,#1527,#1528),.UNSPECIFIED.,.T.,.F.) B_SPLINE_CURVE_WITH_KNOTS((1,2
    ,2,2,2,1),(-2.094395102393,0.,2.094395102393,4.188790204786,
6.28318530718,8.377580409573),.UNSPECIFIED.) CURVE() 
GEOMETRIC_REPRESENTATION_ITEM() RATIONAL_B_SPLINE_CURVE((1.,0.5,1.,0.5,
1.,0.5,1.)) REPRESENTATION_ITEM('') );
#1522 = CARTESIAN_POINT('',(19.926483994991,15.262543549402));
#1523 = CARTESIAN_POINT('',(46.361984875287,-19.25113914613));
#1524 = CARTESIAN_POINT('',(3.254508442653,-24.88811312246));
#1525 = CARTESIAN_POINT('',(-39.85296798998,-30.5250870988));
#1526 = CARTESIAN_POINT('',(-23.18099243764,9.625569573065));
#1527 = CARTESIAN_POINT('',(-6.509016885306,49.776226244933));
#1528 = CARTESIAN_POINT('',(19.926483994991,15.262543549402));
#1529 = ( GEOMETRIC_REPRESENTATION_CONTEXT(2) 
PARAMETRIC_REPRESENTATION_CONTEXT() REPRESENTATION_CONTEXT('2D SPACE',''
  ) );
#1530 = PCURVE('',#1531,#1536);
#1531 = CYLINDRICAL_SURFACE('',#1532,25.1);
#1532 = AXIS2_PLACEMENT_3D('',#1533,#1534,#1535);
#1533 = CARTESIAN_POINT('',(0.,0.,2.));
#1534 = DIRECTION('',(-0.,-0.,-1.));
#1535 = DIRECTION('',(1.,0.,0.));
#1536 = DEFINITIONAL_REPRESENTATION('',(#1537),#1541);
#1537 = LINE('',#1538,#1539);
#1538 = CARTESIAN_POINT('',(-6.936811865585,-4.));
#1539 = VECTOR('',#1540,1.);
#1540 = DIRECTION('',(1.,-0.));
#1541 = ( GEOMETRIC_REPRESENTATION_CONTEXT(2) 
PARAMETRIC_REPRESENTATION_CONTEXT() REPRESENTATION_CONTEXT('2D SPACE',''
  ) );
#1542 = ORIENTED_EDGE('',*,*,#1543,.T.);
#1543 = EDGE_CURVE('',#1511,#1544,#1546,.T.);
#1544 = VERTEX_POINT('',#1545);
#1545 = CARTESIAN_POINT('',(20.977669529664,17.677669529664,6.));
#1546 = SURFACE_CURVE('',#1547,(#1552,#1563),.PCURVE_S1.);
#1547 = CIRCLE('',#1548,3.3);
#1548 = AXIS2_PLACEMENT_3D('',#1549,#1550,#1551);
#1549 = CARTESIAN_POINT('',(17.677669529664,17.677669529664,6.));
#1550 = DIRECTION('',(0.,0.,-1.));
#1551 = DIRECTION('',(1.,0.,0.));
#1552 = PCURVE('',#184,#1553);
#1553 = DEFINITIONAL_REPRESENTATION('',(#1554),#1562);
#1554 = ( BOUNDED_CURVE() B_SPLINE_CURVE(2,(#1555,#1556,#1557,#1558,
#1559,#1560,#1561),.UNSPECIFIED.,.T.,.F.) B_SPLINE_CURVE_WITH_KNOTS((1,2
    ,2,2,2,1),(-2.094395102393,0.,2.094395102393,4.188790204786,
6.28318530718,8.377580409573),.UNSPECIFIED.) CURVE() 
GEOMETRIC_REPRESENTATION_ITEM() RATIONAL_B_SPLINE_CURVE((1.,0.5,1.,0.5,
1.,0.5,1.)) REPRESENTATION_ITEM('') );
#1555 = CARTESIAN_POINT('',(20.977669529664,17.677669529664));
#1556 = CARTESIAN_POINT('',(20.977669529664,11.961901864686));
#1557 = CARTESIAN_POINT('',(16.027669529664,14.819785697175));
#1558 = CARTESIAN_POINT('',(11.077669529664,17.677669529664));
#1559 = CARTESIAN_POINT('',(16.027669529664,20.535553362152));
#1560 = CARTESIAN_POINT('',(20.977669529664,23.393437194641));
#1561 = CARTESIAN_POINT('',(20.977669529664,17.677669529664));
#1562 = ( GEOMETRIC_REPRESENTATION_CONTEXT(2) 
PARAMETRIC_REPRESENTATION_CONTEXT() REPRESENTATION_CONTEXT('2D SPACE',''
  ) );
#1563 = PCURVE('',#566,#1564);
#1564 = DEFINITIONAL_REPRESENTATION('',(#1565),#1569);
#1565 = LINE('',#1566,#1567);
#1566 = CARTESIAN_POINT('',(-6.28318530718,-26.));
#1567 = VECTOR('',#1568,1.);
#1568 = DIRECTION('',(1.,-0.));
#1569 = ( GEOMETRIC_REPRESENTATION_CONTEXT(2) 
PARAMETRIC_REPRESENTATION_CONTEXT() REPRESENTATION_CONTEXT('2D SPACE',''
  ) );
#1570 = ORIENTED_EDGE('',*,*,#1571,.T.);
#1571 = EDGE_CURVE('',#1544,#1572,#1574,.T.);
#1572 = VERTEX_POINT('',#1573);
#1573 = CARTESIAN_POINT('',(19.926483994991,15.262543549402,6.));
#1574 = SURFACE_CURVE('',#1575,(#1580,#1591),.PCURVE_S1.);
#1575 = CIRCLE('',#1576,3.3);
#1576 = AXIS2_PLACEMENT_3D('',#1577,#1578,#1579);
#1577 = CARTESIAN_POINT('',(17.677669529664,17.677669529664,6.));
#1578 = DIRECTION('',(0.,0.,-1.));
#1579 = DIRECTION('',(1.,0.,0.));
#1580 = PCURVE('',#184,#1581);
#1581 = DEFINITIONAL_REPRESENTATION('',(#1582),#1590);
#1582 = ( BOUNDED_CURVE() B_SPLINE_CURVE(2,(#1583,#1584,#1585,#1586,
#1587,#1588,#1589),.UNSPECIFIED.,.T.,.F.) B_SPLINE_CURVE_WITH_KNOTS((1,2
    ,2,2,2,1),(-2.094395102393,0.,2.094395102393,4.188790204786,
6.28318530718,8.377580409573),.UNSPECIFIED.) CURVE() 
GEOMETRIC_REPRESENTATION_ITEM() RATIONAL_B_SPLINE_CURVE((1.,0.5,1.,0.5,
1.,0.5,1.)) REPRESENTATION_ITEM('') );
#1583 = CARTESIAN_POINT('',(20.977669529664,17.677669529664));
#1584 = CARTESIAN_POINT('',(20.977669529664,11.961901864686));
#1585 = CARTESIAN_POINT('',(16.027669529664,14.819785697175));
#1586 = CARTESIAN_POINT('',(11.077669529664,17.677669529664));
#1587 = CARTESIAN_POINT('',(16.027669529664,20.535553362152));
#1588 = CARTESIAN_POINT('',(20.977669529664,23.393437194641));
#1589 = CARTESIAN_POINT('',(20.977669529664,17.677669529664));
#1590 = ( GEOMETRIC_REPRESENTATION_CONTEXT(2) 
PARAMETRIC_REPRESENTATION_CONTEXT() REPRESENTATION_CONTEXT('2D SPACE',''
  ) );
#1591 = PCURVE('',#566,#1592);
#1592 = DEFINITIONAL_REPRESENTATION('',(#1593),#1597);
#1593 = LINE('',#1594,#1595);
#1594 = CARTESIAN_POINT('',(-6.28318530718,-26.));
#1595 = VECTOR('',#1596,1.);
#1596 = DIRECTION('',(1.,-0.));
#1597 = ( GEOMETRIC_REPRESENTATION_CONTEXT(2) 
PARAMETRIC_REPRESENTATION_CONTEXT() REPRESENTATION_CONTEXT('2D SPACE',''
  ) );
#1598 = ORIENTED_EDGE('',*,*,#1599,.T.);
#1599 = EDGE_CURVE('',#1572,#1600,#1602,.T.);
#1600 = VERTEX_POINT('',#1601);
#1601 = CARTESIAN_POINT('',(19.926483994991,-15.2625435494,6.));
#1602 = SURFACE_CURVE('',#1603,(#1608,#1619),.PCURVE_S1.);
#1603 = CIRCLE('',#1604,25.1);
#1604 = AXIS2_PLACEMENT_3D('',#1605,#1606,#1607);
#1605 = CARTESIAN_POINT('',(0.,0.,6.));
#1606 = DIRECTION('',(0.,0.,-1.));
#1607 = DIRECTION('',(0.793883824502,0.60806946412,0.));
#1608 = PCURVE('',#184,#1609);
#1609 = DEFINITIONAL_REPRESENTATION('',(#1610),#1618);
#1610 = ( BOUNDED_CURVE() B_SPLINE_CURVE(2,(#1611,#1612,#1613,#1614,
#1615,#1616,#1617),.UNSPECIFIED.,.T.,.F.) B_SPLINE_CURVE_WITH_KNOTS((1,2
    ,2,2,2,1),(-2.094395102393,0.,2.094395102393,4.188790204786,
6.28318530718,8.377580409573),.UNSPECIFIED.) CURVE() 
GEOMETRIC_REPRESENTATION_ITEM() RATIONAL_B_SPLINE_CURVE((1.,0.5,1.,0.5,
1.,0.5,1.)) REPRESENTATION_ITEM('') );
#1611 = CARTESIAN_POINT('',(19.926483994991,15.262543549402));
#1612 = CARTESIAN_POINT('',(46.361984875287,-19.25113914613));
#1613 = CARTESIAN_POINT('',(3.254508442653,-24.88811312246));
#1614 = CARTESIAN_POINT('',(-39.85296798998,-30.5250870988));
#1615 = CARTESIAN_POINT('',(-23.18099243764,9.625569573065));
#1616 = CARTESIAN_POINT('',(-6.509016885306,49.776226244933));
#1617 = CARTESIAN_POINT('',(19.926483994991,15.262543549402));
#1618 = ( GEOMETRIC_REPRESENTATION_CONTEXT(2) 
PARAMETRIC_REPRESENTATION_CONTEXT() REPRESENTATION_CONTEXT('2D SPACE',''
  ) );
#1619 = PCURVE('',#1620,#1625);
#1620 = CYLINDRICAL_SURFACE('',#1621,25.1);
#1621 = AXIS2_PLACEMENT_3D('',#1622,#1623,#1624);
#1622 = CARTESIAN_POINT('',(0.,0.,2.));
#1623 = DIRECTION('',(-0.,-0.,-1.));
#1624 = DIRECTION('',(1.,0.,0.));
#1625 = DEFINITIONAL_REPRESENTATION('',(#1626),#1630);
#1626 = LINE('',#1627,#1628);
#1627 = CARTESIAN_POINT('',(-6.936811865585,-4.));
#1628 = VECTOR('',#1629,1.);
#1629 = DIRECTION('',(1.,-0.));
#1630 = ( GEOMETRIC_REPRESENTATION_CONTEXT(2) 
PARAMETRIC_REPRESENTATION_CONTEXT() REPRESENTATION_CONTEXT('2D SPACE',''
  ) );
#1631 = ORIENTED_EDGE('',*,*,#1632,.T.);
#1632 = EDGE_CURVE('',#1600,#1633,#1635,.T.);
#1633 = VERTEX_POINT('',#1634);
#1634 = CARTESIAN_POINT('',(20.977669529664,-17.67766952966,6.));
#1635 = SURFACE_CURVE('',#1636,(#1641,#1652),.PCURVE_S1.);
#1636 = CIRCLE('',#1637,3.3);
#1637 = AXIS2_PLACEMENT_3D('',#1638,#1639,#1640);
#1638 = CARTESIAN_POINT('',(17.677669529664,-17.67766952966,6.));
#1639 = DIRECTION('',(0.,0.,-1.));
#1640 = DIRECTION('',(1.,0.,0.));
#1641 = PCURVE('',#184,#1642);
#1642 = DEFINITIONAL_REPRESENTATION('',(#1643),#1651);
#1643 = ( BOUNDED_CURVE() B_SPLINE_CURVE(2,(#1644,#1645,#1646,#1647,
#1648,#1649,#1650),.UNSPECIFIED.,.T.,.F.) B_SPLINE_CURVE_WITH_KNOTS((1,2
    ,2,2,2,1),(-2.094395102393,0.,2.094395102393,4.188790204786,
6.28318530718,8.377580409573),.UNSPECIFIED.) CURVE() 
GEOMETRIC_REPRESENTATION_ITEM() RATIONAL_B_SPLINE_CURVE((1.,0.5,1.,0.5,
1.,0.5,1.)) REPRESENTATION_ITEM('') );
#1644 = CARTESIAN_POINT('',(20.977669529664,-17.67766952966));
#1645 = CARTESIAN_POINT('',(20.977669529664,-23.39343719464));
#1646 = CARTESIAN_POINT('',(16.027669529664,-20.53555336215));
#1647 = CARTESIAN_POINT('',(11.077669529664,-17.67766952966));
#1648 = CARTESIAN_POINT('',(16.027669529664,-14.81978569717));
#1649 = CARTESIAN_POINT('',(20.977669529664,-11.96190186468));
#1650 = CARTESIAN_POINT('',(20.977669529664,-17.67766952966));
#1651 = ( GEOMETRIC_REPRESENTATION_CONTEXT(2) 
PARAMETRIC_REPRESENTATION_CONTEXT() REPRESENTATION_CONTEXT('2D SPACE',''
  ) );
#1652 = PCURVE('',#656,#1653);
#1653 = DEFINITIONAL_REPRESENTATION('',(#1654),#1658);
#1654 = LINE('',#1655,#1656);
#1655 = CARTESIAN_POINT('',(-6.28318530718,-26.));
#1656 = VECTOR('',#1657,1.);
#1657 = DIRECTION('',(1.,-0.));
#1658 = ( GEOMETRIC_REPRESENTATION_CONTEXT(2) 
PARAMETRIC_REPRESENTATION_CONTEXT() REPRESENTATION_CONTEXT('2D SPACE',''
  ) );
#1659 = ORIENTED_EDGE('',*,*,#1660,.T.);
#1660 = EDGE_CURVE('',#1633,#1661,#1663,.T.);
#1661 = VERTEX_POINT('',#1662);
#1662 = CARTESIAN_POINT('',(15.262543549402,-19.92648399499,6.));
#1663 = SURFACE_CURVE('',#1664,(#1669,#1680),.PCURVE_S1.);
#1664 = CIRCLE('',#1665,3.3);
#1665 = AXIS2_PLACEMENT_3D('',#1666,#1667,#1668);
#1666 = CARTESIAN_POINT('',(17.677669529664,-17.67766952966,6.));
#1667 = DIRECTION('',(0.,0.,-1.));
#1668 = DIRECTION('',(1.,0.,0.));
#1669 = PCURVE('',#184,#1670);
#1670 = DEFINITIONAL_REPRESENTATION('',(#1671),#1679);
#1671 = ( BOUNDED_CURVE() B_SPLINE_CURVE(2,(#1672,#1673,#1674,#1675,
#1676,#1677,#1678),.UNSPECIFIED.,.T.,.F.) B_SPLINE_CURVE_WITH_KNOTS((1,2
    ,2,2,2,1),(-2.094395102393,0.,2.094395102393,4.188790204786,
6.28318530718,8.377580409573),.UNSPECIFIED.) CURVE() 
GEOMETRIC_REPRESENTATION_ITEM() RATIONAL_B_SPLINE_CURVE((1.,0.5,1.,0.5,
1.,0.5,1.)) REPRESENTATION_ITEM('') );
#1672 = CARTESIAN_POINT('',(20.977669529664,-17.67766952966));
#1673 = CARTESIAN_POINT('',(20.977669529664,-23.39343719464));
#1674 = CARTESIAN_POINT('',(16.027669529664,-20.53555336215));
#1675 = CARTESIAN_POINT('',(11.077669529664,-17.67766952966));
#1676 = CARTESIAN_POINT('',(16.027669529664,-14.81978569717));
#1677 = CARTESIAN_POINT('',(20.977669529664,-11.96190186468));
#1678 = CARTESIAN_POINT('',(20.977669529664,-17.67766952966));
#1679 = ( GEOMETRIC_REPRESENTATION_CONTEXT(2) 
PARAMETRIC_REPRESENTATION_CONTEXT() REPRESENTATION_CONTEXT('2D SPACE',''
  ) );
#1680 = PCURVE('',#656,#1681);
#1681 = DEFINITIONAL_REPRESENTATION('',(#1682),#1686);
#1682 = LINE('',#1683,#1684);
#1683 = CARTESIAN_POINT('',(-6.28318530718,-26.));
#1684 = VECTOR('',#1685,1.);
#1685 = DIRECTION('',(1.,-0.));
#1686 = ( GEOMETRIC_REPRESENTATION_CONTEXT(2) 
PARAMETRIC_REPRESENTATION_CONTEXT() REPRESENTATION_CONTEXT('2D SPACE',''
  ) );
#1687 = ORIENTED_EDGE('',*,*,#1688,.T.);
#1688 = EDGE_CURVE('',#1661,#1689,#1691,.T.);
#1689 = VERTEX_POINT('',#1690);
#1690 = CARTESIAN_POINT('',(-15.2625435494,-19.92648399499,6.));
#1691 = SURFACE_CURVE('',#1692,(#1697,#1708),.PCURVE_S1.);
#1692 = CIRCLE('',#1693,25.1);
#1693 = AXIS2_PLACEMENT_3D('',#1694,#1695,#1696);
#1694 = CARTESIAN_POINT('',(0.,0.,6.));
#1695 = DIRECTION('',(0.,0.,-1.));
#1696 = DIRECTION('',(0.793883824502,0.60806946412,0.));
#1697 = PCURVE('',#184,#1698);
#1698 = DEFINITIONAL_REPRESENTATION('',(#1699),#1707);
#1699 = ( BOUNDED_CURVE() B_SPLINE_CURVE(2,(#1700,#1701,#1702,#1703,
#1704,#1705,#1706),.UNSPECIFIED.,.T.,.F.) B_SPLINE_CURVE_WITH_KNOTS((1,2
    ,2,2,2,1),(-2.094395102393,0.,2.094395102393,4.188790204786,
6.28318530718,8.377580409573),.UNSPECIFIED.) CURVE() 
GEOMETRIC_REPRESENTATION_ITEM() RATIONAL_B_SPLINE_CURVE((1.,0.5,1.,0.5,
1.,0.5,1.)) REPRESENTATION_ITEM('') );
#1700 = CARTESIAN_POINT('',(19.926483994991,15.262543549402));
#1701 = CARTESIAN_POINT('',(46.361984875287,-19.25113914613));
#1702 = CARTESIAN_POINT('',(3.254508442653,-24.88811312246));
#1703 = CARTESIAN_POINT('',(-39.85296798998,-30.5250870988));
#1704 = CARTESIAN_POINT('',(-23.18099243764,9.625569573065));
#1705 = CARTESIAN_POINT('',(-6.509016885306,49.776226244933));
#1706 = CARTESIAN_POINT('',(19.926483994991,15.262543549402));
#1707 = ( GEOMETRIC_REPRESENTATION_CONTEXT(2) 
PARAMETRIC_REPRESENTATION_CONTEXT() REPRESENTATION_CONTEXT('2D SPACE',''
  ) );
#1708 = PCURVE('',#1709,#1714);
#1709 = CYLINDRICAL_SURFACE('',#1710,25.1);
#1710 = AXIS2_PLACEMENT_3D('',#1711,#1712,#1713);
#1711 = CARTESIAN_POINT('',(0.,0.,2.));
#1712 = DIRECTION('',(-0.,-0.,-1.));
#1713 = DIRECTION('',(1.,0.,0.));
#1714 = DEFINITIONAL_REPRESENTATION('',(#1715),#1719);
#1715 = LINE('',#1716,#1717);
#1716 = CARTESIAN_POINT('',(-6.936811865585,-4.));
#1717 = VECTOR('',#1718,1.);
#1718 = DIRECTION('',(1.,-0.));
#1719 = ( GEOMETRIC_REPRESENTATION_CONTEXT(2) 
PARAMETRIC_REPRESENTATION_CONTEXT() REPRESENTATION_CONTEXT('2D SPACE',''
  ) );
#1720 = ORIENTED_EDGE('',*,*,#1721,.T.);
#1721 = EDGE_CURVE('',#1689,#1722,#1724,.T.);
#1722 = VERTEX_POINT('',#1723);
#1723 = CARTESIAN_POINT('',(-19.92648399499,-15.2625435494,6.));
#1724 = SURFACE_CURVE('',#1725,(#1730,#1741),.PCURVE_S1.);
#1725 = CIRCLE('',#1726,3.3);
#1726 = AXIS2_PLACEMENT_3D('',#1727,#1728,#1729);
#1727 = CARTESIAN_POINT('',(-17.67766952966,-17.67766952966,6.));
#1728 = DIRECTION('',(0.,0.,-1.));
#1729 = DIRECTION('',(1.,0.,0.));
#1730 = PCURVE('',#184,#1731);
#1731 = DEFINITIONAL_REPRESENTATION('',(#1732),#1740);
#1732 = ( BOUNDED_CURVE() B_SPLINE_CURVE(2,(#1733,#1734,#1735,#1736,
#1737,#1738,#1739),.UNSPECIFIED.,.T.,.F.) B_SPLINE_CURVE_WITH_KNOTS((1,2
    ,2,2,2,1),(-2.094395102393,0.,2.094395102393,4.188790204786,
6.28318530718,8.377580409573),.UNSPECIFIED.) CURVE() 
GEOMETRIC_REPRESENTATION_ITEM() RATIONAL_B_SPLINE_CURVE((1.,0.5,1.,0.5,
1.,0.5,1.)) REPRESENTATION_ITEM('') );
#1733 = CARTESIAN_POINT('',(-14.37766952966,-17.67766952966));
#1734 = CARTESIAN_POINT('',(-14.37766952966,-23.39343719464));
#1735 = CARTESIAN_POINT('',(-19.32766952966,-20.53555336215));
#1736 = CARTESIAN_POINT('',(-24.27766952966,-17.67766952966));
#1737 = CARTESIAN_POINT('',(-19.32766952966,-14.81978569717));
#1738 = CARTESIAN_POINT('',(-14.37766952966,-11.96190186468));
#1739 = CARTESIAN_POINT('',(-14.37766952966,-17.67766952966));
#1740 = ( GEOMETRIC_REPRESENTATION_CONTEXT(2) 
PARAMETRIC_REPRESENTATION_CONTEXT() REPRESENTATION_CONTEXT('2D SPACE',''
  ) );
#1741 = PCURVE('',#746,#1742);
#1742 = DEFINITIONAL_REPRESENTATION('',(#1743),#1747);
#1743 = LINE('',#1744,#1745);
#1744 = CARTESIAN_POINT('',(-6.28318530718,-26.));
#1745 = VECTOR('',#1746,1.);
#1746 = DIRECTION('',(1.,-0.));
#1747 = ( GEOMETRIC_REPRESENTATION_CONTEXT(2) 
PARAMETRIC_REPRESENTATION_CONTEXT() REPRESENTATION_CONTEXT('2D SPACE',''
  ) );
#1748 = ORIENTED_EDGE('',*,*,#1749,.T.);
#1749 = EDGE_CURVE('',#1722,#1378,#1750,.T.);
#1750 = SURFACE_CURVE('',#1751,(#1756,#1767),.PCURVE_S1.);
#1751 = CIRCLE('',#1752,25.1);
#1752 = AXIS2_PLACEMENT_3D('',#1753,#1754,#1755);
#1753 = CARTESIAN_POINT('',(0.,0.,6.));
#1754 = DIRECTION('',(0.,0.,-1.));
#1755 = DIRECTION('',(0.793883824502,0.60806946412,0.));
#1756 = PCURVE('',#184,#1757);
#1757 = DEFINITIONAL_REPRESENTATION('',(#1758),#1766);
#1758 = ( BOUNDED_CURVE() B_SPLINE_CURVE(2,(#1759,#1760,#1761,#1762,
#1763,#1764,#1765),.UNSPECIFIED.,.T.,.F.) B_SPLINE_CURVE_WITH_KNOTS((1,2
    ,2,2,2,1),(-2.094395102393,0.,2.094395102393,4.188790204786,
6.28318530718,8.377580409573),.UNSPECIFIED.) CURVE() 
GEOMETRIC_REPRESENTATION_ITEM() RATIONAL_B_SPLINE_CURVE((1.,0.5,1.,0.5,
1.,0.5,1.)) REPRESENTATION_ITEM('') );
#1759 = CARTESIAN_POINT('',(19.926483994991,15.262543549402));
#1760 = CARTESIAN_POINT('',(46.361984875287,-19.25113914613));
#1761 = CARTESIAN_POINT('',(3.254508442653,-24.88811312246));
#1762 = CARTESIAN_POINT('',(-39.85296798998,-30.5250870988));
#1763 = CARTESIAN_POINT('',(-23.18099243764,9.625569573065));
#1764 = CARTESIAN_POINT('',(-6.509016885306,49.776226244933));
#1765 = CARTESIAN_POINT('',(19.926483994991,15.262543549402));
#1766 = ( GEOMETRIC_REPRESENTATION_CONTEXT(2) 
PARAMETRIC_REPRESENTATION_CONTEXT() REPRESENTATION_CONTEXT('2D SPACE',''
  ) );
#1767 = PCURVE('',#1768,#1773);
#1768 = CYLINDRICAL_SURFACE('',#1769,25.1);
#1769 = AXIS2_PLACEMENT_3D('',#1770,#1771,#1772);
#1770 = CARTESIAN_POINT('',(0.,0.,2.));
#1771 = DIRECTION('',(-0.,-0.,-1.));
#1772 = DIRECTION('',(1.,0.,0.));
#1773 = DEFINITIONAL_REPRESENTATION('',(#1774),#1778);
#1774 = LINE('',#1775,#1776);
#1775 = CARTESIAN_POINT('',(-6.936811865585,-4.));
#1776 = VECTOR('',#1777,1.);
#1777 = DIRECTION('',(1.,-0.));
#1778 = ( GEOMETRIC_REPRESENTATION_CONTEXT(2) 
PARAMETRIC_REPRESENTATION_CONTEXT() REPRESENTATION_CONTEXT('2D SPACE',''
  ) );
#1779 = FACE_BOUND('',#1780,.T.);
#1780 = EDGE_LOOP('',(#1781));
#1781 = ORIENTED_EDGE('',*,*,#1782,.T.);
#1782 = EDGE_CURVE('',#1783,#1783,#1785,.T.);
#1783 = VERTEX_POINT('',#1784);
#1784 = CARTESIAN_POINT('',(44.5,0.,6.));
#1785 = SURFACE_CURVE('',#1786,(#1791,#1802),.PCURVE_S1.);
#1786 = CIRCLE('',#1787,4.5);
#1787 = AXIS2_PLACEMENT_3D('',#1788,#1789,#1790);
#1788 = CARTESIAN_POINT('',(40.,0.,6.));
#1789 = DIRECTION('',(0.,0.,-1.));
#1790 = DIRECTION('',(1.,0.,0.));
#1791 = PCURVE('',#184,#1792);
#1792 = DEFINITIONAL_REPRESENTATION('',(#1793),#1801);
#1793 = ( BOUNDED_CURVE() B_SPLINE_CURVE(2,(#1794,#1795,#1796,#1797,
#1798,#1799,#1800),.UNSPECIFIED.,.T.,.F.) B_SPLINE_CURVE_WITH_KNOTS((1,2
    ,2,2,2,1),(-2.094395102393,0.,2.094395102393,4.188790204786,
6.28318530718,8.377580409573),.UNSPECIFIED.) CURVE() 
GEOMETRIC_REPRESENTATION_ITEM() RATIONAL_B_SPLINE_CURVE((1.,0.5,1.,0.5,
1.,0.5,1.)) REPRESENTATION_ITEM('') );
#1794 = CARTESIAN_POINT('',(44.5,-1.687072141469E-15));
#1795 = CARTESIAN_POINT('',(44.5,-7.79422863406));
#1796 = CARTESIAN_POINT('',(37.75,-3.89711431703));
#1797 = CARTESIAN_POINT('',(31.,-2.789254260702E-15));
#1798 = CARTESIAN_POINT('',(37.75,3.89711431703));
#1799 = CARTESIAN_POINT('',(44.5,7.79422863406));
#1800 = CARTESIAN_POINT('',(44.5,-1.687072141469E-15));
#1801 = ( GEOMETRIC_REPRESENTATION_CONTEXT(2) 
PARAMETRIC_REPRESENTATION_CONTEXT() REPRESENTATION_CONTEXT('2D SPACE',''
  ) );
#1802 = PCURVE('',#955,#1803);
#1803 = DEFINITIONAL_REPRESENTATION('',(#1804),#1808);
#1804 = LINE('',#1805,#1806);
#1805 = CARTESIAN_POINT('',(-6.28318530718,-26.));
#1806 = VECTOR('',#1807,1.);
#1807 = DIRECTION('',(1.,-0.));
#1808 = ( GEOMETRIC_REPRESENTATION_CONTEXT(2) 
PARAMETRIC_REPRESENTATION_CONTEXT() REPRESENTATION_CONTEXT('2D SPACE',''
  ) );
#1809 = FACE_BOUND('',#1810,.T.);
#1810 = EDGE_LOOP('',(#1811));
#1811 = ORIENTED_EDGE('',*,*,#1812,.T.);
#1812 = EDGE_CURVE('',#1813,#1813,#1815,.T.);
#1813 = VERTEX_POINT('',#1814);
#1814 = CARTESIAN_POINT('',(-15.5,34.641016151378,6.));
#1815 = SURFACE_CURVE('',#1816,(#1821,#1832),.PCURVE_S1.);
#1816 = CIRCLE('',#1817,4.5);
#1817 = AXIS2_PLACEMENT_3D('',#1818,#1819,#1820);
#1818 = CARTESIAN_POINT('',(-20.,34.641016151378,6.));
#1819 = DIRECTION('',(0.,0.,-1.));
#1820 = DIRECTION('',(1.,0.,0.));
#1821 = PCURVE('',#184,#1822);
#1822 = DEFINITIONAL_REPRESENTATION('',(#1823),#1831);
#1823 = ( BOUNDED_CURVE() B_SPLINE_CURVE(2,(#1824,#1825,#1826,#1827,
#1828,#1829,#1830),.UNSPECIFIED.,.T.,.F.) B_SPLINE_CURVE_WITH_KNOTS((1,2
    ,2,2,2,1),(-2.094395102393,0.,2.094395102393,4.188790204786,
6.28318530718,8.377580409573),.UNSPECIFIED.) CURVE() 
GEOMETRIC_REPRESENTATION_ITEM() RATIONAL_B_SPLINE_CURVE((1.,0.5,1.,0.5,
1.,0.5,1.)) REPRESENTATION_ITEM('') );
#1824 = CARTESIAN_POINT('',(-15.5,34.641016151378));
#1825 = CARTESIAN_POINT('',(-15.5,26.846787517318));
#1826 = CARTESIAN_POINT('',(-22.25,30.743901834348));
#1827 = CARTESIAN_POINT('',(-29.,34.641016151378));
#1828 = CARTESIAN_POINT('',(-22.25,38.538130468408));
#1829 = CARTESIAN_POINT('',(-15.5,42.435244785437));
#1830 = CARTESIAN_POINT('',(-15.5,34.641016151378));
#1831 = ( GEOMETRIC_REPRESENTATION_CONTEXT(2) 
PARAMETRIC_REPRESENTATION_CONTEXT() REPRESENTATION_CONTEXT('2D SPACE',''
  ) );
#1832 = PCURVE('',#990,#1833);
#1833 = DEFINITIONAL_REPRESENTATION('',(#1834),#1838);
#1834 = LINE('',#1835,#1836);
#1835 = CARTESIAN_POINT('',(-6.28318530718,-26.));
#1836 = VECTOR('',#1837,1.);
#1837 = DIRECTION('',(1.,-0.));
#1838 = ( GEOMETRIC_REPRESENTATION_CONTEXT(2) 
PARAMETRIC_REPRESENTATION_CONTEXT() REPRESENTATION_CONTEXT('2D SPACE',''
  ) );
#1839 = FACE_BOUND('',#1840,.T.);
#1840 = EDGE_LOOP('',(#1841));
#1841 = ORIENTED_EDGE('',*,*,#1842,.T.);
#1842 = EDGE_CURVE('',#1843,#1843,#1845,.T.);
#1843 = VERTEX_POINT('',#1844);
#1844 = CARTESIAN_POINT('',(24.5,34.641016151378,6.));
#1845 = SURFACE_CURVE('',#1846,(#1851,#1862),.PCURVE_S1.);
#1846 = CIRCLE('',#1847,4.5);
#1847 = AXIS2_PLACEMENT_3D('',#1848,#1849,#1850);
#1848 = CARTESIAN_POINT('',(20.,34.641016151378,6.));
#1849 = DIRECTION('',(0.,0.,-1.));
#1850 = DIRECTION('',(1.,0.,0.));
#1851 = PCURVE('',#184,#1852);
#1852 = DEFINITIONAL_REPRESENTATION('',(#1853),#1861);
#1853 = ( BOUNDED_CURVE() B_SPLINE_CURVE(2,(#1854,#1855,#1856,#1857,
#1858,#1859,#1860),.UNSPECIFIED.,.T.,.F.) B_SPLINE_CURVE_WITH_KNOTS((1,2
    ,2,2,2,1),(-2.094395102393,0.,2.094395102393,4.188790204786,
6.28318530718,8.377580409573),.UNSPECIFIED.) CURVE() 
GEOMETRIC_REPRESENTATION_ITEM() RATIONAL_B_SPLINE_CURVE((1.,0.5,1.,0.5,
1.,0.5,1.)) REPRESENTATION_ITEM('') );
#1854 = CARTESIAN_POINT('',(24.5,34.641016151378));
#1855 = CARTESIAN_POINT('',(24.5,26.846787517318));
#1856 = CARTESIAN_POINT('',(17.75,30.743901834348));
#1857 = CARTESIAN_POINT('',(11.,34.641016151378));
#1858 = CARTESIAN_POINT('',(17.75,38.538130468408));
#1859 = CARTESIAN_POINT('',(24.5,42.435244785437));
#1860 = CARTESIAN_POINT('',(24.5,34.641016151378));
#1861 = ( GEOMETRIC_REPRESENTATION_CONTEXT(2) 
PARAMETRIC_REPRESENTATION_CONTEXT() REPRESENTATION_CONTEXT('2D SPACE',''
  ) );
#1862 = PCURVE('',#1025,#1863);
#1863 = DEFINITIONAL_REPRESENTATION('',(#1864),#1868);
#1864 = LINE('',#1865,#1866);
#1865 = CARTESIAN_POINT('',(-6.28318530718,-26.));
#1866 = VECTOR('',#1867,1.);
#1867 = DIRECTION('',(1.,-0.));
#1868 = ( GEOMETRIC_REPRESENTATION_CONTEXT(2) 
PARAMETRIC_REPRESENTATION_CONTEXT() REPRESENTATION_CONTEXT('2D SPACE',''
  ) );
#1869 = FACE_BOUND('',#1870,.T.);
#1870 = EDGE_LOOP('',(#1871,#1894,#1922,#1943));
#1871 = ORIENTED_EDGE('',*,*,#1872,.F.);
#1872 = EDGE_CURVE('',#1873,#1875,#1877,.T.);
#1873 = VERTEX_POINT('',#1874);
#1874 = CARTESIAN_POINT('',(-4.1,41.4,6.));
#1875 = VERTEX_POINT('',#1876);
#1876 = CARTESIAN_POINT('',(-4.1,38.6,6.));
#1877 = SURFACE_CURVE('',#1878,(#1882,#1888),.PCURVE_S1.);
#1878 = LINE('',#1879,#1880);
#1879 = CARTESIAN_POINT('',(-4.1,19.3,6.));
#1880 = VECTOR('',#1881,1.);
#1881 = DIRECTION('',(-1.110223024625E-16,-1.,0.));
#1882 = PCURVE('',#184,#1883);
#1883 = DEFINITIONAL_REPRESENTATION('',(#1884),#1887);
#1884 = B_SPLINE_CURVE_WITH_KNOTS('',1,(#1885,#1886),.UNSPECIFIED.,.F.,
  .F.,(2,2),(-22.1,-19.3),.PIECEWISE_BEZIER_KNOTS.);
#1885 = CARTESIAN_POINT('',(-4.1,41.4));
#1886 = CARTESIAN_POINT('',(-4.1,38.6));
#1887 = ( GEOMETRIC_REPRESENTATION_CONTEXT(2) 
PARAMETRIC_REPRESENTATION_CONTEXT() REPRESENTATION_CONTEXT('2D SPACE',''
  ) );
#1888 = PCURVE('',#1056,#1889);
#1889 = DEFINITIONAL_REPRESENTATION('',(#1890),#1893);
#1890 = B_SPLINE_CURVE_WITH_KNOTS('',1,(#1891,#1892),.UNSPECIFIED.,.F.,
  .F.,(2,2),(-22.1,-19.3),.PIECEWISE_BEZIER_KNOTS.);
#1891 = CARTESIAN_POINT('',(2.8,-26.));
#1892 = CARTESIAN_POINT('',(0.,-26.));
#1893 = ( GEOMETRIC_REPRESENTATION_CONTEXT(2) 
PARAMETRIC_REPRESENTATION_CONTEXT() REPRESENTATION_CONTEXT('2D SPACE',''
  ) );
#1894 = ORIENTED_EDGE('',*,*,#1895,.T.);
#1895 = EDGE_CURVE('',#1873,#1896,#1898,.T.);
#1896 = VERTEX_POINT('',#1897);
#1897 = CARTESIAN_POINT('',(4.1,41.4,6.));
#1898 = SURFACE_CURVE('',#1899,(#1904,#1915),.PCURVE_S1.);
#1899 = CIRCLE('',#1900,4.1);
#1900 = AXIS2_PLACEMENT_3D('',#1901,#1902,#1903);
#1901 = CARTESIAN_POINT('',(2.922668544626E-15,41.4,6.));
#1902 = DIRECTION('',(0.,0.,-1.));
#1903 = DIRECTION('',(-1.,1.110223024625E-16,0.));
#1904 = PCURVE('',#184,#1905);
#1905 = DEFINITIONAL_REPRESENTATION('',(#1906),#1914);
#1906 = ( BOUNDED_CURVE() B_SPLINE_CURVE(2,(#1907,#1908,#1909,#1910,
#1911,#1912,#1913),.UNSPECIFIED.,.T.,.F.) B_SPLINE_CURVE_WITH_KNOTS((1,2
    ,2,2,2,1),(-2.094395102393,0.,2.094395102393,4.188790204786,
6.28318530718,8.377580409573),.UNSPECIFIED.) CURVE() 
GEOMETRIC_REPRESENTATION_ITEM() RATIONAL_B_SPLINE_CURVE((1.,0.5,1.,0.5,
1.,0.5,1.)) REPRESENTATION_ITEM('') );
#1907 = CARTESIAN_POINT('',(-4.1,41.4));
#1908 = CARTESIAN_POINT('',(-4.1,48.501408311032));
#1909 = CARTESIAN_POINT('',(2.05,44.950704155516));
#1910 = CARTESIAN_POINT('',(8.2,41.4));
#1911 = CARTESIAN_POINT('',(2.05,37.849295844484));
#1912 = CARTESIAN_POINT('',(-4.1,34.298591688968));
#1913 = CARTESIAN_POINT('',(-4.1,41.4));
#1914 = ( GEOMETRIC_REPRESENTATION_CONTEXT(2) 
PARAMETRIC_REPRESENTATION_CONTEXT() REPRESENTATION_CONTEXT('2D SPACE',''
  ) );
#1915 = PCURVE('',#1088,#1916);
#1916 = DEFINITIONAL_REPRESENTATION('',(#1917),#1921);
#1917 = LINE('',#1918,#1919);
#1918 = CARTESIAN_POINT('',(0.,-26.));
#1919 = VECTOR('',#1920,1.);
#1920 = DIRECTION('',(1.,0.));
#1921 = ( GEOMETRIC_REPRESENTATION_CONTEXT(2) 
PARAMETRIC_REPRESENTATION_CONTEXT() REPRESENTATION_CONTEXT('2D SPACE',''
  ) );
#1922 = ORIENTED_EDGE('',*,*,#1923,.F.);
#1923 = EDGE_CURVE('',#1924,#1896,#1926,.T.);
#1924 = VERTEX_POINT('',#1925);
#1925 = CARTESIAN_POINT('',(4.1,38.6,6.));
#1926 = SURFACE_CURVE('',#1927,(#1931,#1937),.PCURVE_S1.);
#1927 = LINE('',#1928,#1929);
#1928 = CARTESIAN_POINT('',(4.1,20.7,6.));
#1929 = VECTOR('',#1930,1.);
#1930 = DIRECTION('',(1.110223024625E-16,1.,-0.));
#1931 = PCURVE('',#184,#1932);
#1932 = DEFINITIONAL_REPRESENTATION('',(#1933),#1936);
#1933 = B_SPLINE_CURVE_WITH_KNOTS('',1,(#1934,#1935),.UNSPECIFIED.,.F.,
  .F.,(2,2),(17.9,20.7),.PIECEWISE_BEZIER_KNOTS.);
#1934 = CARTESIAN_POINT('',(4.1,38.6));
#1935 = CARTESIAN_POINT('',(4.1,41.4));
#1936 = ( GEOMETRIC_REPRESENTATION_CONTEXT(2) 
PARAMETRIC_REPRESENTATION_CONTEXT() REPRESENTATION_CONTEXT('2D SPACE',''
  ) );
#1937 = PCURVE('',#1115,#1938);
#1938 = DEFINITIONAL_REPRESENTATION('',(#1939),#1942);
#1939 = B_SPLINE_CURVE_WITH_KNOTS('',1,(#1940,#1941),.UNSPECIFIED.,.F.,
  .F.,(2,2),(17.9,20.7),.PIECEWISE_BEZIER_KNOTS.);
#1940 = CARTESIAN_POINT('',(2.8,-26.));
#1941 = CARTESIAN_POINT('',(0.,-26.));
#1942 = ( GEOMETRIC_REPRESENTATION_CONTEXT(2) 
PARAMETRIC_REPRESENTATION_CONTEXT() REPRESENTATION_CONTEXT('2D SPACE',''
  ) );
#1943 = ORIENTED_EDGE('',*,*,#1944,.T.);
#1944 = EDGE_CURVE('',#1924,#1875,#1945,.T.);
#1945 = SURFACE_CURVE('',#1946,(#1951,#1962),.PCURVE_S1.);
#1946 = CIRCLE('',#1947,4.1);
#1947 = AXIS2_PLACEMENT_3D('',#1948,#1949,#1950);
#1948 = CARTESIAN_POINT('',(1.975918651964E-15,38.6,6.));
#1949 = DIRECTION('',(0.,-0.,-1.));
#1950 = DIRECTION('',(1.,-1.110223024625E-16,0.));
#1951 = PCURVE('',#184,#1952);
#1952 = DEFINITIONAL_REPRESENTATION('',(#1953),#1961);
#1953 = ( BOUNDED_CURVE() B_SPLINE_CURVE(2,(#1954,#1955,#1956,#1957,
#1958,#1959,#1960),.UNSPECIFIED.,.T.,.F.) B_SPLINE_CURVE_WITH_KNOTS((1,2
    ,2,2,2,1),(-2.094395102393,0.,2.094395102393,4.188790204786,
6.28318530718,8.377580409573),.UNSPECIFIED.) CURVE() 
GEOMETRIC_REPRESENTATION_ITEM() RATIONAL_B_SPLINE_CURVE((1.,0.5,1.,0.5,
1.,0.5,1.)) REPRESENTATION_ITEM('') );
#1954 = CARTESIAN_POINT('',(4.1,38.6));
#1955 = CARTESIAN_POINT('',(4.1,31.498591688968));
#1956 = CARTESIAN_POINT('',(-2.05,35.049295844484));
#1957 = CARTESIAN_POINT('',(-8.2,38.6));
#1958 = CARTESIAN_POINT('',(-2.05,42.150704155516));
#1959 = CARTESIAN_POINT('',(4.1,45.701408311032));
#1960 = CARTESIAN_POINT('',(4.1,38.6));
#1961 = ( GEOMETRIC_REPRESENTATION_CONTEXT(2) 
PARAMETRIC_REPRESENTATION_CONTEXT() REPRESENTATION_CONTEXT('2D SPACE',''
  ) );
#1962 = PCURVE('',#1145,#1963);
#1963 = DEFINITIONAL_REPRESENTATION('',(#1964),#1968);
#1964 = LINE('',#1965,#1966);
#1965 = CARTESIAN_POINT('',(0.,-26.));
#1966 = VECTOR('',#1967,1.);
#1967 = DIRECTION('',(1.,0.));
#1968 = ( GEOMETRIC_REPRESENTATION_CONTEXT(2) 
PARAMETRIC_REPRESENTATION_CONTEXT() REPRESENTATION_CONTEXT('2D SPACE',''
  ) );
#1969 = ADVANCED_FACE('',(#1970,#2053,#2084,#2115),#346,.F.);
#1970 = FACE_BOUND('',#1971,.F.);
#1971 = EDGE_LOOP('',(#1972,#2000,#2001,#2002,#2003,#2027));
#1972 = ORIENTED_EDGE('',*,*,#1973,.F.);
#1973 = EDGE_CURVE('',#1162,#1974,#1976,.T.);
#1974 = VERTEX_POINT('',#1975);
#1975 = CARTESIAN_POINT('',(21.920310216783,53.033008588991,-19.05));
#1976 = SURFACE_CURVE('',#1977,(#1982,#1993),.PCURVE_S1.);
#1977 = CIRCLE('',#1978,6.);
#1978 = AXIS2_PLACEMENT_3D('',#1979,#1980,#1981);
#1979 = CARTESIAN_POINT('',(21.920310216783,53.033008588991,-13.05));
#1980 = DIRECTION('',(-0.707106781187,-0.707106781187,-0.));
#1981 = DIRECTION('',(0.,0.,-1.));
#1982 = PCURVE('',#346,#1983);
#1983 = DEFINITIONAL_REPRESENTATION('',(#1984),#1992);
#1984 = ( BOUNDED_CURVE() B_SPLINE_CURVE(2,(#1985,#1986,#1987,#1988,
#1989,#1990,#1991),.UNSPECIFIED.,.T.,.F.) B_SPLINE_CURVE_WITH_KNOTS((1,2
    ,2,2,2,1),(-2.094395102393,0.,2.094395102393,4.188790204786,
6.28318530718,8.377580409573),.UNSPECIFIED.) CURVE() 
GEOMETRIC_REPRESENTATION_ITEM() RATIONAL_B_SPLINE_CURVE((1.,0.5,1.,0.5,
1.,0.5,1.)) REPRESENTATION_ITEM('') );
#1985 = CARTESIAN_POINT('',(6.,3.552713678801E-15));
#1986 = CARTESIAN_POINT('',(16.392304845413,3.552713678801E-15));
#1987 = CARTESIAN_POINT('',(11.196152422707,-9.));
#1988 = CARTESIAN_POINT('',(6.,-18.));
#1989 = CARTESIAN_POINT('',(0.803847577293,-9.));
#1990 = CARTESIAN_POINT('',(-4.392304845413,-6.217248937901E-15));
#1991 = CARTESIAN_POINT('',(6.,3.552713678801E-15));
#1992 = ( GEOMETRIC_REPRESENTATION_CONTEXT(2) 
PARAMETRIC_REPRESENTATION_CONTEXT() REPRESENTATION_CONTEXT('2D SPACE',''
  ) );
#1993 = PCURVE('',#1200,#1994);
#1994 = DEFINITIONAL_REPRESENTATION('',(#1995),#1999);
#1995 = LINE('',#1996,#1997);
#1996 = CARTESIAN_POINT('',(-4.712388980385,6.));
#1997 = VECTOR('',#1998,1.);
#1998 = DIRECTION('',(1.,0.));
#1999 = ( GEOMETRIC_REPRESENTATION_CONTEXT(2) 
PARAMETRIC_REPRESENTATION_CONTEXT() REPRESENTATION_CONTEXT('2D SPACE',''
  ) );
#2000 = ORIENTED_EDGE('',*,*,#1161,.T.);
#2001 = ORIENTED_EDGE('',*,*,#363,.F.);
#2002 = ORIENTED_EDGE('',*,*,#332,.F.);
#2003 = ORIENTED_EDGE('',*,*,#2004,.T.);
#2004 = EDGE_CURVE('',#305,#2005,#2007,.T.);
#2005 = VERTEX_POINT('',#2006);
#2006 = CARTESIAN_POINT('',(53.033008588991,21.920310216783,-19.05));
#2007 = SURFACE_CURVE('',#2008,(#2013,#2020),.PCURVE_S1.);
#2008 = CIRCLE('',#2009,6.);
#2009 = AXIS2_PLACEMENT_3D('',#2010,#2011,#2012);
#2010 = CARTESIAN_POINT('',(53.033008588991,21.920310216783,-13.05));
#2011 = DIRECTION('',(0.707106781187,0.707106781187,-0.));
#2012 = DIRECTION('',(0.,0.,1.));
#2013 = PCURVE('',#346,#2014);
#2014 = DEFINITIONAL_REPRESENTATION('',(#2015),#2019);
#2015 = CIRCLE('',#2016,6.);
#2016 = AXIS2_PLACEMENT_2D('',#2017,#2018);
#2017 = CARTESIAN_POINT('',(50.,-6.));
#2018 = DIRECTION('',(0.,-1.));
#2019 = ( GEOMETRIC_REPRESENTATION_CONTEXT(2) 
PARAMETRIC_REPRESENTATION_CONTEXT() REPRESENTATION_CONTEXT('2D SPACE',''
  ) );
#2020 = PCURVE('',#320,#2021);
#2021 = DEFINITIONAL_REPRESENTATION('',(#2022),#2026);
#2022 = LINE('',#2023,#2024);
#2023 = CARTESIAN_POINT('',(-1.570796326795,0.));
#2024 = VECTOR('',#2025,1.);
#2025 = DIRECTION('',(1.,0.));
#2026 = ( GEOMETRIC_REPRESENTATION_CONTEXT(2) 
PARAMETRIC_REPRESENTATION_CONTEXT() REPRESENTATION_CONTEXT('2D SPACE',''
  ) );
#2027 = ORIENTED_EDGE('',*,*,#2028,.F.);
#2028 = EDGE_CURVE('',#1974,#2005,#2029,.T.);
#2029 = SURFACE_CURVE('',#2030,(#2034,#2041),.PCURVE_S1.);
#2030 = LINE('',#2031,#2032);
#2031 = CARTESIAN_POINT('',(17.677669529664,57.27564927611,-19.05));
#2032 = VECTOR('',#2033,1.);
#2033 = DIRECTION('',(0.707106781187,-0.707106781187,0.));
#2034 = PCURVE('',#346,#2035);
#2035 = DEFINITIONAL_REPRESENTATION('',(#2036),#2040);
#2036 = LINE('',#2037,#2038);
#2037 = CARTESIAN_POINT('',(0.,0.));
#2038 = VECTOR('',#2039,1.);
#2039 = DIRECTION('',(1.,0.));
#2040 = ( GEOMETRIC_REPRESENTATION_CONTEXT(2) 
PARAMETRIC_REPRESENTATION_CONTEXT() REPRESENTATION_CONTEXT('2D SPACE',''
  ) );
#2041 = PCURVE('',#2042,#2047);
#2042 = PLANE('',#2043);
#2043 = AXIS2_PLACEMENT_3D('',#2044,#2045,#2046);
#2044 = CARTESIAN_POINT('',(39.597979746447,39.597979746447,-19.05));
#2045 = DIRECTION('',(0.,0.,1.));
#2046 = DIRECTION('',(0.707106781187,0.707106781187,0.));
#2047 = DEFINITIONAL_REPRESENTATION('',(#2048),#2052);
#2048 = LINE('',#2049,#2050);
#2049 = CARTESIAN_POINT('',(-3.,28.));
#2050 = VECTOR('',#2051,1.);
#2051 = DIRECTION('',(-1.014653635757E-17,-1.));
#2052 = ( GEOMETRIC_REPRESENTATION_CONTEXT(2) 
PARAMETRIC_REPRESENTATION_CONTEXT() REPRESENTATION_CONTEXT('2D SPACE',''
  ) );
#2053 = FACE_BOUND('',#2054,.F.);
#2054 = EDGE_LOOP('',(#2055));
#2055 = ORIENTED_EDGE('',*,*,#2056,.F.);
#2056 = EDGE_CURVE('',#2057,#2057,#2059,.T.);
#2057 = VERTEX_POINT('',#2058);
#2058 = CARTESIAN_POINT('',(21.56675682619,53.386561979584,-4.9));
#2059 = SURFACE_CURVE('',#2060,(#2065,#2072),.PCURVE_S1.);
#2060 = CIRCLE('',#2061,3.3);
#2061 = AXIS2_PLACEMENT_3D('',#2062,#2063,#2064);
#2062 = CARTESIAN_POINT('',(21.56675682619,53.386561979584,-8.2));
#2063 = DIRECTION('',(0.707106781187,0.707106781187,-0.));
#2064 = DIRECTION('',(0.,0.,1.));
#2065 = PCURVE('',#346,#2066);
#2066 = DEFINITIONAL_REPRESENTATION('',(#2067),#2071);
#2067 = CIRCLE('',#2068,3.3);
#2068 = AXIS2_PLACEMENT_2D('',#2069,#2070);
#2069 = CARTESIAN_POINT('',(5.5,-10.85));
#2070 = DIRECTION('',(0.,-1.));
#2071 = ( GEOMETRIC_REPRESENTATION_CONTEXT(2) 
PARAMETRIC_REPRESENTATION_CONTEXT() REPRESENTATION_CONTEXT('2D SPACE',''
  ) );
#2072 = PCURVE('',#2073,#2078);
#2073 = CONICAL_SURFACE('',#2074,3.3,0.785398163397);
#2074 = AXIS2_PLACEMENT_3D('',#2075,#2076,#2077);
#2075 = CARTESIAN_POINT('',(21.56675682619,53.386561979584,-8.2));
#2076 = DIRECTION('',(-0.707106781187,-0.707106781187,-0.));
#2077 = DIRECTION('',(0.,0.,1.));
#2078 = DEFINITIONAL_REPRESENTATION('',(#2079),#2083);
#2079 = LINE('',#2080,#2081);
#2080 = CARTESIAN_POINT('',(-0.,-0.));
#2081 = VECTOR('',#2082,1.);
#2082 = DIRECTION('',(-1.,-0.));
#2083 = ( GEOMETRIC_REPRESENTATION_CONTEXT(2) 
PARAMETRIC_REPRESENTATION_CONTEXT() REPRESENTATION_CONTEXT('2D SPACE',''
  ) );
#2084 = FACE_BOUND('',#2085,.F.);
#2085 = EDGE_LOOP('',(#2086));
#2086 = ORIENTED_EDGE('',*,*,#2087,.F.);
#2087 = EDGE_CURVE('',#2088,#2088,#2090,.T.);
#2088 = VERTEX_POINT('',#2089);
#2089 = CARTESIAN_POINT('',(37.476659402887,37.476659402887,-2.55));
#2090 = SURFACE_CURVE('',#2091,(#2096,#2103),.PCURVE_S1.);
#2091 = CIRCLE('',#2092,6.35);
#2092 = AXIS2_PLACEMENT_3D('',#2093,#2094,#2095);
#2093 = CARTESIAN_POINT('',(37.476659402887,37.476659402887,-8.9));
#2094 = DIRECTION('',(0.707106781187,0.707106781187,-0.));
#2095 = DIRECTION('',(0.,0.,1.));
#2096 = PCURVE('',#346,#2097);
#2097 = DEFINITIONAL_REPRESENTATION('',(#2098),#2102);
#2098 = CIRCLE('',#2099,6.35);
#2099 = AXIS2_PLACEMENT_2D('',#2100,#2101);
#2100 = CARTESIAN_POINT('',(28.,-10.15));
#2101 = DIRECTION('',(0.,-1.));
#2102 = ( GEOMETRIC_REPRESENTATION_CONTEXT(2) 
PARAMETRIC_REPRESENTATION_CONTEXT() REPRESENTATION_CONTEXT('2D SPACE',''
  ) );
#2103 = PCURVE('',#2104,#2109);
#2104 = CONICAL_SURFACE('',#2105,6.35,0.715584993318);
#2105 = AXIS2_PLACEMENT_3D('',#2106,#2107,#2108);
#2106 = CARTESIAN_POINT('',(37.476659402887,37.476659402887,-8.9));
#2107 = DIRECTION('',(-0.707106781187,-0.707106781187,-0.));
#2108 = DIRECTION('',(0.,0.,1.));
#2109 = DEFINITIONAL_REPRESENTATION('',(#2110),#2114);
#2110 = LINE('',#2111,#2112);
#2111 = CARTESIAN_POINT('',(-0.,-0.));
#2112 = VECTOR('',#2113,1.);
#2113 = DIRECTION('',(-1.,-0.));
#2114 = ( GEOMETRIC_REPRESENTATION_CONTEXT(2) 
PARAMETRIC_REPRESENTATION_CONTEXT() REPRESENTATION_CONTEXT('2D SPACE',''
  ) );
#2115 = FACE_BOUND('',#2116,.F.);
#2116 = EDGE_LOOP('',(#2117));
#2117 = ORIENTED_EDGE('',*,*,#2118,.F.);
#2118 = EDGE_CURVE('',#2119,#2119,#2121,.T.);
#2119 = VERTEX_POINT('',#2120);
#2120 = CARTESIAN_POINT('',(53.386561979584,21.56675682619,-4.9));
#2121 = SURFACE_CURVE('',#2122,(#2127,#2134),.PCURVE_S1.);
#2122 = CIRCLE('',#2123,3.3);
#2123 = AXIS2_PLACEMENT_3D('',#2124,#2125,#2126);
#2124 = CARTESIAN_POINT('',(53.386561979584,21.56675682619,-8.2));
#2125 = DIRECTION('',(0.707106781187,0.707106781187,-0.));
#2126 = DIRECTION('',(0.,0.,1.));
#2127 = PCURVE('',#346,#2128);
#2128 = DEFINITIONAL_REPRESENTATION('',(#2129),#2133);
#2129 = CIRCLE('',#2130,3.3);
#2130 = AXIS2_PLACEMENT_2D('',#2131,#2132);
#2131 = CARTESIAN_POINT('',(50.5,-10.85));
#2132 = DIRECTION('',(0.,-1.));
#2133 = ( GEOMETRIC_REPRESENTATION_CONTEXT(2) 
PARAMETRIC_REPRESENTATION_CONTEXT() REPRESENTATION_CONTEXT('2D SPACE',''
  ) );
#2134 = PCURVE('',#2135,#2140);
#2135 = CONICAL_SURFACE('',#2136,3.3,0.785398163397);
#2136 = AXIS2_PLACEMENT_3D('',#2137,#2138,#2139);
#2137 = CARTESIAN_POINT('',(53.386561979584,21.56675682619,-8.2));
#2138 = DIRECTION('',(-0.707106781187,-0.707106781187,-0.));
#2139 = DIRECTION('',(0.,0.,1.));
#2140 = DEFINITIONAL_REPRESENTATION('',(#2141),#2145);
#2141 = LINE('',#2142,#2143);
#2142 = CARTESIAN_POINT('',(-0.,-0.));
#2143 = VECTOR('',#2144,1.);
#2144 = DIRECTION('',(-1.,-0.));
#2145 = ( GEOMETRIC_REPRESENTATION_CONTEXT(2) 
PARAMETRIC_REPRESENTATION_CONTEXT() REPRESENTATION_CONTEXT('2D SPACE',''
  ) );
#2146 = ADVANCED_FACE('',(#2147),#320,.T.);
#2147 = FACE_BOUND('',#2148,.T.);
#2148 = EDGE_LOOP('',(#2149,#2150,#2173,#2199));
#2149 = ORIENTED_EDGE('',*,*,#2004,.T.);
#2150 = ORIENTED_EDGE('',*,*,#2151,.T.);
#2151 = EDGE_CURVE('',#2005,#2152,#2154,.T.);
#2152 = VERTEX_POINT('',#2153);
#2153 = CARTESIAN_POINT('',(57.27564927611,26.162950903902,-19.05));
#2154 = SURFACE_CURVE('',#2155,(#2159,#2166),.PCURVE_S1.);
#2155 = LINE('',#2156,#2157);
#2156 = CARTESIAN_POINT('',(53.033008588991,21.920310216783,-19.05));
#2157 = VECTOR('',#2158,1.);
#2158 = DIRECTION('',(0.707106781187,0.707106781187,0.));
#2159 = PCURVE('',#320,#2160);
#2160 = DEFINITIONAL_REPRESENTATION('',(#2161),#2165);
#2161 = LINE('',#2162,#2163);
#2162 = CARTESIAN_POINT('',(1.570796326795,0.));
#2163 = VECTOR('',#2164,1.);
#2164 = DIRECTION('',(0.,1.));
#2165 = ( GEOMETRIC_REPRESENTATION_CONTEXT(2) 
PARAMETRIC_REPRESENTATION_CONTEXT() REPRESENTATION_CONTEXT('2D SPACE',''
  ) );
#2166 = PCURVE('',#2042,#2167);
#2167 = DEFINITIONAL_REPRESENTATION('',(#2168),#2172);
#2168 = LINE('',#2169,#2170);
#2169 = CARTESIAN_POINT('',(-3.,-22.));
#2170 = VECTOR('',#2171,1.);
#2171 = DIRECTION('',(1.,1.014653635757E-17));
#2172 = ( GEOMETRIC_REPRESENTATION_CONTEXT(2) 
PARAMETRIC_REPRESENTATION_CONTEXT() REPRESENTATION_CONTEXT('2D SPACE',''
  ) );
#2173 = ORIENTED_EDGE('',*,*,#2174,.F.);
#2174 = EDGE_CURVE('',#277,#2152,#2175,.T.);
#2175 = SURFACE_CURVE('',#2176,(#2181,#2188),.PCURVE_S1.);
#2176 = CIRCLE('',#2177,6.);
#2177 = AXIS2_PLACEMENT_3D('',#2178,#2179,#2180);
#2178 = CARTESIAN_POINT('',(57.27564927611,26.162950903902,-13.05));
#2179 = DIRECTION('',(0.707106781187,0.707106781187,-0.));
#2180 = DIRECTION('',(0.,0.,1.));
#2181 = PCURVE('',#320,#2182);
#2182 = DEFINITIONAL_REPRESENTATION('',(#2183),#2187);
#2183 = LINE('',#2184,#2185);
#2184 = CARTESIAN_POINT('',(-1.570796326795,6.));
#2185 = VECTOR('',#2186,1.);
#2186 = DIRECTION('',(1.,0.));
#2187 = ( GEOMETRIC_REPRESENTATION_CONTEXT(2) 
PARAMETRIC_REPRESENTATION_CONTEXT() REPRESENTATION_CONTEXT('2D SPACE',''
  ) );
#2188 = PCURVE('',#292,#2189);
#2189 = DEFINITIONAL_REPRESENTATION('',(#2190),#2198);
#2190 = ( BOUNDED_CURVE() B_SPLINE_CURVE(2,(#2191,#2192,#2193,#2194,
#2195,#2196,#2197),.UNSPECIFIED.,.T.,.F.) B_SPLINE_CURVE_WITH_KNOTS((1,2
    ,2,2,2,1),(-2.094395102393,0.,2.094395102393,4.188790204786,
6.28318530718,8.377580409573),.UNSPECIFIED.) CURVE() 
GEOMETRIC_REPRESENTATION_ITEM() RATIONAL_B_SPLINE_CURVE((1.,0.5,1.,0.5,
1.,0.5,1.)) REPRESENTATION_ITEM('') );
#2191 = CARTESIAN_POINT('',(6.,-12.));
#2192 = CARTESIAN_POINT('',(-4.392304845413,-12.));
#2193 = CARTESIAN_POINT('',(0.803847577293,-3.));
#2194 = CARTESIAN_POINT('',(6.,6.));
#2195 = CARTESIAN_POINT('',(11.196152422707,-3.));
#2196 = CARTESIAN_POINT('',(16.392304845413,-12.));
#2197 = CARTESIAN_POINT('',(6.,-12.));
#2198 = ( GEOMETRIC_REPRESENTATION_CONTEXT(2) 
PARAMETRIC_REPRESENTATION_CONTEXT() REPRESENTATION_CONTEXT('2D SPACE',''
  ) );
#2199 = ORIENTED_EDGE('',*,*,#304,.F.);
#2200 = ADVANCED_FACE('',(#2201,#2252,#2283,#2314),#292,.F.);
#2201 = FACE_BOUND('',#2202,.F.);
#2202 = EDGE_LOOP('',(#2203,#2204,#2205,#2206,#2207,#2231));
#2203 = ORIENTED_EDGE('',*,*,#2174,.F.);
#2204 = ORIENTED_EDGE('',*,*,#276,.T.);
#2205 = ORIENTED_EDGE('',*,*,#1263,.T.);
#2206 = ORIENTED_EDGE('',*,*,#1212,.F.);
#2207 = ORIENTED_EDGE('',*,*,#2208,.T.);
#2208 = EDGE_CURVE('',#1185,#2209,#2211,.T.);
#2209 = VERTEX_POINT('',#2210);
#2210 = CARTESIAN_POINT('',(26.162950903902,57.27564927611,-19.05));
#2211 = SURFACE_CURVE('',#2212,(#2217,#2224),.PCURVE_S1.);
#2212 = CIRCLE('',#2213,6.);
#2213 = AXIS2_PLACEMENT_3D('',#2214,#2215,#2216);
#2214 = CARTESIAN_POINT('',(26.162950903902,57.27564927611,-13.05));
#2215 = DIRECTION('',(-0.707106781187,-0.707106781187,-0.));
#2216 = DIRECTION('',(0.,0.,-1.));
#2217 = PCURVE('',#292,#2218);
#2218 = DEFINITIONAL_REPRESENTATION('',(#2219),#2223);
#2219 = CIRCLE('',#2220,6.);
#2220 = AXIS2_PLACEMENT_2D('',#2221,#2222);
#2221 = CARTESIAN_POINT('',(50.,-6.));
#2222 = DIRECTION('',(0.,1.));
#2223 = ( GEOMETRIC_REPRESENTATION_CONTEXT(2) 
PARAMETRIC_REPRESENTATION_CONTEXT() REPRESENTATION_CONTEXT('2D SPACE',''
  ) );
#2224 = PCURVE('',#1200,#2225);
#2225 = DEFINITIONAL_REPRESENTATION('',(#2226),#2230);
#2226 = LINE('',#2227,#2228);
#2227 = CARTESIAN_POINT('',(-4.712388980385,0.));
#2228 = VECTOR('',#2229,1.);
#2229 = DIRECTION('',(1.,0.));
#2230 = ( GEOMETRIC_REPRESENTATION_CONTEXT(2) 
PARAMETRIC_REPRESENTATION_CONTEXT() REPRESENTATION_CONTEXT('2D SPACE',''
  ) );
#2231 = ORIENTED_EDGE('',*,*,#2232,.F.);
#2232 = EDGE_CURVE('',#2152,#2209,#2233,.T.);
#2233 = SURFACE_CURVE('',#2234,(#2238,#2245),.PCURVE_S1.);
#2234 = LINE('',#2235,#2236);
#2235 = CARTESIAN_POINT('',(61.51828996323,21.920310216783,-19.05));
#2236 = VECTOR('',#2237,1.);
#2237 = DIRECTION('',(-0.707106781187,0.707106781187,0.));
#2238 = PCURVE('',#292,#2239);
#2239 = DEFINITIONAL_REPRESENTATION('',(#2240),#2244);
#2240 = LINE('',#2241,#2242);
#2241 = CARTESIAN_POINT('',(0.,0.));
#2242 = VECTOR('',#2243,1.);
#2243 = DIRECTION('',(1.,0.));
#2244 = ( GEOMETRIC_REPRESENTATION_CONTEXT(2) 
PARAMETRIC_REPRESENTATION_CONTEXT() REPRESENTATION_CONTEXT('2D SPACE',''
  ) );
#2245 = PCURVE('',#2042,#2246);
#2246 = DEFINITIONAL_REPRESENTATION('',(#2247),#2251);
#2247 = LINE('',#2248,#2249);
#2248 = CARTESIAN_POINT('',(3.,-28.));
#2249 = VECTOR('',#2250,1.);
#2250 = DIRECTION('',(1.014653635757E-17,1.));
#2251 = ( GEOMETRIC_REPRESENTATION_CONTEXT(2) 
PARAMETRIC_REPRESENTATION_CONTEXT() REPRESENTATION_CONTEXT('2D SPACE',''
  ) );
#2252 = FACE_BOUND('',#2253,.F.);
#2253 = EDGE_LOOP('',(#2254));
#2254 = ORIENTED_EDGE('',*,*,#2255,.F.);
#2255 = EDGE_CURVE('',#2256,#2256,#2258,.T.);
#2256 = VERTEX_POINT('',#2257);
#2257 = CARTESIAN_POINT('',(56.427121138686,27.011479041326,-8.2));
#2258 = SURFACE_CURVE('',#2259,(#2264,#2271),.PCURVE_S1.);
#2259 = CIRCLE('',#2260,1.7);
#2260 = AXIS2_PLACEMENT_3D('',#2261,#2262,#2263);
#2261 = CARTESIAN_POINT('',(57.629202666704,25.809397513309,-8.2));
#2262 = DIRECTION('',(-0.707106781187,-0.707106781187,-0.));
#2263 = DIRECTION('',(-0.707106781187,0.707106781187,0.));
#2264 = PCURVE('',#292,#2265);
#2265 = DEFINITIONAL_REPRESENTATION('',(#2266),#2270);
#2266 = CIRCLE('',#2267,1.7);
#2267 = AXIS2_PLACEMENT_2D('',#2268,#2269);
#2268 = CARTESIAN_POINT('',(5.5,-10.85));
#2269 = DIRECTION('',(1.,0.));
#2270 = ( GEOMETRIC_REPRESENTATION_CONTEXT(2) 
PARAMETRIC_REPRESENTATION_CONTEXT() REPRESENTATION_CONTEXT('2D SPACE',''
  ) );
#2271 = PCURVE('',#2272,#2277);
#2272 = CYLINDRICAL_SURFACE('',#2273,1.7);
#2273 = AXIS2_PLACEMENT_3D('',#2274,#2275,#2276);
#2274 = CARTESIAN_POINT('',(52.679455198398,20.859650045003,-8.2));
#2275 = DIRECTION('',(-0.707106781187,-0.707106781187,-0.));
#2276 = DIRECTION('',(-0.707106781187,0.707106781187,0.));
#2277 = DEFINITIONAL_REPRESENTATION('',(#2278),#2282);
#2278 = LINE('',#2279,#2280);
#2279 = CARTESIAN_POINT('',(-6.28318530718,-7.));
#2280 = VECTOR('',#2281,1.);
#2281 = DIRECTION('',(1.,-0.));
#2282 = ( GEOMETRIC_REPRESENTATION_CONTEXT(2) 
PARAMETRIC_REPRESENTATION_CONTEXT() REPRESENTATION_CONTEXT('2D SPACE',''
  ) );
#2283 = FACE_BOUND('',#2284,.F.);
#2284 = EDGE_LOOP('',(#2285));
#2285 = ORIENTED_EDGE('',*,*,#2286,.F.);
#2286 = EDGE_CURVE('',#2287,#2287,#2289,.T.);
#2287 = VERTEX_POINT('',#2288);
#2288 = CARTESIAN_POINT('',(39.385847712091,44.052752467922,-8.9));
#2289 = SURFACE_CURVE('',#2290,(#2295,#2302),.PCURVE_S1.);
#2290 = CIRCLE('',#2291,3.3);
#2291 = AXIS2_PLACEMENT_3D('',#2292,#2293,#2294);
#2292 = CARTESIAN_POINT('',(41.719300090006,41.719300090006,-8.9));
#2293 = DIRECTION('',(-0.707106781187,-0.707106781187,-0.));
#2294 = DIRECTION('',(-0.707106781187,0.707106781187,0.));
#2295 = PCURVE('',#292,#2296);
#2296 = DEFINITIONAL_REPRESENTATION('',(#2297),#2301);
#2297 = CIRCLE('',#2298,3.3);
#2298 = AXIS2_PLACEMENT_2D('',#2299,#2300);
#2299 = CARTESIAN_POINT('',(28.,-10.15));
#2300 = DIRECTION('',(1.,0.));
#2301 = ( GEOMETRIC_REPRESENTATION_CONTEXT(2) 
PARAMETRIC_REPRESENTATION_CONTEXT() REPRESENTATION_CONTEXT('2D SPACE',''
  ) );
#2302 = PCURVE('',#2303,#2308);
#2303 = CYLINDRICAL_SURFACE('',#2304,3.3);
#2304 = AXIS2_PLACEMENT_3D('',#2305,#2306,#2307);
#2305 = CARTESIAN_POINT('',(36.7695526217,36.7695526217,-8.9));
#2306 = DIRECTION('',(-0.707106781187,-0.707106781187,-0.));
#2307 = DIRECTION('',(-0.707106781187,0.707106781187,0.));
#2308 = DEFINITIONAL_REPRESENTATION('',(#2309),#2313);
#2309 = LINE('',#2310,#2311);
#2310 = CARTESIAN_POINT('',(-6.28318530718,-7.));
#2311 = VECTOR('',#2312,1.);
#2312 = DIRECTION('',(1.,-0.));
#2313 = ( GEOMETRIC_REPRESENTATION_CONTEXT(2) 
PARAMETRIC_REPRESENTATION_CONTEXT() REPRESENTATION_CONTEXT('2D SPACE',''
  ) );
#2314 = FACE_BOUND('',#2315,.F.);
#2315 = EDGE_LOOP('',(#2316));
#2316 = ORIENTED_EDGE('',*,*,#2317,.F.);
#2317 = EDGE_CURVE('',#2318,#2318,#2320,.T.);
#2318 = VERTEX_POINT('',#2319);
#2319 = CARTESIAN_POINT('',(24.607315985292,58.831284194721,-8.2));
#2320 = SURFACE_CURVE('',#2321,(#2326,#2333),.PCURVE_S1.);
#2321 = CIRCLE('',#2322,1.7);
#2322 = AXIS2_PLACEMENT_3D('',#2323,#2324,#2325);
#2323 = CARTESIAN_POINT('',(25.809397513309,57.629202666704,-8.2));
#2324 = DIRECTION('',(-0.707106781187,-0.707106781187,-0.));
#2325 = DIRECTION('',(-0.707106781187,0.707106781187,0.));
#2326 = PCURVE('',#292,#2327);
#2327 = DEFINITIONAL_REPRESENTATION('',(#2328),#2332);
#2328 = CIRCLE('',#2329,1.7);
#2329 = AXIS2_PLACEMENT_2D('',#2330,#2331);
#2330 = CARTESIAN_POINT('',(50.5,-10.85));
#2331 = DIRECTION('',(1.,0.));
#2332 = ( GEOMETRIC_REPRESENTATION_CONTEXT(2) 
PARAMETRIC_REPRESENTATION_CONTEXT() REPRESENTATION_CONTEXT('2D SPACE',''
  ) );
#2333 = PCURVE('',#2334,#2339);
#2334 = CYLINDRICAL_SURFACE('',#2335,1.7);
#2335 = AXIS2_PLACEMENT_3D('',#2336,#2337,#2338);
#2336 = CARTESIAN_POINT('',(20.859650045003,52.679455198398,-8.2));
#2337 = DIRECTION('',(-0.707106781187,-0.707106781187,-0.));
#2338 = DIRECTION('',(-0.707106781187,0.707106781187,0.));
#2339 = DEFINITIONAL_REPRESENTATION('',(#2340),#2344);
#2340 = LINE('',#2341,#2342);
#2341 = CARTESIAN_POINT('',(-6.28318530718,-7.));
#2342 = VECTOR('',#2343,1.);
#2343 = DIRECTION('',(1.,-0.));
#2344 = ( GEOMETRIC_REPRESENTATION_CONTEXT(2) 
PARAMETRIC_REPRESENTATION_CONTEXT() REPRESENTATION_CONTEXT('2D SPACE',''
  ) );
#2345 = ADVANCED_FACE('',(#2346),#430,.F.);
#2346 = FACE_BOUND('',#2347,.T.);
#2347 = EDGE_LOOP('',(#2348,#2349,#2370,#2371));
#2348 = ORIENTED_EDGE('',*,*,#409,.T.);
#2349 = ORIENTED_EDGE('',*,*,#2350,.T.);
#2350 = EDGE_CURVE('',#410,#1288,#2351,.T.);
#2351 = SEAM_CURVE('',#2352,(#2356,#2363),.PCURVE_S1.);
#2352 = LINE('',#2353,#2354);
#2353 = CARTESIAN_POINT('',(-15.5,-34.64101615137,-20.));
#2354 = VECTOR('',#2355,1.);
#2355 = DIRECTION('',(0.,0.,1.));
#2356 = PCURVE('',#430,#2357);
#2357 = DEFINITIONAL_REPRESENTATION('',(#2358),#2362);
#2358 = LINE('',#2359,#2360);
#2359 = CARTESIAN_POINT('',(-6.28318530718,0.));
#2360 = VECTOR('',#2361,1.);
#2361 = DIRECTION('',(-0.,-1.));
#2362 = ( GEOMETRIC_REPRESENTATION_CONTEXT(2) 
PARAMETRIC_REPRESENTATION_CONTEXT() REPRESENTATION_CONTEXT('2D SPACE',''
  ) );
#2363 = PCURVE('',#430,#2364);
#2364 = DEFINITIONAL_REPRESENTATION('',(#2365),#2369);
#2365 = LINE('',#2366,#2367);
#2366 = CARTESIAN_POINT('',(-0.,0.));
#2367 = VECTOR('',#2368,1.);
#2368 = DIRECTION('',(-0.,-1.));
#2369 = ( GEOMETRIC_REPRESENTATION_CONTEXT(2) 
PARAMETRIC_REPRESENTATION_CONTEXT() REPRESENTATION_CONTEXT('2D SPACE',''
  ) );
#2370 = ORIENTED_EDGE('',*,*,#1287,.F.);
#2371 = ORIENTED_EDGE('',*,*,#2350,.F.);
#2372 = ADVANCED_FACE('',(#2373),#465,.F.);
#2373 = FACE_BOUND('',#2374,.T.);
#2374 = EDGE_LOOP('',(#2375,#2376,#2397,#2398));
#2375 = ORIENTED_EDGE('',*,*,#444,.T.);
#2376 = ORIENTED_EDGE('',*,*,#2377,.T.);
#2377 = EDGE_CURVE('',#445,#1318,#2378,.T.);
#2378 = SEAM_CURVE('',#2379,(#2383,#2390),.PCURVE_S1.);
#2379 = LINE('',#2380,#2381);
#2380 = CARTESIAN_POINT('',(-35.5,4.898587196589E-15,-20.));
#2381 = VECTOR('',#2382,1.);
#2382 = DIRECTION('',(0.,0.,1.));
#2383 = PCURVE('',#465,#2384);
#2384 = DEFINITIONAL_REPRESENTATION('',(#2385),#2389);
#2385 = LINE('',#2386,#2387);
#2386 = CARTESIAN_POINT('',(-6.28318530718,0.));
#2387 = VECTOR('',#2388,1.);
#2388 = DIRECTION('',(-0.,-1.));
#2389 = ( GEOMETRIC_REPRESENTATION_CONTEXT(2) 
PARAMETRIC_REPRESENTATION_CONTEXT() REPRESENTATION_CONTEXT('2D SPACE',''
  ) );
#2390 = PCURVE('',#465,#2391);
#2391 = DEFINITIONAL_REPRESENTATION('',(#2392),#2396);
#2392 = LINE('',#2393,#2394);
#2393 = CARTESIAN_POINT('',(-0.,0.));
#2394 = VECTOR('',#2395,1.);
#2395 = DIRECTION('',(-0.,-1.));
#2396 = ( GEOMETRIC_REPRESENTATION_CONTEXT(2) 
PARAMETRIC_REPRESENTATION_CONTEXT() REPRESENTATION_CONTEXT('2D SPACE',''
  ) );
#2397 = ORIENTED_EDGE('',*,*,#1317,.F.);
#2398 = ORIENTED_EDGE('',*,*,#2377,.F.);
#2399 = ADVANCED_FACE('',(#2400),#500,.F.);
#2400 = FACE_BOUND('',#2401,.T.);
#2401 = EDGE_LOOP('',(#2402,#2403,#2424,#2425));
#2402 = ORIENTED_EDGE('',*,*,#479,.T.);
#2403 = ORIENTED_EDGE('',*,*,#2404,.T.);
#2404 = EDGE_CURVE('',#480,#1348,#2405,.T.);
#2405 = SEAM_CURVE('',#2406,(#2410,#2417),.PCURVE_S1.);
#2406 = LINE('',#2407,#2408);
#2407 = CARTESIAN_POINT('',(24.5,-34.64101615137,-20.));
#2408 = VECTOR('',#2409,1.);
#2409 = DIRECTION('',(0.,0.,1.));
#2410 = PCURVE('',#500,#2411);
#2411 = DEFINITIONAL_REPRESENTATION('',(#2412),#2416);
#2412 = LINE('',#2413,#2414);
#2413 = CARTESIAN_POINT('',(-6.28318530718,0.));
#2414 = VECTOR('',#2415,1.);
#2415 = DIRECTION('',(-0.,-1.));
#2416 = ( GEOMETRIC_REPRESENTATION_CONTEXT(2) 
PARAMETRIC_REPRESENTATION_CONTEXT() REPRESENTATION_CONTEXT('2D SPACE',''
  ) );
#2417 = PCURVE('',#500,#2418);
#2418 = DEFINITIONAL_REPRESENTATION('',(#2419),#2423);
#2419 = LINE('',#2420,#2421);
#2420 = CARTESIAN_POINT('',(-0.,0.));
#2421 = VECTOR('',#2422,1.);
#2422 = DIRECTION('',(-0.,-1.));
#2423 = ( GEOMETRIC_REPRESENTATION_CONTEXT(2) 
PARAMETRIC_REPRESENTATION_CONTEXT() REPRESENTATION_CONTEXT('2D SPACE',''
  ) );
#2424 = ORIENTED_EDGE('',*,*,#1347,.F.);
#2425 = ORIENTED_EDGE('',*,*,#2404,.F.);
#2426 = ADVANCED_FACE('',(#2427),#533,.T.);
#2427 = FACE_BOUND('',#2428,.F.);
#2428 = EDGE_LOOP('',(#2429,#2460,#2479,#2480));
#2429 = ORIENTED_EDGE('',*,*,#2430,.F.);
#2430 = EDGE_CURVE('',#2431,#2433,#2435,.T.);
#2431 = VERTEX_POINT('',#2432);
#2432 = CARTESIAN_POINT('',(15.130472102606,19.775712729312,-3.));
#2433 = VERTEX_POINT('',#2434);
#2434 = CARTESIAN_POINT('',(3.1,24.706274506692,-3.));
#2435 = SURFACE_CURVE('',#2436,(#2441,#2448),.PCURVE_S1.);
#2436 = CIRCLE('',#2437,24.9);
#2437 = AXIS2_PLACEMENT_3D('',#2438,#2439,#2440);
#2438 = CARTESIAN_POINT('',(0.,0.,-3.));
#2439 = DIRECTION('',(0.,-0.,1.));
#2440 = DIRECTION('',(0.607649482032,0.794205330494,0.));
#2441 = PCURVE('',#533,#2442);
#2442 = DEFINITIONAL_REPRESENTATION('',(#2443),#2447);
#2443 = LINE('',#2444,#2445);
#2444 = CARTESIAN_POINT('',(-0.917698683377,0.));
#2445 = VECTOR('',#2446,1.);
#2446 = DIRECTION('',(-1.,0.));
#2447 = ( GEOMETRIC_REPRESENTATION_CONTEXT(2) 
PARAMETRIC_REPRESENTATION_CONTEXT() REPRESENTATION_CONTEXT('2D SPACE',''
  ) );
#2448 = PCURVE('',#2449,#2454);
#2449 = PLANE('',#2450);
#2450 = AXIS2_PLACEMENT_3D('',#2451,#2452,#2453);
#2451 = CARTESIAN_POINT('',(-1.757352780774E-15,1.619572327868E-15,-3.)
  );
#2452 = DIRECTION('',(0.,0.,1.));
#2453 = DIRECTION('',(1.,0.,-0.));
#2454 = DEFINITIONAL_REPRESENTATION('',(#2455),#2459);
#2455 = CIRCLE('',#2456,24.9);
#2456 = AXIS2_PLACEMENT_2D('',#2457,#2458);
#2457 = CARTESIAN_POINT('',(1.757352780774E-15,-1.619572327868E-15));
#2458 = DIRECTION('',(0.607649482032,0.794205330494));
#2459 = ( GEOMETRIC_REPRESENTATION_CONTEXT(2) 
PARAMETRIC_REPRESENTATION_CONTEXT() REPRESENTATION_CONTEXT('2D SPACE',''
  ) );
#2460 = ORIENTED_EDGE('',*,*,#2461,.F.);
#2461 = EDGE_CURVE('',#515,#2431,#2462,.T.);
#2462 = SURFACE_CURVE('',#2463,(#2467,#2473),.PCURVE_S1.);
#2463 = LINE('',#2464,#2465);
#2464 = CARTESIAN_POINT('',(15.130472102606,19.775712729312,-3.));
#2465 = VECTOR('',#2466,1.);
#2466 = DIRECTION('',(-0.,-0.,-1.));
#2467 = PCURVE('',#533,#2468);
#2468 = DEFINITIONAL_REPRESENTATION('',(#2469),#2472);
#2469 = B_SPLINE_CURVE_WITH_KNOTS('',1,(#2470,#2471),.UNSPECIFIED.,.F.,
  .F.,(2,2),(-3.,0.),.PIECEWISE_BEZIER_KNOTS.);
#2470 = CARTESIAN_POINT('',(-0.917698683377,-3.));
#2471 = CARTESIAN_POINT('',(-0.917698683377,0.));
#2472 = ( GEOMETRIC_REPRESENTATION_CONTEXT(2) 
PARAMETRIC_REPRESENTATION_CONTEXT() REPRESENTATION_CONTEXT('2D SPACE',''
  ) );
#2473 = PCURVE('',#566,#2474);
#2474 = DEFINITIONAL_REPRESENTATION('',(#2475),#2478);
#2475 = B_SPLINE_CURVE_WITH_KNOTS('',1,(#2476,#2477),.UNSPECIFIED.,.F.,
  .F.,(2,2),(-3.0000006,5.999999999062E-07),.PIECEWISE_BEZIER_KNOTS.);
#2476 = CARTESIAN_POINT('',(-2.452586113075,-20.0000006));
#2477 = CARTESIAN_POINT('',(-2.452586113075,-16.9999994));
#2478 = ( GEOMETRIC_REPRESENTATION_CONTEXT(2) 
PARAMETRIC_REPRESENTATION_CONTEXT() REPRESENTATION_CONTEXT('2D SPACE',''
  ) );
#2479 = ORIENTED_EDGE('',*,*,#514,.T.);
#2480 = ORIENTED_EDGE('',*,*,#2481,.T.);
#2481 = EDGE_CURVE('',#517,#2433,#2482,.T.);
#2482 = SURFACE_CURVE('',#2483,(#2487,#2493),.PCURVE_S1.);
#2483 = LINE('',#2484,#2485);
#2484 = CARTESIAN_POINT('',(3.1,24.706274506692,-3.));
#2485 = VECTOR('',#2486,1.);
#2486 = DIRECTION('',(-0.,-0.,-1.));
#2487 = PCURVE('',#533,#2488);
#2488 = DEFINITIONAL_REPRESENTATION('',(#2489),#2492);
#2489 = B_SPLINE_CURVE_WITH_KNOTS('',1,(#2490,#2491),.UNSPECIFIED.,.F.,
  .F.,(2,2),(-3.0000006,5.999999999062E-07),.PIECEWISE_BEZIER_KNOTS.);
#2490 = CARTESIAN_POINT('',(-1.445974456059,-3.0000006));
#2491 = CARTESIAN_POINT('',(-1.445974456059,5.999999999062E-07));
#2492 = ( GEOMETRIC_REPRESENTATION_CONTEXT(2) 
PARAMETRIC_REPRESENTATION_CONTEXT() REPRESENTATION_CONTEXT('2D SPACE',''
  ) );
#2493 = PCURVE('',#921,#2494);
#2494 = DEFINITIONAL_REPRESENTATION('',(#2495),#2498);
#2495 = B_SPLINE_CURVE_WITH_KNOTS('',1,(#2496,#2497),.UNSPECIFIED.,.F.,
  .F.,(2,2),(-3.0000006,5.999999999062E-07),.PIECEWISE_BEZIER_KNOTS.);
#2496 = CARTESIAN_POINT('',(1.693725493308,-20.0000006));
#2497 = CARTESIAN_POINT('',(1.693725493308,-16.9999994));
#2498 = ( GEOMETRIC_REPRESENTATION_CONTEXT(2) 
PARAMETRIC_REPRESENTATION_CONTEXT() REPRESENTATION_CONTEXT('2D SPACE',''
  ) );
#2499 = ADVANCED_FACE('',(#2500),#566,.F.);
#2500 = FACE_BOUND('',#2501,.T.);
#2501 = EDGE_LOOP('',(#2502,#2503,#2524,#2525,#2546,#2579,#2598,#2599,
    #2600,#2601,#2622,#2648));
#2502 = ORIENTED_EDGE('',*,*,#545,.T.);
#2503 = ORIENTED_EDGE('',*,*,#2504,.T.);
#2504 = EDGE_CURVE('',#546,#1544,#2505,.T.);
#2505 = SEAM_CURVE('',#2506,(#2510,#2517),.PCURVE_S1.);
#2506 = LINE('',#2507,#2508);
#2507 = CARTESIAN_POINT('',(20.977669529664,17.677669529664,-20.));
#2508 = VECTOR('',#2509,1.);
#2509 = DIRECTION('',(0.,0.,1.));
#2510 = PCURVE('',#566,#2511);
#2511 = DEFINITIONAL_REPRESENTATION('',(#2512),#2516);
#2512 = LINE('',#2513,#2514);
#2513 = CARTESIAN_POINT('',(-6.28318530718,0.));
#2514 = VECTOR('',#2515,1.);
#2515 = DIRECTION('',(-0.,-1.));
#2516 = ( GEOMETRIC_REPRESENTATION_CONTEXT(2) 
PARAMETRIC_REPRESENTATION_CONTEXT() REPRESENTATION_CONTEXT('2D SPACE',''
  ) );
#2517 = PCURVE('',#566,#2518);
#2518 = DEFINITIONAL_REPRESENTATION('',(#2519),#2523);
#2519 = LINE('',#2520,#2521);
#2520 = CARTESIAN_POINT('',(-0.,0.));
#2521 = VECTOR('',#2522,1.);
#2522 = DIRECTION('',(-0.,-1.));
#2523 = ( GEOMETRIC_REPRESENTATION_CONTEXT(2) 
PARAMETRIC_REPRESENTATION_CONTEXT() REPRESENTATION_CONTEXT('2D SPACE',''
  ) );
#2524 = ORIENTED_EDGE('',*,*,#1543,.F.);
#2525 = ORIENTED_EDGE('',*,*,#2526,.T.);
#2526 = EDGE_CURVE('',#1511,#2527,#2529,.T.);
#2527 = VERTEX_POINT('',#2528);
#2528 = CARTESIAN_POINT('',(15.262543549402,19.926483994991,2.));
#2529 = SURFACE_CURVE('',#2530,(#2534,#2540),.PCURVE_S1.);
#2530 = LINE('',#2531,#2532);
#2531 = CARTESIAN_POINT('',(15.262543549402,19.926483994991,2.));
#2532 = VECTOR('',#2533,1.);
#2533 = DIRECTION('',(-0.,-0.,-1.));
#2534 = PCURVE('',#566,#2535);
#2535 = DEFINITIONAL_REPRESENTATION('',(#2536),#2539);
#2536 = B_SPLINE_CURVE_WITH_KNOTS('',1,(#2537,#2538),.UNSPECIFIED.,.F.,
  .F.,(2,2),(-4.0000006,5.999999999062E-07),.PIECEWISE_BEZIER_KNOTS.);
#2537 = CARTESIAN_POINT('',(-2.391838400878,-26.0000006));
#2538 = CARTESIAN_POINT('',(-2.391838400878,-21.9999994));
#2539 = ( GEOMETRIC_REPRESENTATION_CONTEXT(2) 
PARAMETRIC_REPRESENTATION_CONTEXT() REPRESENTATION_CONTEXT('2D SPACE',''
  ) );
#2540 = PCURVE('',#1531,#2541);
#2541 = DEFINITIONAL_REPRESENTATION('',(#2542),#2545);
#2542 = B_SPLINE_CURVE_WITH_KNOTS('',1,(#2543,#2544),.UNSPECIFIED.,.F.,
  .F.,(2,2),(-4.,0.),.PIECEWISE_BEZIER_KNOTS.);
#2543 = CARTESIAN_POINT('',(-0.91716976839,-4.));
#2544 = CARTESIAN_POINT('',(-0.91716976839,0.));
#2545 = ( GEOMETRIC_REPRESENTATION_CONTEXT(2) 
PARAMETRIC_REPRESENTATION_CONTEXT() REPRESENTATION_CONTEXT('2D SPACE',''
  ) );
#2546 = ORIENTED_EDGE('',*,*,#2547,.F.);
#2547 = EDGE_CURVE('',#2548,#2527,#2550,.T.);
#2548 = VERTEX_POINT('',#2549);
#2549 = CARTESIAN_POINT('',(19.926483994991,15.262543549402,2.));
#2550 = SURFACE_CURVE('',#2551,(#2556,#2563),.PCURVE_S1.);
#2551 = CIRCLE('',#2552,3.3);
#2552 = AXIS2_PLACEMENT_3D('',#2553,#2554,#2555);
#2553 = CARTESIAN_POINT('',(17.677669529664,17.677669529664,2.));
#2554 = DIRECTION('',(0.,0.,-1.));
#2555 = DIRECTION('',(1.,0.,0.));
#2556 = PCURVE('',#566,#2557);
#2557 = DEFINITIONAL_REPRESENTATION('',(#2558),#2562);
#2558 = LINE('',#2559,#2560);
#2559 = CARTESIAN_POINT('',(-6.28318530718,-22.));
#2560 = VECTOR('',#2561,1.);
#2561 = DIRECTION('',(1.,-0.));
#2562 = ( GEOMETRIC_REPRESENTATION_CONTEXT(2) 
PARAMETRIC_REPRESENTATION_CONTEXT() REPRESENTATION_CONTEXT('2D SPACE',''
  ) );
#2563 = PCURVE('',#2564,#2569);
#2564 = PLANE('',#2565);
#2565 = AXIS2_PLACEMENT_3D('',#2566,#2567,#2568);
#2566 = CARTESIAN_POINT('',(-1.743349969771E-15,7.187288144848E-16,2.));
#2567 = DIRECTION('',(0.,0.,1.));
#2568 = DIRECTION('',(1.,0.,-0.));
#2569 = DEFINITIONAL_REPRESENTATION('',(#2570),#2578);
#2570 = ( BOUNDED_CURVE() B_SPLINE_CURVE(2,(#2571,#2572,#2573,#2574,
#2575,#2576,#2577),.UNSPECIFIED.,.T.,.F.) B_SPLINE_CURVE_WITH_KNOTS((1,2
    ,2,2,2,1),(-2.094395102393,0.,2.094395102393,4.188790204786,
6.28318530718,8.377580409573),.UNSPECIFIED.) CURVE() 
GEOMETRIC_REPRESENTATION_ITEM() RATIONAL_B_SPLINE_CURVE((1.,0.5,1.,0.5,
1.,0.5,1.)) REPRESENTATION_ITEM('') );
#2571 = CARTESIAN_POINT('',(20.977669529664,17.677669529664));
#2572 = CARTESIAN_POINT('',(20.977669529664,11.961901864686));
#2573 = CARTESIAN_POINT('',(16.027669529664,14.819785697175));
#2574 = CARTESIAN_POINT('',(11.077669529664,17.677669529664));
#2575 = CARTESIAN_POINT('',(16.027669529664,20.535553362152));
#2576 = CARTESIAN_POINT('',(20.977669529664,23.393437194641));
#2577 = CARTESIAN_POINT('',(20.977669529664,17.677669529664));
#2578 = ( GEOMETRIC_REPRESENTATION_CONTEXT(2) 
PARAMETRIC_REPRESENTATION_CONTEXT() REPRESENTATION_CONTEXT('2D SPACE',''
  ) );
#2579 = ORIENTED_EDGE('',*,*,#2580,.F.);
#2580 = EDGE_CURVE('',#1572,#2548,#2581,.T.);
#2581 = SURFACE_CURVE('',#2582,(#2586,#2592),.PCURVE_S1.);
#2582 = LINE('',#2583,#2584);
#2583 = CARTESIAN_POINT('',(19.926483994991,15.262543549402,2.));
#2584 = VECTOR('',#2585,1.);
#2585 = DIRECTION('',(-0.,-0.,-1.));
#2586 = PCURVE('',#566,#2587);
#2587 = DEFINITIONAL_REPRESENTATION('',(#2588),#2591);
#2588 = B_SPLINE_CURVE_WITH_KNOTS('',1,(#2589,#2590),.UNSPECIFIED.,.F.,
  .F.,(2,2),(-4.0000006,5.999999999062E-07),.PIECEWISE_BEZIER_KNOTS.);
#2589 = CARTESIAN_POINT('',(-5.462143233096,-26.0000006));
#2590 = CARTESIAN_POINT('',(-5.462143233096,-21.9999994));
#2591 = ( GEOMETRIC_REPRESENTATION_CONTEXT(2) 
PARAMETRIC_REPRESENTATION_CONTEXT() REPRESENTATION_CONTEXT('2D SPACE',''
  ) );
#2592 = PCURVE('',#1620,#2593);
#2593 = DEFINITIONAL_REPRESENTATION('',(#2594),#2597);
#2594 = B_SPLINE_CURVE_WITH_KNOTS('',1,(#2595,#2596),.UNSPECIFIED.,.F.,
  .F.,(2,2),(-4.,0.),.PIECEWISE_BEZIER_KNOTS.);
#2595 = CARTESIAN_POINT('',(-6.936811865585,-4.));
#2596 = CARTESIAN_POINT('',(-6.936811865585,0.));
#2597 = ( GEOMETRIC_REPRESENTATION_CONTEXT(2) 
PARAMETRIC_REPRESENTATION_CONTEXT() REPRESENTATION_CONTEXT('2D SPACE',''
  ) );
#2598 = ORIENTED_EDGE('',*,*,#1571,.F.);
#2599 = ORIENTED_EDGE('',*,*,#2504,.F.);
#2600 = ORIENTED_EDGE('',*,*,#578,.T.);
#2601 = ORIENTED_EDGE('',*,*,#2602,.T.);
#2602 = EDGE_CURVE('',#579,#2603,#2605,.T.);
#2603 = VERTEX_POINT('',#2604);
#2604 = CARTESIAN_POINT('',(19.775712729312,15.130472102606,-3.));
#2605 = SURFACE_CURVE('',#2606,(#2610,#2616),.PCURVE_S1.);
#2606 = LINE('',#2607,#2608);
#2607 = CARTESIAN_POINT('',(19.775712729312,15.130472102606,-3.));
#2608 = VECTOR('',#2609,1.);
#2609 = DIRECTION('',(-0.,-0.,-1.));
#2610 = PCURVE('',#566,#2611);
#2611 = DEFINITIONAL_REPRESENTATION('',(#2612),#2615);
#2612 = B_SPLINE_CURVE_WITH_KNOTS('',1,(#2613,#2614),.UNSPECIFIED.,.F.,
  .F.,(2,2),(-3.0000006,5.999999999062E-07),.PIECEWISE_BEZIER_KNOTS.);
#2613 = CARTESIAN_POINT('',(-5.401395520899,-20.0000006));
#2614 = CARTESIAN_POINT('',(-5.401395520899,-16.9999994));
#2615 = ( GEOMETRIC_REPRESENTATION_CONTEXT(2) 
PARAMETRIC_REPRESENTATION_CONTEXT() REPRESENTATION_CONTEXT('2D SPACE',''
  ) );
#2616 = PCURVE('',#623,#2617);
#2617 = DEFINITIONAL_REPRESENTATION('',(#2618),#2621);
#2618 = B_SPLINE_CURVE_WITH_KNOTS('',1,(#2619,#2620),.UNSPECIFIED.,.F.,
  .F.,(2,2),(-3.,0.),.PIECEWISE_BEZIER_KNOTS.);
#2619 = CARTESIAN_POINT('',(-6.936282950598,-3.));
#2620 = CARTESIAN_POINT('',(-6.936282950598,0.));
#2621 = ( GEOMETRIC_REPRESENTATION_CONTEXT(2) 
PARAMETRIC_REPRESENTATION_CONTEXT() REPRESENTATION_CONTEXT('2D SPACE',''
  ) );
#2622 = ORIENTED_EDGE('',*,*,#2623,.T.);
#2623 = EDGE_CURVE('',#2603,#2431,#2624,.T.);
#2624 = SURFACE_CURVE('',#2625,(#2630,#2637),.PCURVE_S1.);
#2625 = CIRCLE('',#2626,3.3);
#2626 = AXIS2_PLACEMENT_3D('',#2627,#2628,#2629);
#2627 = CARTESIAN_POINT('',(17.677669529664,17.677669529664,-3.));
#2628 = DIRECTION('',(0.,0.,-1.));
#2629 = DIRECTION('',(1.,0.,0.));
#2630 = PCURVE('',#566,#2631);
#2631 = DEFINITIONAL_REPRESENTATION('',(#2632),#2636);
#2632 = LINE('',#2633,#2634);
#2633 = CARTESIAN_POINT('',(-6.28318530718,-17.));
#2634 = VECTOR('',#2635,1.);
#2635 = DIRECTION('',(1.,-0.));
#2636 = ( GEOMETRIC_REPRESENTATION_CONTEXT(2) 
PARAMETRIC_REPRESENTATION_CONTEXT() REPRESENTATION_CONTEXT('2D SPACE',''
  ) );
#2637 = PCURVE('',#2449,#2638);
#2638 = DEFINITIONAL_REPRESENTATION('',(#2639),#2647);
#2639 = ( BOUNDED_CURVE() B_SPLINE_CURVE(2,(#2640,#2641,#2642,#2643,
#2644,#2645,#2646),.UNSPECIFIED.,.T.,.F.) B_SPLINE_CURVE_WITH_KNOTS((1,2
    ,2,2,2,1),(-2.094395102393,0.,2.094395102393,4.188790204786,
6.28318530718,8.377580409573),.UNSPECIFIED.) CURVE() 
GEOMETRIC_REPRESENTATION_ITEM() RATIONAL_B_SPLINE_CURVE((1.,0.5,1.,0.5,
1.,0.5,1.)) REPRESENTATION_ITEM('') );
#2640 = CARTESIAN_POINT('',(20.977669529664,17.677669529664));
#2641 = CARTESIAN_POINT('',(20.977669529664,11.961901864686));
#2642 = CARTESIAN_POINT('',(16.027669529664,14.819785697175));
#2643 = CARTESIAN_POINT('',(11.077669529664,17.677669529664));
#2644 = CARTESIAN_POINT('',(16.027669529664,20.535553362152));
#2645 = CARTESIAN_POINT('',(20.977669529664,23.393437194641));
#2646 = CARTESIAN_POINT('',(20.977669529664,17.677669529664));
#2647 = ( GEOMETRIC_REPRESENTATION_CONTEXT(2) 
PARAMETRIC_REPRESENTATION_CONTEXT() REPRESENTATION_CONTEXT('2D SPACE',''
  ) );
#2648 = ORIENTED_EDGE('',*,*,#2461,.F.);
#2649 = ADVANCED_FACE('',(#2650),#921,.F.);
#2650 = FACE_BOUND('',#2651,.F.);
#2651 = EDGE_LOOP('',(#2652,#2653,#2674,#2675,#2696,#2717,#2745,#2764));
#2652 = ORIENTED_EDGE('',*,*,#908,.T.);
#2653 = ORIENTED_EDGE('',*,*,#2654,.T.);
#2654 = EDGE_CURVE('',#876,#1462,#2655,.T.);
#2655 = SURFACE_CURVE('',#2656,(#2660,#2667),.PCURVE_S1.);
#2656 = LINE('',#2657,#2658);
#2657 = CARTESIAN_POINT('',(3.1,26.4,-20.));
#2658 = VECTOR('',#2659,1.);
#2659 = DIRECTION('',(0.,0.,1.));
#2660 = PCURVE('',#921,#2661);
#2661 = DEFINITIONAL_REPRESENTATION('',(#2662),#2666);
#2662 = LINE('',#2663,#2664);
#2663 = CARTESIAN_POINT('',(0.,0.));
#2664 = VECTOR('',#2665,1.);
#2665 = DIRECTION('',(0.,-1.));
#2666 = ( GEOMETRIC_REPRESENTATION_CONTEXT(2) 
PARAMETRIC_REPRESENTATION_CONTEXT() REPRESENTATION_CONTEXT('2D SPACE',''
  ) );
#2667 = PCURVE('',#896,#2668);
#2668 = DEFINITIONAL_REPRESENTATION('',(#2669),#2673);
#2669 = LINE('',#2670,#2671);
#2670 = CARTESIAN_POINT('',(3.14159265359,0.));
#2671 = VECTOR('',#2672,1.);
#2672 = DIRECTION('',(0.,-1.));
#2673 = ( GEOMETRIC_REPRESENTATION_CONTEXT(2) 
PARAMETRIC_REPRESENTATION_CONTEXT() REPRESENTATION_CONTEXT('2D SPACE',''
  ) );
#2674 = ORIENTED_EDGE('',*,*,#1489,.F.);
#2675 = ORIENTED_EDGE('',*,*,#2676,.T.);
#2676 = EDGE_CURVE('',#1490,#2677,#2679,.T.);
#2677 = VERTEX_POINT('',#2678);
#2678 = CARTESIAN_POINT('',(3.1,24.907830094169,2.));
#2679 = SURFACE_CURVE('',#2680,(#2684,#2690),.PCURVE_S1.);
#2680 = LINE('',#2681,#2682);
#2681 = CARTESIAN_POINT('',(3.1,24.907830094169,2.));
#2682 = VECTOR('',#2683,1.);
#2683 = DIRECTION('',(-0.,-0.,-1.));
#2684 = PCURVE('',#921,#2685);
#2685 = DEFINITIONAL_REPRESENTATION('',(#2686),#2689);
#2686 = B_SPLINE_CURVE_WITH_KNOTS('',1,(#2687,#2688),.UNSPECIFIED.,.F.,
  .F.,(2,2),(-4.0000006,5.999999999062E-07),.PIECEWISE_BEZIER_KNOTS.);
#2687 = CARTESIAN_POINT('',(1.492169905831,-26.0000006));
#2688 = CARTESIAN_POINT('',(1.492169905831,-21.9999994));
#2689 = ( GEOMETRIC_REPRESENTATION_CONTEXT(2) 
PARAMETRIC_REPRESENTATION_CONTEXT() REPRESENTATION_CONTEXT('2D SPACE',''
  ) );
#2690 = PCURVE('',#1531,#2691);
#2691 = DEFINITIONAL_REPRESENTATION('',(#2692),#2695);
#2692 = B_SPLINE_CURVE_WITH_KNOTS('',1,(#2693,#2694),.UNSPECIFIED.,.F.,
  .F.,(2,2),(-4.0000006,5.999999999062E-07),.PIECEWISE_BEZIER_KNOTS.);
#2693 = CARTESIAN_POINT('',(-1.446974187935,-4.0000006));
#2694 = CARTESIAN_POINT('',(-1.446974187935,5.999999999062E-07));
#2695 = ( GEOMETRIC_REPRESENTATION_CONTEXT(2) 
PARAMETRIC_REPRESENTATION_CONTEXT() REPRESENTATION_CONTEXT('2D SPACE',''
  ) );
#2696 = ORIENTED_EDGE('',*,*,#2697,.F.);
#2697 = EDGE_CURVE('',#2698,#2677,#2700,.T.);
#2698 = VERTEX_POINT('',#2699);
#2699 = CARTESIAN_POINT('',(3.1,23.6,2.));
#2700 = SURFACE_CURVE('',#2701,(#2705,#2711),.PCURVE_S1.);
#2701 = LINE('',#2702,#2703);
#2702 = CARTESIAN_POINT('',(3.1,13.2,2.));
#2703 = VECTOR('',#2704,1.);
#2704 = DIRECTION('',(1.110223024625E-16,1.,-0.));
#2705 = PCURVE('',#921,#2706);
#2706 = DEFINITIONAL_REPRESENTATION('',(#2707),#2710);
#2707 = B_SPLINE_CURVE_WITH_KNOTS('',1,(#2708,#2709),.UNSPECIFIED.,.F.,
  .F.,(2,2),(10.4,11.9),.PIECEWISE_BEZIER_KNOTS.);
#2708 = CARTESIAN_POINT('',(2.8,-22.));
#2709 = CARTESIAN_POINT('',(1.3,-22.));
#2710 = ( GEOMETRIC_REPRESENTATION_CONTEXT(2) 
PARAMETRIC_REPRESENTATION_CONTEXT() REPRESENTATION_CONTEXT('2D SPACE',''
  ) );
#2711 = PCURVE('',#2564,#2712);
#2712 = DEFINITIONAL_REPRESENTATION('',(#2713),#2716);
#2713 = B_SPLINE_CURVE_WITH_KNOTS('',1,(#2714,#2715),.UNSPECIFIED.,.F.,
  .F.,(2,2),(10.4,11.9),.PIECEWISE_BEZIER_KNOTS.);
#2714 = CARTESIAN_POINT('',(3.1,23.6));
#2715 = CARTESIAN_POINT('',(3.1,25.1));
#2716 = ( GEOMETRIC_REPRESENTATION_CONTEXT(2) 
PARAMETRIC_REPRESENTATION_CONTEXT() REPRESENTATION_CONTEXT('2D SPACE',''
  ) );
#2717 = ORIENTED_EDGE('',*,*,#2718,.F.);
#2718 = EDGE_CURVE('',#2719,#2698,#2721,.T.);
#2719 = VERTEX_POINT('',#2720);
#2720 = CARTESIAN_POINT('',(3.1,23.6,-3.));
#2721 = SURFACE_CURVE('',#2722,(#2726,#2733),.PCURVE_S1.);
#2722 = LINE('',#2723,#2724);
#2723 = CARTESIAN_POINT('',(3.1,23.6,-20.));
#2724 = VECTOR('',#2725,1.);
#2725 = DIRECTION('',(0.,0.,1.));
#2726 = PCURVE('',#921,#2727);
#2727 = DEFINITIONAL_REPRESENTATION('',(#2728),#2732);
#2728 = LINE('',#2729,#2730);
#2729 = CARTESIAN_POINT('',(2.8,0.));
#2730 = VECTOR('',#2731,1.);
#2731 = DIRECTION('',(0.,-1.));
#2732 = ( GEOMETRIC_REPRESENTATION_CONTEXT(2) 
PARAMETRIC_REPRESENTATION_CONTEXT() REPRESENTATION_CONTEXT('2D SPACE',''
  ) );
#2733 = PCURVE('',#2734,#2739);
#2734 = CYLINDRICAL_SURFACE('',#2735,3.1);
#2735 = AXIS2_PLACEMENT_3D('',#2736,#2737,#2738);
#2736 = CARTESIAN_POINT('',(1.09668586407E-15,23.6,-20.));
#2737 = DIRECTION('',(0.,0.,-1.));
#2738 = DIRECTION('',(1.,3.223228136009E-17,0.));
#2739 = DEFINITIONAL_REPRESENTATION('',(#2740),#2744);
#2740 = LINE('',#2741,#2742);
#2741 = CARTESIAN_POINT('',(0.,0.));
#2742 = VECTOR('',#2743,1.);
#2743 = DIRECTION('',(0.,-1.));
#2744 = ( GEOMETRIC_REPRESENTATION_CONTEXT(2) 
PARAMETRIC_REPRESENTATION_CONTEXT() REPRESENTATION_CONTEXT('2D SPACE',''
  ) );
#2745 = ORIENTED_EDGE('',*,*,#2746,.T.);
#2746 = EDGE_CURVE('',#2719,#2433,#2747,.T.);
#2747 = SURFACE_CURVE('',#2748,(#2752,#2758),.PCURVE_S1.);
#2748 = LINE('',#2749,#2750);
#2749 = CARTESIAN_POINT('',(3.1,13.2,-3.));
#2750 = VECTOR('',#2751,1.);
#2751 = DIRECTION('',(1.110223024625E-16,1.,-0.));
#2752 = PCURVE('',#921,#2753);
#2753 = DEFINITIONAL_REPRESENTATION('',(#2754),#2757);
#2754 = B_SPLINE_CURVE_WITH_KNOTS('',1,(#2755,#2756),.UNSPECIFIED.,.F.,
  .F.,(2,2),(10.4,11.7),.PIECEWISE_BEZIER_KNOTS.);
#2755 = CARTESIAN_POINT('',(2.8,-17.));
#2756 = CARTESIAN_POINT('',(1.5,-17.));
#2757 = ( GEOMETRIC_REPRESENTATION_CONTEXT(2) 
PARAMETRIC_REPRESENTATION_CONTEXT() REPRESENTATION_CONTEXT('2D SPACE',''
  ) );
#2758 = PCURVE('',#2449,#2759);
#2759 = DEFINITIONAL_REPRESENTATION('',(#2760),#2763);
#2760 = B_SPLINE_CURVE_WITH_KNOTS('',1,(#2761,#2762),.UNSPECIFIED.,.F.,
  .F.,(2,2),(10.4,11.7),.PIECEWISE_BEZIER_KNOTS.);
#2761 = CARTESIAN_POINT('',(3.1,23.6));
#2762 = CARTESIAN_POINT('',(3.1,24.9));
#2763 = ( GEOMETRIC_REPRESENTATION_CONTEXT(2) 
PARAMETRIC_REPRESENTATION_CONTEXT() REPRESENTATION_CONTEXT('2D SPACE',''
  ) );
#2764 = ORIENTED_EDGE('',*,*,#2481,.F.);
#2765 = ADVANCED_FACE('',(#2766),#896,.F.);
#2766 = FACE_BOUND('',#2767,.F.);
#2767 = EDGE_LOOP('',(#2768,#2769,#2790,#2791));
#2768 = ORIENTED_EDGE('',*,*,#875,.F.);
#2769 = ORIENTED_EDGE('',*,*,#2770,.T.);
#2770 = EDGE_CURVE('',#850,#1441,#2771,.T.);
#2771 = SURFACE_CURVE('',#2772,(#2776,#2783),.PCURVE_S1.);
#2772 = LINE('',#2773,#2774);
#2773 = CARTESIAN_POINT('',(-3.1,26.4,-20.));
#2774 = VECTOR('',#2775,1.);
#2775 = DIRECTION('',(0.,0.,1.));
#2776 = PCURVE('',#896,#2777);
#2777 = DEFINITIONAL_REPRESENTATION('',(#2778),#2782);
#2778 = LINE('',#2779,#2780);
#2779 = CARTESIAN_POINT('',(0.,0.));
#2780 = VECTOR('',#2781,1.);
#2781 = DIRECTION('',(0.,-1.));
#2782 = ( GEOMETRIC_REPRESENTATION_CONTEXT(2) 
PARAMETRIC_REPRESENTATION_CONTEXT() REPRESENTATION_CONTEXT('2D SPACE',''
  ) );
#2783 = PCURVE('',#864,#2784);
#2784 = DEFINITIONAL_REPRESENTATION('',(#2785),#2789);
#2785 = LINE('',#2786,#2787);
#2786 = CARTESIAN_POINT('',(2.8,0.));
#2787 = VECTOR('',#2788,1.);
#2788 = DIRECTION('',(0.,-1.));
#2789 = ( GEOMETRIC_REPRESENTATION_CONTEXT(2) 
PARAMETRIC_REPRESENTATION_CONTEXT() REPRESENTATION_CONTEXT('2D SPACE',''
  ) );
#2790 = ORIENTED_EDGE('',*,*,#1461,.T.);
#2791 = ORIENTED_EDGE('',*,*,#2654,.F.);
#2792 = ADVANCED_FACE('',(#2793),#623,.T.);
#2793 = FACE_BOUND('',#2794,.F.);
#2794 = EDGE_LOOP('',(#2795,#2819,#2838,#2839));
#2795 = ORIENTED_EDGE('',*,*,#2796,.F.);
#2796 = EDGE_CURVE('',#2797,#2603,#2799,.T.);
#2797 = VERTEX_POINT('',#2798);
#2798 = CARTESIAN_POINT('',(19.775712729312,-15.1304721026,-3.));
#2799 = SURFACE_CURVE('',#2800,(#2805,#2812),.PCURVE_S1.);
#2800 = CIRCLE('',#2801,24.9);
#2801 = AXIS2_PLACEMENT_3D('',#2802,#2803,#2804);
#2802 = CARTESIAN_POINT('',(0.,0.,-3.));
#2803 = DIRECTION('',(0.,-0.,1.));
#2804 = DIRECTION('',(0.607649482032,0.794205330494,0.));
#2805 = PCURVE('',#623,#2806);
#2806 = DEFINITIONAL_REPRESENTATION('',(#2807),#2811);
#2807 = LINE('',#2808,#2809);
#2808 = CARTESIAN_POINT('',(-0.917698683377,0.));
#2809 = VECTOR('',#2810,1.);
#2810 = DIRECTION('',(-1.,0.));
#2811 = ( GEOMETRIC_REPRESENTATION_CONTEXT(2) 
PARAMETRIC_REPRESENTATION_CONTEXT() REPRESENTATION_CONTEXT('2D SPACE',''
  ) );
#2812 = PCURVE('',#2449,#2813);
#2813 = DEFINITIONAL_REPRESENTATION('',(#2814),#2818);
#2814 = CIRCLE('',#2815,24.9);
#2815 = AXIS2_PLACEMENT_2D('',#2816,#2817);
#2816 = CARTESIAN_POINT('',(1.757352780774E-15,-1.619572327868E-15));
#2817 = DIRECTION('',(0.607649482032,0.794205330494));
#2818 = ( GEOMETRIC_REPRESENTATION_CONTEXT(2) 
PARAMETRIC_REPRESENTATION_CONTEXT() REPRESENTATION_CONTEXT('2D SPACE',''
  ) );
#2819 = ORIENTED_EDGE('',*,*,#2820,.F.);
#2820 = EDGE_CURVE('',#607,#2797,#2821,.T.);
#2821 = SURFACE_CURVE('',#2822,(#2826,#2832),.PCURVE_S1.);
#2822 = LINE('',#2823,#2824);
#2823 = CARTESIAN_POINT('',(19.775712729312,-15.1304721026,-3.));
#2824 = VECTOR('',#2825,1.);
#2825 = DIRECTION('',(-0.,-0.,-1.));
#2826 = PCURVE('',#623,#2827);
#2827 = DEFINITIONAL_REPRESENTATION('',(#2828),#2831);
#2828 = B_SPLINE_CURVE_WITH_KNOTS('',1,(#2829,#2830),.UNSPECIFIED.,.F.,
  .F.,(2,2),(-3.0000006,5.999999999062E-07),.PIECEWISE_BEZIER_KNOTS.);
#2829 = CARTESIAN_POINT('',(-5.630087663761,-3.0000006));
#2830 = CARTESIAN_POINT('',(-5.630087663761,5.999999999062E-07));
#2831 = ( GEOMETRIC_REPRESENTATION_CONTEXT(2) 
PARAMETRIC_REPRESENTATION_CONTEXT() REPRESENTATION_CONTEXT('2D SPACE',''
  ) );
#2832 = PCURVE('',#656,#2833);
#2833 = DEFINITIONAL_REPRESENTATION('',(#2834),#2837);
#2834 = B_SPLINE_CURVE_WITH_KNOTS('',1,(#2835,#2836),.UNSPECIFIED.,.F.,
  .F.,(2,2),(-3.0000006,5.999999999062E-07),.PIECEWISE_BEZIER_KNOTS.);
#2835 = CARTESIAN_POINT('',(-0.88178978628,-20.0000006));
#2836 = CARTESIAN_POINT('',(-0.88178978628,-16.9999994));
#2837 = ( GEOMETRIC_REPRESENTATION_CONTEXT(2) 
PARAMETRIC_REPRESENTATION_CONTEXT() REPRESENTATION_CONTEXT('2D SPACE',''
  ) );
#2838 = ORIENTED_EDGE('',*,*,#606,.T.);
#2839 = ORIENTED_EDGE('',*,*,#2602,.T.);
#2840 = ADVANCED_FACE('',(#2841),#864,.F.);
#2841 = FACE_BOUND('',#2842,.F.);
#2842 = EDGE_LOOP('',(#2843,#2866,#2889,#2910,#2929,#2930,#2931,#2932));
#2843 = ORIENTED_EDGE('',*,*,#2844,.T.);
#2844 = EDGE_CURVE('',#2845,#2847,#2849,.T.);
#2845 = VERTEX_POINT('',#2846);
#2846 = CARTESIAN_POINT('',(-3.1,24.706274506692,-3.));
#2847 = VERTEX_POINT('',#2848);
#2848 = CARTESIAN_POINT('',(-3.1,23.6,-3.));
#2849 = SURFACE_CURVE('',#2850,(#2854,#2860),.PCURVE_S1.);
#2850 = LINE('',#2851,#2852);
#2851 = CARTESIAN_POINT('',(-3.1,11.8,-3.));
#2852 = VECTOR('',#2853,1.);
#2853 = DIRECTION('',(-1.110223024625E-16,-1.,0.));
#2854 = PCURVE('',#864,#2855);
#2855 = DEFINITIONAL_REPRESENTATION('',(#2856),#2859);
#2856 = B_SPLINE_CURVE_WITH_KNOTS('',1,(#2857,#2858),.UNSPECIFIED.,.F.,
  .F.,(2,2),(-13.1,-11.8),.PIECEWISE_BEZIER_KNOTS.);
#2857 = CARTESIAN_POINT('',(1.3,-17.));
#2858 = CARTESIAN_POINT('',(0.,-17.));
#2859 = ( GEOMETRIC_REPRESENTATION_CONTEXT(2) 
PARAMETRIC_REPRESENTATION_CONTEXT() REPRESENTATION_CONTEXT('2D SPACE',''
  ) );
#2860 = PCURVE('',#2449,#2861);
#2861 = DEFINITIONAL_REPRESENTATION('',(#2862),#2865);
#2862 = B_SPLINE_CURVE_WITH_KNOTS('',1,(#2863,#2864),.UNSPECIFIED.,.F.,
  .F.,(2,2),(-13.1,-11.8),.PIECEWISE_BEZIER_KNOTS.);
#2863 = CARTESIAN_POINT('',(-3.1,24.9));
#2864 = CARTESIAN_POINT('',(-3.1,23.6));
#2865 = ( GEOMETRIC_REPRESENTATION_CONTEXT(2) 
PARAMETRIC_REPRESENTATION_CONTEXT() REPRESENTATION_CONTEXT('2D SPACE',''
  ) );
#2866 = ORIENTED_EDGE('',*,*,#2867,.T.);
#2867 = EDGE_CURVE('',#2847,#2868,#2870,.T.);
#2868 = VERTEX_POINT('',#2869);
#2869 = CARTESIAN_POINT('',(-3.1,23.6,2.));
#2870 = SURFACE_CURVE('',#2871,(#2875,#2882),.PCURVE_S1.);
#2871 = LINE('',#2872,#2873);
#2872 = CARTESIAN_POINT('',(-3.1,23.6,-20.));
#2873 = VECTOR('',#2874,1.);
#2874 = DIRECTION('',(0.,0.,1.));
#2875 = PCURVE('',#864,#2876);
#2876 = DEFINITIONAL_REPRESENTATION('',(#2877),#2881);
#2877 = LINE('',#2878,#2879);
#2878 = CARTESIAN_POINT('',(0.,0.));
#2879 = VECTOR('',#2880,1.);
#2880 = DIRECTION('',(0.,-1.));
#2881 = ( GEOMETRIC_REPRESENTATION_CONTEXT(2) 
PARAMETRIC_REPRESENTATION_CONTEXT() REPRESENTATION_CONTEXT('2D SPACE',''
  ) );
#2882 = PCURVE('',#2734,#2883);
#2883 = DEFINITIONAL_REPRESENTATION('',(#2884),#2888);
#2884 = LINE('',#2885,#2886);
#2885 = CARTESIAN_POINT('',(3.14159265359,0.));
#2886 = VECTOR('',#2887,1.);
#2887 = DIRECTION('',(0.,-1.));
#2888 = ( GEOMETRIC_REPRESENTATION_CONTEXT(2) 
PARAMETRIC_REPRESENTATION_CONTEXT() REPRESENTATION_CONTEXT('2D SPACE',''
  ) );
#2889 = ORIENTED_EDGE('',*,*,#2890,.F.);
#2890 = EDGE_CURVE('',#2891,#2868,#2893,.T.);
#2891 = VERTEX_POINT('',#2892);
#2892 = CARTESIAN_POINT('',(-3.1,24.907830094169,2.));
#2893 = SURFACE_CURVE('',#2894,(#2898,#2904),.PCURVE_S1.);
#2894 = LINE('',#2895,#2896);
#2895 = CARTESIAN_POINT('',(-3.1,11.8,2.));
#2896 = VECTOR('',#2897,1.);
#2897 = DIRECTION('',(-1.110223024625E-16,-1.,0.));
#2898 = PCURVE('',#864,#2899);
#2899 = DEFINITIONAL_REPRESENTATION('',(#2900),#2903);
#2900 = B_SPLINE_CURVE_WITH_KNOTS('',1,(#2901,#2902),.UNSPECIFIED.,.F.,
  .F.,(2,2),(-13.3,-11.8),.PIECEWISE_BEZIER_KNOTS.);
#2901 = CARTESIAN_POINT('',(1.5,-22.));
#2902 = CARTESIAN_POINT('',(0.,-22.));
#2903 = ( GEOMETRIC_REPRESENTATION_CONTEXT(2) 
PARAMETRIC_REPRESENTATION_CONTEXT() REPRESENTATION_CONTEXT('2D SPACE',''
  ) );
#2904 = PCURVE('',#2564,#2905);
#2905 = DEFINITIONAL_REPRESENTATION('',(#2906),#2909);
#2906 = B_SPLINE_CURVE_WITH_KNOTS('',1,(#2907,#2908),.UNSPECIFIED.,.F.,
  .F.,(2,2),(-13.3,-11.8),.PIECEWISE_BEZIER_KNOTS.);
#2907 = CARTESIAN_POINT('',(-3.1,25.1));
#2908 = CARTESIAN_POINT('',(-3.1,23.6));
#2909 = ( GEOMETRIC_REPRESENTATION_CONTEXT(2) 
PARAMETRIC_REPRESENTATION_CONTEXT() REPRESENTATION_CONTEXT('2D SPACE',''
  ) );
#2910 = ORIENTED_EDGE('',*,*,#2911,.F.);
#2911 = EDGE_CURVE('',#1408,#2891,#2912,.T.);
#2912 = SURFACE_CURVE('',#2913,(#2917,#2923),.PCURVE_S1.);
#2913 = LINE('',#2914,#2915);
#2914 = CARTESIAN_POINT('',(-3.1,24.907830094169,2.));
#2915 = VECTOR('',#2916,1.);
#2916 = DIRECTION('',(-0.,-0.,-1.));
#2917 = PCURVE('',#864,#2918);
#2918 = DEFINITIONAL_REPRESENTATION('',(#2919),#2922);
#2919 = B_SPLINE_CURVE_WITH_KNOTS('',1,(#2920,#2921),.UNSPECIFIED.,.F.,
  .F.,(2,2),(-4.0000006,5.999999999062E-07),.PIECEWISE_BEZIER_KNOTS.);
#2920 = CARTESIAN_POINT('',(1.307830094169,-26.0000006));
#2921 = CARTESIAN_POINT('',(1.307830094169,-21.9999994));
#2922 = ( GEOMETRIC_REPRESENTATION_CONTEXT(2) 
PARAMETRIC_REPRESENTATION_CONTEXT() REPRESENTATION_CONTEXT('2D SPACE',''
  ) );
#2923 = PCURVE('',#1428,#2924);
#2924 = DEFINITIONAL_REPRESENTATION('',(#2925),#2928);
#2925 = B_SPLINE_CURVE_WITH_KNOTS('',1,(#2926,#2927),.UNSPECIFIED.,.F.,
  .F.,(2,2),(-4.0000006,5.999999999062E-07),.PIECEWISE_BEZIER_KNOTS.);
#2926 = CARTESIAN_POINT('',(-1.694618465655,-4.0000006));
#2927 = CARTESIAN_POINT('',(-1.694618465655,5.999999999062E-07));
#2928 = ( GEOMETRIC_REPRESENTATION_CONTEXT(2) 
PARAMETRIC_REPRESENTATION_CONTEXT() REPRESENTATION_CONTEXT('2D SPACE',''
  ) );
#2929 = ORIENTED_EDGE('',*,*,#1440,.F.);
#2930 = ORIENTED_EDGE('',*,*,#2770,.F.);
#2931 = ORIENTED_EDGE('',*,*,#849,.T.);
#2932 = ORIENTED_EDGE('',*,*,#2933,.T.);
#2933 = EDGE_CURVE('',#821,#2845,#2934,.T.);
#2934 = SURFACE_CURVE('',#2935,(#2939,#2945),.PCURVE_S1.);
#2935 = LINE('',#2936,#2937);
#2936 = CARTESIAN_POINT('',(-3.1,24.706274506692,-3.));
#2937 = VECTOR('',#2938,1.);
#2938 = DIRECTION('',(-0.,-0.,-1.));
#2939 = PCURVE('',#864,#2940);
#2940 = DEFINITIONAL_REPRESENTATION('',(#2941),#2944);
#2941 = B_SPLINE_CURVE_WITH_KNOTS('',1,(#2942,#2943),.UNSPECIFIED.,.F.,
  .F.,(2,2),(-3.0000006,5.999999999062E-07),.PIECEWISE_BEZIER_KNOTS.);
#2942 = CARTESIAN_POINT('',(1.106274506692,-20.0000006));
#2943 = CARTESIAN_POINT('',(1.106274506692,-16.9999994));
#2944 = ( GEOMETRIC_REPRESENTATION_CONTEXT(2) 
PARAMETRIC_REPRESENTATION_CONTEXT() REPRESENTATION_CONTEXT('2D SPACE',''
  ) );
#2945 = PCURVE('',#837,#2946);
#2946 = DEFINITIONAL_REPRESENTATION('',(#2947),#2950);
#2947 = B_SPLINE_CURVE_WITH_KNOTS('',1,(#2948,#2949),.UNSPECIFIED.,.F.,
  .F.,(2,2),(-3.0000006,5.999999999062E-07),.PIECEWISE_BEZIER_KNOTS.);
#2948 = CARTESIAN_POINT('',(-1.695618197531,-3.0000006));
#2949 = CARTESIAN_POINT('',(-1.695618197531,5.999999999062E-07));
#2950 = ( GEOMETRIC_REPRESENTATION_CONTEXT(2) 
PARAMETRIC_REPRESENTATION_CONTEXT() REPRESENTATION_CONTEXT('2D SPACE',''
  ) );
#2951 = ADVANCED_FACE('',(#2952),#656,.F.);
#2952 = FACE_BOUND('',#2953,.T.);
#2953 = EDGE_LOOP('',(#2954,#2955,#2976,#2977,#2998,#3026,#3045,#3046,
    #3047,#3048,#3069,#3095));
#2954 = ORIENTED_EDGE('',*,*,#635,.T.);
#2955 = ORIENTED_EDGE('',*,*,#2956,.T.);
#2956 = EDGE_CURVE('',#636,#1633,#2957,.T.);
#2957 = SEAM_CURVE('',#2958,(#2962,#2969),.PCURVE_S1.);
#2958 = LINE('',#2959,#2960);
#2959 = CARTESIAN_POINT('',(20.977669529664,-17.67766952966,-20.));
#2960 = VECTOR('',#2961,1.);
#2961 = DIRECTION('',(0.,0.,1.));
#2962 = PCURVE('',#656,#2963);
#2963 = DEFINITIONAL_REPRESENTATION('',(#2964),#2968);
#2964 = LINE('',#2965,#2966);
#2965 = CARTESIAN_POINT('',(-6.28318530718,0.));
#2966 = VECTOR('',#2967,1.);
#2967 = DIRECTION('',(-0.,-1.));
#2968 = ( GEOMETRIC_REPRESENTATION_CONTEXT(2) 
PARAMETRIC_REPRESENTATION_CONTEXT() REPRESENTATION_CONTEXT('2D SPACE',''
  ) );
#2969 = PCURVE('',#656,#2970);
#2970 = DEFINITIONAL_REPRESENTATION('',(#2971),#2975);
#2971 = LINE('',#2972,#2973);
#2972 = CARTESIAN_POINT('',(-0.,0.));
#2973 = VECTOR('',#2974,1.);
#2974 = DIRECTION('',(-0.,-1.));
#2975 = ( GEOMETRIC_REPRESENTATION_CONTEXT(2) 
PARAMETRIC_REPRESENTATION_CONTEXT() REPRESENTATION_CONTEXT('2D SPACE',''
  ) );
#2976 = ORIENTED_EDGE('',*,*,#1632,.F.);
#2977 = ORIENTED_EDGE('',*,*,#2978,.T.);
#2978 = EDGE_CURVE('',#1600,#2979,#2981,.T.);
#2979 = VERTEX_POINT('',#2980);
#2980 = CARTESIAN_POINT('',(19.926483994991,-15.2625435494,2.));
#2981 = SURFACE_CURVE('',#2982,(#2986,#2992),.PCURVE_S1.);
#2982 = LINE('',#2983,#2984);
#2983 = CARTESIAN_POINT('',(19.926483994991,-15.2625435494,2.));
#2984 = VECTOR('',#2985,1.);
#2985 = DIRECTION('',(-0.,-0.,-1.));
#2986 = PCURVE('',#656,#2987);
#2987 = DEFINITIONAL_REPRESENTATION('',(#2988),#2991);
#2988 = B_SPLINE_CURVE_WITH_KNOTS('',1,(#2989,#2990),.UNSPECIFIED.,.F.,
  .F.,(2,2),(-4.0000006,5.999999999062E-07),.PIECEWISE_BEZIER_KNOTS.);
#2989 = CARTESIAN_POINT('',(-0.821042074083,-26.0000006));
#2990 = CARTESIAN_POINT('',(-0.821042074083,-21.9999994));
#2991 = ( GEOMETRIC_REPRESENTATION_CONTEXT(2) 
PARAMETRIC_REPRESENTATION_CONTEXT() REPRESENTATION_CONTEXT('2D SPACE',''
  ) );
#2992 = PCURVE('',#1620,#2993);
#2993 = DEFINITIONAL_REPRESENTATION('',(#2994),#2997);
#2994 = B_SPLINE_CURVE_WITH_KNOTS('',1,(#2995,#2996),.UNSPECIFIED.,.F.,
  .F.,(2,2),(-4.0000006,5.999999999062E-07),.PIECEWISE_BEZIER_KNOTS.);
#2995 = CARTESIAN_POINT('',(-5.629558748774,-4.0000006));
#2996 = CARTESIAN_POINT('',(-5.629558748774,5.999999999062E-07));
#2997 = ( GEOMETRIC_REPRESENTATION_CONTEXT(2) 
PARAMETRIC_REPRESENTATION_CONTEXT() REPRESENTATION_CONTEXT('2D SPACE',''
  ) );
#2998 = ORIENTED_EDGE('',*,*,#2999,.F.);
#2999 = EDGE_CURVE('',#3000,#2979,#3002,.T.);
#3000 = VERTEX_POINT('',#3001);
#3001 = CARTESIAN_POINT('',(15.262543549402,-19.92648399499,2.));
#3002 = SURFACE_CURVE('',#3003,(#3008,#3015),.PCURVE_S1.);
#3003 = CIRCLE('',#3004,3.3);
#3004 = AXIS2_PLACEMENT_3D('',#3005,#3006,#3007);
#3005 = CARTESIAN_POINT('',(17.677669529664,-17.67766952966,2.));
#3006 = DIRECTION('',(0.,0.,-1.));
#3007 = DIRECTION('',(1.,0.,0.));
#3008 = PCURVE('',#656,#3009);
#3009 = DEFINITIONAL_REPRESENTATION('',(#3010),#3014);
#3010 = LINE('',#3011,#3012);
#3011 = CARTESIAN_POINT('',(-6.28318530718,-22.));
#3012 = VECTOR('',#3013,1.);
#3013 = DIRECTION('',(1.,-0.));
#3014 = ( GEOMETRIC_REPRESENTATION_CONTEXT(2) 
PARAMETRIC_REPRESENTATION_CONTEXT() REPRESENTATION_CONTEXT('2D SPACE',''
  ) );
#3015 = PCURVE('',#2564,#3016);
#3016 = DEFINITIONAL_REPRESENTATION('',(#3017),#3025);
#3017 = ( BOUNDED_CURVE() B_SPLINE_CURVE(2,(#3018,#3019,#3020,#3021,
#3022,#3023,#3024),.UNSPECIFIED.,.T.,.F.) B_SPLINE_CURVE_WITH_KNOTS((1,2
    ,2,2,2,1),(-2.094395102393,0.,2.094395102393,4.188790204786,
6.28318530718,8.377580409573),.UNSPECIFIED.) CURVE() 
GEOMETRIC_REPRESENTATION_ITEM() RATIONAL_B_SPLINE_CURVE((1.,0.5,1.,0.5,
1.,0.5,1.)) REPRESENTATION_ITEM('') );
#3018 = CARTESIAN_POINT('',(20.977669529664,-17.67766952966));
#3019 = CARTESIAN_POINT('',(20.977669529664,-23.39343719464));
#3020 = CARTESIAN_POINT('',(16.027669529664,-20.53555336215));
#3021 = CARTESIAN_POINT('',(11.077669529664,-17.67766952966));
#3022 = CARTESIAN_POINT('',(16.027669529664,-14.81978569717));
#3023 = CARTESIAN_POINT('',(20.977669529664,-11.96190186468));
#3024 = CARTESIAN_POINT('',(20.977669529664,-17.67766952966));
#3025 = ( GEOMETRIC_REPRESENTATION_CONTEXT(2) 
PARAMETRIC_REPRESENTATION_CONTEXT() REPRESENTATION_CONTEXT('2D SPACE',''
  ) );
#3026 = ORIENTED_EDGE('',*,*,#3027,.F.);
#3027 = EDGE_CURVE('',#1661,#3000,#3028,.T.);
#3028 = SURFACE_CURVE('',#3029,(#3033,#3039),.PCURVE_S1.);
#3029 = LINE('',#3030,#3031);
#3030 = CARTESIAN_POINT('',(15.262543549402,-19.92648399499,2.));
#3031 = VECTOR('',#3032,1.);
#3032 = DIRECTION('',(-0.,-0.,-1.));
#3033 = PCURVE('',#656,#3034);
#3034 = DEFINITIONAL_REPRESENTATION('',(#3035),#3038);
#3035 = B_SPLINE_CURVE_WITH_KNOTS('',1,(#3036,#3037),.UNSPECIFIED.,.F.,
  .F.,(2,2),(-4.0000006,5.999999999062E-07),.PIECEWISE_BEZIER_KNOTS.);
#3036 = CARTESIAN_POINT('',(-3.891346906301,-26.0000006));
#3037 = CARTESIAN_POINT('',(-3.891346906301,-21.9999994));
#3038 = ( GEOMETRIC_REPRESENTATION_CONTEXT(2) 
PARAMETRIC_REPRESENTATION_CONTEXT() REPRESENTATION_CONTEXT('2D SPACE',''
  ) );
#3039 = PCURVE('',#1709,#3040);
#3040 = DEFINITIONAL_REPRESENTATION('',(#3041),#3044);
#3041 = B_SPLINE_CURVE_WITH_KNOTS('',1,(#3042,#3043),.UNSPECIFIED.,.F.,
  .F.,(2,2),(-4.0000006,5.999999999062E-07),.PIECEWISE_BEZIER_KNOTS.);
#3042 = CARTESIAN_POINT('',(-5.36601553879,-4.0000006));
#3043 = CARTESIAN_POINT('',(-5.36601553879,5.999999999062E-07));
#3044 = ( GEOMETRIC_REPRESENTATION_CONTEXT(2) 
PARAMETRIC_REPRESENTATION_CONTEXT() REPRESENTATION_CONTEXT('2D SPACE',''
  ) );
#3045 = ORIENTED_EDGE('',*,*,#1660,.F.);
#3046 = ORIENTED_EDGE('',*,*,#2956,.F.);
#3047 = ORIENTED_EDGE('',*,*,#668,.T.);
#3048 = ORIENTED_EDGE('',*,*,#3049,.T.);
#3049 = EDGE_CURVE('',#669,#3050,#3052,.T.);
#3050 = VERTEX_POINT('',#3051);
#3051 = CARTESIAN_POINT('',(15.130472102606,-19.77571272931,-3.));
#3052 = SURFACE_CURVE('',#3053,(#3057,#3063),.PCURVE_S1.);
#3053 = LINE('',#3054,#3055);
#3054 = CARTESIAN_POINT('',(15.130472102606,-19.77571272931,-3.));
#3055 = VECTOR('',#3056,1.);
#3056 = DIRECTION('',(-0.,-0.,-1.));
#3057 = PCURVE('',#656,#3058);
#3058 = DEFINITIONAL_REPRESENTATION('',(#3059),#3062);
#3059 = B_SPLINE_CURVE_WITH_KNOTS('',1,(#3060,#3061),.UNSPECIFIED.,.F.,
  .F.,(2,2),(-3.0000006,5.999999999062E-07),.PIECEWISE_BEZIER_KNOTS.);
#3060 = CARTESIAN_POINT('',(-3.830599194105,-20.0000006));
#3061 = CARTESIAN_POINT('',(-3.830599194105,-16.9999994));
#3062 = ( GEOMETRIC_REPRESENTATION_CONTEXT(2) 
PARAMETRIC_REPRESENTATION_CONTEXT() REPRESENTATION_CONTEXT('2D SPACE',''
  ) );
#3063 = PCURVE('',#713,#3064);
#3064 = DEFINITIONAL_REPRESENTATION('',(#3065),#3068);
#3065 = B_SPLINE_CURVE_WITH_KNOTS('',1,(#3066,#3067),.UNSPECIFIED.,.F.,
  .F.,(2,2),(-3.0000006,5.999999999062E-07),.PIECEWISE_BEZIER_KNOTS.);
#3066 = CARTESIAN_POINT('',(-5.365486623803,-3.0000006));
#3067 = CARTESIAN_POINT('',(-5.365486623803,5.999999999062E-07));
#3068 = ( GEOMETRIC_REPRESENTATION_CONTEXT(2) 
PARAMETRIC_REPRESENTATION_CONTEXT() REPRESENTATION_CONTEXT('2D SPACE',''
  ) );
#3069 = ORIENTED_EDGE('',*,*,#3070,.T.);
#3070 = EDGE_CURVE('',#3050,#2797,#3071,.T.);
#3071 = SURFACE_CURVE('',#3072,(#3077,#3084),.PCURVE_S1.);
#3072 = CIRCLE('',#3073,3.3);
#3073 = AXIS2_PLACEMENT_3D('',#3074,#3075,#3076);
#3074 = CARTESIAN_POINT('',(17.677669529664,-17.67766952966,-3.));
#3075 = DIRECTION('',(0.,0.,-1.));
#3076 = DIRECTION('',(1.,0.,0.));
#3077 = PCURVE('',#656,#3078);
#3078 = DEFINITIONAL_REPRESENTATION('',(#3079),#3083);
#3079 = LINE('',#3080,#3081);
#3080 = CARTESIAN_POINT('',(-6.28318530718,-17.));
#3081 = VECTOR('',#3082,1.);
#3082 = DIRECTION('',(1.,-0.));
#3083 = ( GEOMETRIC_REPRESENTATION_CONTEXT(2) 
PARAMETRIC_REPRESENTATION_CONTEXT() REPRESENTATION_CONTEXT('2D SPACE',''
  ) );
#3084 = PCURVE('',#2449,#3085);
#3085 = DEFINITIONAL_REPRESENTATION('',(#3086),#3094);
#3086 = ( BOUNDED_CURVE() B_SPLINE_CURVE(2,(#3087,#3088,#3089,#3090,
#3091,#3092,#3093),.UNSPECIFIED.,.T.,.F.) B_SPLINE_CURVE_WITH_KNOTS((1,2
    ,2,2,2,1),(-2.094395102393,0.,2.094395102393,4.188790204786,
6.28318530718,8.377580409573),.UNSPECIFIED.) CURVE() 
GEOMETRIC_REPRESENTATION_ITEM() RATIONAL_B_SPLINE_CURVE((1.,0.5,1.,0.5,
1.,0.5,1.)) REPRESENTATION_ITEM('') );
#3087 = CARTESIAN_POINT('',(20.977669529664,-17.67766952966));
#3088 = CARTESIAN_POINT('',(20.977669529664,-23.39343719464));
#3089 = CARTESIAN_POINT('',(16.027669529664,-20.53555336215));
#3090 = CARTESIAN_POINT('',(11.077669529664,-17.67766952966));
#3091 = CARTESIAN_POINT('',(16.027669529664,-14.81978569717));
#3092 = CARTESIAN_POINT('',(20.977669529664,-11.96190186468));
#3093 = CARTESIAN_POINT('',(20.977669529664,-17.67766952966));
#3094 = ( GEOMETRIC_REPRESENTATION_CONTEXT(2) 
PARAMETRIC_REPRESENTATION_CONTEXT() REPRESENTATION_CONTEXT('2D SPACE',''
  ) );
#3095 = ORIENTED_EDGE('',*,*,#2820,.F.);
#3096 = ADVANCED_FACE('',(#3097),#837,.T.);
#3097 = FACE_BOUND('',#3098,.F.);
#3098 = EDGE_LOOP('',(#3099,#3123,#3124,#3125));
#3099 = ORIENTED_EDGE('',*,*,#3100,.F.);
#3100 = EDGE_CURVE('',#2845,#3101,#3103,.T.);
#3101 = VERTEX_POINT('',#3102);
#3102 = CARTESIAN_POINT('',(-15.1304721026,19.775712729312,-3.));
#3103 = SURFACE_CURVE('',#3104,(#3109,#3116),.PCURVE_S1.);
#3104 = CIRCLE('',#3105,24.9);
#3105 = AXIS2_PLACEMENT_3D('',#3106,#3107,#3108);
#3106 = CARTESIAN_POINT('',(0.,0.,-3.));
#3107 = DIRECTION('',(0.,-0.,1.));
#3108 = DIRECTION('',(0.607649482032,0.794205330494,0.));
#3109 = PCURVE('',#837,#3110);
#3110 = DEFINITIONAL_REPRESENTATION('',(#3111),#3115);
#3111 = LINE('',#3112,#3113);
#3112 = CARTESIAN_POINT('',(-0.917698683377,0.));
#3113 = VECTOR('',#3114,1.);
#3114 = DIRECTION('',(-1.,0.));
#3115 = ( GEOMETRIC_REPRESENTATION_CONTEXT(2) 
PARAMETRIC_REPRESENTATION_CONTEXT() REPRESENTATION_CONTEXT('2D SPACE',''
  ) );
#3116 = PCURVE('',#2449,#3117);
#3117 = DEFINITIONAL_REPRESENTATION('',(#3118),#3122);
#3118 = CIRCLE('',#3119,24.9);
#3119 = AXIS2_PLACEMENT_2D('',#3120,#3121);
#3120 = CARTESIAN_POINT('',(1.757352780774E-15,-1.619572327868E-15));
#3121 = DIRECTION('',(0.607649482032,0.794205330494));
#3122 = ( GEOMETRIC_REPRESENTATION_CONTEXT(2) 
PARAMETRIC_REPRESENTATION_CONTEXT() REPRESENTATION_CONTEXT('2D SPACE',''
  ) );
#3123 = ORIENTED_EDGE('',*,*,#2933,.F.);
#3124 = ORIENTED_EDGE('',*,*,#820,.T.);
#3125 = ORIENTED_EDGE('',*,*,#3126,.T.);
#3126 = EDGE_CURVE('',#788,#3101,#3127,.T.);
#3127 = SURFACE_CURVE('',#3128,(#3132,#3138),.PCURVE_S1.);
#3128 = LINE('',#3129,#3130);
#3129 = CARTESIAN_POINT('',(-15.1304721026,19.775712729312,-3.));
#3130 = VECTOR('',#3131,1.);
#3131 = DIRECTION('',(-0.,-0.,-1.));
#3132 = PCURVE('',#837,#3133);
#3133 = DEFINITIONAL_REPRESENTATION('',(#3134),#3137);
#3134 = B_SPLINE_CURVE_WITH_KNOTS('',1,(#3135,#3136),.UNSPECIFIED.,.F.,
  .F.,(2,2),(-3.0000006,5.999999999062E-07),.PIECEWISE_BEZIER_KNOTS.);
#3135 = CARTESIAN_POINT('',(-2.223893970213,-3.0000006));
#3136 = CARTESIAN_POINT('',(-2.223893970213,5.999999999062E-07));
#3137 = ( GEOMETRIC_REPRESENTATION_CONTEXT(2) 
PARAMETRIC_REPRESENTATION_CONTEXT() REPRESENTATION_CONTEXT('2D SPACE',''
  ) );
#3138 = PCURVE('',#808,#3139);
#3139 = DEFINITIONAL_REPRESENTATION('',(#3140),#3143);
#3140 = B_SPLINE_CURVE_WITH_KNOTS('',1,(#3141,#3142),.UNSPECIFIED.,.F.,
  .F.,(2,2),(-3.0000006,5.999999999062E-07),.PIECEWISE_BEZIER_KNOTS.);
#3141 = CARTESIAN_POINT('',(-0.689006540515,-20.0000006));
#3142 = CARTESIAN_POINT('',(-0.689006540515,-16.9999994));
#3143 = ( GEOMETRIC_REPRESENTATION_CONTEXT(2) 
PARAMETRIC_REPRESENTATION_CONTEXT() REPRESENTATION_CONTEXT('2D SPACE',''
  ) );
#3144 = ADVANCED_FACE('',(#3145),#808,.F.);
#3145 = FACE_BOUND('',#3146,.T.);
#3146 = EDGE_LOOP('',(#3147,#3175,#3198,#3226,#3245,#3246,#3267,#3293,
    #3294,#3322,#3341,#3342));
#3147 = ORIENTED_EDGE('',*,*,#3148,.T.);
#3148 = EDGE_CURVE('',#3101,#3149,#3151,.T.);
#3149 = VERTEX_POINT('',#3150);
#3150 = CARTESIAN_POINT('',(-14.37766952966,17.677669529664,-3.));
#3151 = SURFACE_CURVE('',#3152,(#3157,#3164),.PCURVE_S1.);
#3152 = CIRCLE('',#3153,3.3);
#3153 = AXIS2_PLACEMENT_3D('',#3154,#3155,#3156);
#3154 = CARTESIAN_POINT('',(-17.67766952966,17.677669529664,-3.));
#3155 = DIRECTION('',(0.,0.,-1.));
#3156 = DIRECTION('',(1.,0.,0.));
#3157 = PCURVE('',#808,#3158);
#3158 = DEFINITIONAL_REPRESENTATION('',(#3159),#3163);
#3159 = LINE('',#3160,#3161);
#3160 = CARTESIAN_POINT('',(-6.28318530718,-17.));
#3161 = VECTOR('',#3162,1.);
#3162 = DIRECTION('',(1.,-0.));
#3163 = ( GEOMETRIC_REPRESENTATION_CONTEXT(2) 
PARAMETRIC_REPRESENTATION_CONTEXT() REPRESENTATION_CONTEXT('2D SPACE',''
  ) );
#3164 = PCURVE('',#2449,#3165);
#3165 = DEFINITIONAL_REPRESENTATION('',(#3166),#3174);
#3166 = ( BOUNDED_CURVE() B_SPLINE_CURVE(2,(#3167,#3168,#3169,#3170,
#3171,#3172,#3173),.UNSPECIFIED.,.T.,.F.) B_SPLINE_CURVE_WITH_KNOTS((1,2
    ,2,2,2,1),(-2.094395102393,0.,2.094395102393,4.188790204786,
6.28318530718,8.377580409573),.UNSPECIFIED.) CURVE() 
GEOMETRIC_REPRESENTATION_ITEM() RATIONAL_B_SPLINE_CURVE((1.,0.5,1.,0.5,
1.,0.5,1.)) REPRESENTATION_ITEM('') );
#3167 = CARTESIAN_POINT('',(-14.37766952966,17.677669529664));
#3168 = CARTESIAN_POINT('',(-14.37766952966,11.961901864686));
#3169 = CARTESIAN_POINT('',(-19.32766952966,14.819785697175));
#3170 = CARTESIAN_POINT('',(-24.27766952966,17.677669529664));
#3171 = CARTESIAN_POINT('',(-19.32766952966,20.535553362152));
#3172 = CARTESIAN_POINT('',(-14.37766952966,23.393437194641));
#3173 = CARTESIAN_POINT('',(-14.37766952966,17.677669529664));
#3174 = ( GEOMETRIC_REPRESENTATION_CONTEXT(2) 
PARAMETRIC_REPRESENTATION_CONTEXT() REPRESENTATION_CONTEXT('2D SPACE',''
  ) );
#3175 = ORIENTED_EDGE('',*,*,#3176,.T.);
#3176 = EDGE_CURVE('',#3149,#3177,#3179,.T.);
#3177 = VERTEX_POINT('',#3178);
#3178 = CARTESIAN_POINT('',(-14.37766952966,17.677669529664,2.));
#3179 = SEAM_CURVE('',#3180,(#3184,#3191),.PCURVE_S1.);
#3180 = LINE('',#3181,#3182);
#3181 = CARTESIAN_POINT('',(-14.37766952966,17.677669529664,-20.));
#3182 = VECTOR('',#3183,1.);
#3183 = DIRECTION('',(0.,0.,1.));
#3184 = PCURVE('',#808,#3185);
#3185 = DEFINITIONAL_REPRESENTATION('',(#3186),#3190);
#3186 = LINE('',#3187,#3188);
#3187 = CARTESIAN_POINT('',(-6.28318530718,0.));
#3188 = VECTOR('',#3189,1.);
#3189 = DIRECTION('',(-0.,-1.));
#3190 = ( GEOMETRIC_REPRESENTATION_CONTEXT(2) 
PARAMETRIC_REPRESENTATION_CONTEXT() REPRESENTATION_CONTEXT('2D SPACE',''
  ) );
#3191 = PCURVE('',#808,#3192);
#3192 = DEFINITIONAL_REPRESENTATION('',(#3193),#3197);
#3193 = LINE('',#3194,#3195);
#3194 = CARTESIAN_POINT('',(-0.,0.));
#3195 = VECTOR('',#3196,1.);
#3196 = DIRECTION('',(-0.,-1.));
#3197 = ( GEOMETRIC_REPRESENTATION_CONTEXT(2) 
PARAMETRIC_REPRESENTATION_CONTEXT() REPRESENTATION_CONTEXT('2D SPACE',''
  ) );
#3198 = ORIENTED_EDGE('',*,*,#3199,.F.);
#3199 = EDGE_CURVE('',#3200,#3177,#3202,.T.);
#3200 = VERTEX_POINT('',#3201);
#3201 = CARTESIAN_POINT('',(-15.2625435494,19.926483994991,2.));
#3202 = SURFACE_CURVE('',#3203,(#3208,#3215),.PCURVE_S1.);
#3203 = CIRCLE('',#3204,3.3);
#3204 = AXIS2_PLACEMENT_3D('',#3205,#3206,#3207);
#3205 = CARTESIAN_POINT('',(-17.67766952966,17.677669529664,2.));
#3206 = DIRECTION('',(0.,0.,-1.));
#3207 = DIRECTION('',(1.,0.,0.));
#3208 = PCURVE('',#808,#3209);
#3209 = DEFINITIONAL_REPRESENTATION('',(#3210),#3214);
#3210 = LINE('',#3211,#3212);
#3211 = CARTESIAN_POINT('',(-6.28318530718,-22.));
#3212 = VECTOR('',#3213,1.);
#3213 = DIRECTION('',(1.,-0.));
#3214 = ( GEOMETRIC_REPRESENTATION_CONTEXT(2) 
PARAMETRIC_REPRESENTATION_CONTEXT() REPRESENTATION_CONTEXT('2D SPACE',''
  ) );
#3215 = PCURVE('',#2564,#3216);
#3216 = DEFINITIONAL_REPRESENTATION('',(#3217),#3225);
#3217 = ( BOUNDED_CURVE() B_SPLINE_CURVE(2,(#3218,#3219,#3220,#3221,
#3222,#3223,#3224),.UNSPECIFIED.,.T.,.F.) B_SPLINE_CURVE_WITH_KNOTS((1,2
    ,2,2,2,1),(-2.094395102393,0.,2.094395102393,4.188790204786,
6.28318530718,8.377580409573),.UNSPECIFIED.) CURVE() 
GEOMETRIC_REPRESENTATION_ITEM() RATIONAL_B_SPLINE_CURVE((1.,0.5,1.,0.5,
1.,0.5,1.)) REPRESENTATION_ITEM('') );
#3218 = CARTESIAN_POINT('',(-14.37766952966,17.677669529664));
#3219 = CARTESIAN_POINT('',(-14.37766952966,11.961901864686));
#3220 = CARTESIAN_POINT('',(-19.32766952966,14.819785697175));
#3221 = CARTESIAN_POINT('',(-24.27766952966,17.677669529664));
#3222 = CARTESIAN_POINT('',(-19.32766952966,20.535553362152));
#3223 = CARTESIAN_POINT('',(-14.37766952966,23.393437194641));
#3224 = CARTESIAN_POINT('',(-14.37766952966,17.677669529664));
#3225 = ( GEOMETRIC_REPRESENTATION_CONTEXT(2) 
PARAMETRIC_REPRESENTATION_CONTEXT() REPRESENTATION_CONTEXT('2D SPACE',''
  ) );
#3226 = ORIENTED_EDGE('',*,*,#3227,.F.);
#3227 = EDGE_CURVE('',#1380,#3200,#3228,.T.);
#3228 = SURFACE_CURVE('',#3229,(#3233,#3239),.PCURVE_S1.);
#3229 = LINE('',#3230,#3231);
#3230 = CARTESIAN_POINT('',(-15.2625435494,19.926483994991,2.));
#3231 = VECTOR('',#3232,1.);
#3232 = DIRECTION('',(-0.,-0.,-1.));
#3233 = PCURVE('',#808,#3234);
#3234 = DEFINITIONAL_REPRESENTATION('',(#3235),#3238);
#3235 = B_SPLINE_CURVE_WITH_KNOTS('',1,(#3236,#3237),.UNSPECIFIED.,.F.,
  .F.,(2,2),(-4.0000006,5.999999999062E-07),.PIECEWISE_BEZIER_KNOTS.);
#3236 = CARTESIAN_POINT('',(-0.749754252712,-26.0000006));
#3237 = CARTESIAN_POINT('',(-0.749754252712,-21.9999994));
#3238 = ( GEOMETRIC_REPRESENTATION_CONTEXT(2) 
PARAMETRIC_REPRESENTATION_CONTEXT() REPRESENTATION_CONTEXT('2D SPACE',''
  ) );
#3239 = PCURVE('',#1428,#3240);
#3240 = DEFINITIONAL_REPRESENTATION('',(#3241),#3244);
#3241 = B_SPLINE_CURVE_WITH_KNOTS('',1,(#3242,#3243),.UNSPECIFIED.,.F.,
  .F.,(2,2),(-4.0000006,5.999999999062E-07),.PIECEWISE_BEZIER_KNOTS.);
#3242 = CARTESIAN_POINT('',(-2.2244228852,-4.0000006));
#3243 = CARTESIAN_POINT('',(-2.2244228852,5.999999999062E-07));
#3244 = ( GEOMETRIC_REPRESENTATION_CONTEXT(2) 
PARAMETRIC_REPRESENTATION_CONTEXT() REPRESENTATION_CONTEXT('2D SPACE',''
  ) );
#3245 = ORIENTED_EDGE('',*,*,#1377,.F.);
#3246 = ORIENTED_EDGE('',*,*,#3247,.T.);
#3247 = EDGE_CURVE('',#1378,#3248,#3250,.T.);
#3248 = VERTEX_POINT('',#3249);
#3249 = CARTESIAN_POINT('',(-19.92648399499,15.262543549402,2.));
#3250 = SURFACE_CURVE('',#3251,(#3255,#3261),.PCURVE_S1.);
#3251 = LINE('',#3252,#3253);
#3252 = CARTESIAN_POINT('',(-19.92648399499,15.262543549402,2.));
#3253 = VECTOR('',#3254,1.);
#3254 = DIRECTION('',(-0.,-0.,-1.));
#3255 = PCURVE('',#808,#3256);
#3256 = DEFINITIONAL_REPRESENTATION('',(#3257),#3260);
#3257 = B_SPLINE_CURVE_WITH_KNOTS('',1,(#3258,#3259),.UNSPECIFIED.,.F.,
  .F.,(2,2),(-4.0000006,5.999999999062E-07),.PIECEWISE_BEZIER_KNOTS.);
#3258 = CARTESIAN_POINT('',(-3.962634727673,-26.0000006));
#3259 = CARTESIAN_POINT('',(-3.962634727673,-21.9999994));
#3260 = ( GEOMETRIC_REPRESENTATION_CONTEXT(2) 
PARAMETRIC_REPRESENTATION_CONTEXT() REPRESENTATION_CONTEXT('2D SPACE',''
  ) );
#3261 = PCURVE('',#1768,#3262);
#3262 = DEFINITIONAL_REPRESENTATION('',(#3263),#3266);
#3263 = B_SPLINE_CURVE_WITH_KNOTS('',1,(#3264,#3265),.UNSPECIFIED.,.F.,
  .F.,(2,2),(-4.0000006,5.999999999062E-07),.PIECEWISE_BEZIER_KNOTS.);
#3264 = CARTESIAN_POINT('',(-2.487966095185,-4.0000006));
#3265 = CARTESIAN_POINT('',(-2.487966095185,5.999999999062E-07));
#3266 = ( GEOMETRIC_REPRESENTATION_CONTEXT(2) 
PARAMETRIC_REPRESENTATION_CONTEXT() REPRESENTATION_CONTEXT('2D SPACE',''
  ) );
#3267 = ORIENTED_EDGE('',*,*,#3268,.F.);
#3268 = EDGE_CURVE('',#3177,#3248,#3269,.T.);
#3269 = SURFACE_CURVE('',#3270,(#3275,#3282),.PCURVE_S1.);
#3270 = CIRCLE('',#3271,3.3);
#3271 = AXIS2_PLACEMENT_3D('',#3272,#3273,#3274);
#3272 = CARTESIAN_POINT('',(-17.67766952966,17.677669529664,2.));
#3273 = DIRECTION('',(0.,0.,-1.));
#3274 = DIRECTION('',(1.,0.,0.));
#3275 = PCURVE('',#808,#3276);
#3276 = DEFINITIONAL_REPRESENTATION('',(#3277),#3281);
#3277 = LINE('',#3278,#3279);
#3278 = CARTESIAN_POINT('',(-6.28318530718,-22.));
#3279 = VECTOR('',#3280,1.);
#3280 = DIRECTION('',(1.,-0.));
#3281 = ( GEOMETRIC_REPRESENTATION_CONTEXT(2) 
PARAMETRIC_REPRESENTATION_CONTEXT() REPRESENTATION_CONTEXT('2D SPACE',''
  ) );
#3282 = PCURVE('',#2564,#3283);
#3283 = DEFINITIONAL_REPRESENTATION('',(#3284),#3292);
#3284 = ( BOUNDED_CURVE() B_SPLINE_CURVE(2,(#3285,#3286,#3287,#3288,
#3289,#3290,#3291),.UNSPECIFIED.,.T.,.F.) B_SPLINE_CURVE_WITH_KNOTS((1,2
    ,2,2,2,1),(-2.094395102393,0.,2.094395102393,4.188790204786,
6.28318530718,8.377580409573),.UNSPECIFIED.) CURVE() 
GEOMETRIC_REPRESENTATION_ITEM() RATIONAL_B_SPLINE_CURVE((1.,0.5,1.,0.5,
1.,0.5,1.)) REPRESENTATION_ITEM('') );
#3285 = CARTESIAN_POINT('',(-14.37766952966,17.677669529664));
#3286 = CARTESIAN_POINT('',(-14.37766952966,11.961901864686));
#3287 = CARTESIAN_POINT('',(-19.32766952966,14.819785697175));
#3288 = CARTESIAN_POINT('',(-24.27766952966,17.677669529664));
#3289 = CARTESIAN_POINT('',(-19.32766952966,20.535553362152));
#3290 = CARTESIAN_POINT('',(-14.37766952966,23.393437194641));
#3291 = CARTESIAN_POINT('',(-14.37766952966,17.677669529664));
#3292 = ( GEOMETRIC_REPRESENTATION_CONTEXT(2) 
PARAMETRIC_REPRESENTATION_CONTEXT() REPRESENTATION_CONTEXT('2D SPACE',''
  ) );
#3293 = ORIENTED_EDGE('',*,*,#3176,.F.);
#3294 = ORIENTED_EDGE('',*,*,#3295,.T.);
#3295 = EDGE_CURVE('',#3149,#3296,#3298,.T.);
#3296 = VERTEX_POINT('',#3297);
#3297 = CARTESIAN_POINT('',(-19.77571272931,15.130472102606,-3.));
#3298 = SURFACE_CURVE('',#3299,(#3304,#3311),.PCURVE_S1.);
#3299 = CIRCLE('',#3300,3.3);
#3300 = AXIS2_PLACEMENT_3D('',#3301,#3302,#3303);
#3301 = CARTESIAN_POINT('',(-17.67766952966,17.677669529664,-3.));
#3302 = DIRECTION('',(0.,0.,-1.));
#3303 = DIRECTION('',(1.,0.,0.));
#3304 = PCURVE('',#808,#3305);
#3305 = DEFINITIONAL_REPRESENTATION('',(#3306),#3310);
#3306 = LINE('',#3307,#3308);
#3307 = CARTESIAN_POINT('',(-6.28318530718,-17.));
#3308 = VECTOR('',#3309,1.);
#3309 = DIRECTION('',(1.,-0.));
#3310 = ( GEOMETRIC_REPRESENTATION_CONTEXT(2) 
PARAMETRIC_REPRESENTATION_CONTEXT() REPRESENTATION_CONTEXT('2D SPACE',''
  ) );
#3311 = PCURVE('',#2449,#3312);
#3312 = DEFINITIONAL_REPRESENTATION('',(#3313),#3321);
#3313 = ( BOUNDED_CURVE() B_SPLINE_CURVE(2,(#3314,#3315,#3316,#3317,
#3318,#3319,#3320),.UNSPECIFIED.,.T.,.F.) B_SPLINE_CURVE_WITH_KNOTS((1,2
    ,2,2,2,1),(-2.094395102393,0.,2.094395102393,4.188790204786,
6.28318530718,8.377580409573),.UNSPECIFIED.) CURVE() 
GEOMETRIC_REPRESENTATION_ITEM() RATIONAL_B_SPLINE_CURVE((1.,0.5,1.,0.5,
1.,0.5,1.)) REPRESENTATION_ITEM('') );
#3314 = CARTESIAN_POINT('',(-14.37766952966,17.677669529664));
#3315 = CARTESIAN_POINT('',(-14.37766952966,11.961901864686));
#3316 = CARTESIAN_POINT('',(-19.32766952966,14.819785697175));
#3317 = CARTESIAN_POINT('',(-24.27766952966,17.677669529664));
#3318 = CARTESIAN_POINT('',(-19.32766952966,20.535553362152));
#3319 = CARTESIAN_POINT('',(-14.37766952966,23.393437194641));
#3320 = CARTESIAN_POINT('',(-14.37766952966,17.677669529664));
#3321 = ( GEOMETRIC_REPRESENTATION_CONTEXT(2) 
PARAMETRIC_REPRESENTATION_CONTEXT() REPRESENTATION_CONTEXT('2D SPACE',''
  ) );
#3322 = ORIENTED_EDGE('',*,*,#3323,.F.);
#3323 = EDGE_CURVE('',#759,#3296,#3324,.T.);
#3324 = SURFACE_CURVE('',#3325,(#3329,#3335),.PCURVE_S1.);
#3325 = LINE('',#3326,#3327);
#3326 = CARTESIAN_POINT('',(-19.77571272931,15.130472102606,-3.));
#3327 = VECTOR('',#3328,1.);
#3328 = DIRECTION('',(-0.,-0.,-1.));
#3329 = PCURVE('',#808,#3330);
#3330 = DEFINITIONAL_REPRESENTATION('',(#3331),#3334);
#3331 = B_SPLINE_CURVE_WITH_KNOTS('',1,(#3332,#3333),.UNSPECIFIED.,.F.,
  .F.,(2,2),(-3.0000006,5.999999999062E-07),.PIECEWISE_BEZIER_KNOTS.);
#3332 = CARTESIAN_POINT('',(-4.02338243987,-20.0000006));
#3333 = CARTESIAN_POINT('',(-4.02338243987,-16.9999994));
#3334 = ( GEOMETRIC_REPRESENTATION_CONTEXT(2) 
PARAMETRIC_REPRESENTATION_CONTEXT() REPRESENTATION_CONTEXT('2D SPACE',''
  ) );
#3335 = PCURVE('',#775,#3336);
#3336 = DEFINITIONAL_REPRESENTATION('',(#3337),#3340);
#3337 = B_SPLINE_CURVE_WITH_KNOTS('',1,(#3338,#3339),.UNSPECIFIED.,.F.,
  .F.,(2,2),(-3.0000006,5.999999999062E-07),.PIECEWISE_BEZIER_KNOTS.);
#3338 = CARTESIAN_POINT('',(-2.488495010172,-3.0000006));
#3339 = CARTESIAN_POINT('',(-2.488495010172,5.999999999062E-07));
#3340 = ( GEOMETRIC_REPRESENTATION_CONTEXT(2) 
PARAMETRIC_REPRESENTATION_CONTEXT() REPRESENTATION_CONTEXT('2D SPACE',''
  ) );
#3341 = ORIENTED_EDGE('',*,*,#787,.T.);
#3342 = ORIENTED_EDGE('',*,*,#3126,.T.);
#3343 = ADVANCED_FACE('',(#3344),#713,.T.);
#3344 = FACE_BOUND('',#3345,.F.);
#3345 = EDGE_LOOP('',(#3346,#3370,#3389,#3390));
#3346 = ORIENTED_EDGE('',*,*,#3347,.F.);
#3347 = EDGE_CURVE('',#3348,#3050,#3350,.T.);
#3348 = VERTEX_POINT('',#3349);
#3349 = CARTESIAN_POINT('',(-15.1304721026,-19.77571272931,-3.));
#3350 = SURFACE_CURVE('',#3351,(#3356,#3363),.PCURVE_S1.);
#3351 = CIRCLE('',#3352,24.9);
#3352 = AXIS2_PLACEMENT_3D('',#3353,#3354,#3355);
#3353 = CARTESIAN_POINT('',(0.,0.,-3.));
#3354 = DIRECTION('',(0.,-0.,1.));
#3355 = DIRECTION('',(0.607649482032,0.794205330494,0.));
#3356 = PCURVE('',#713,#3357);
#3357 = DEFINITIONAL_REPRESENTATION('',(#3358),#3362);
#3358 = LINE('',#3359,#3360);
#3359 = CARTESIAN_POINT('',(-0.917698683377,0.));
#3360 = VECTOR('',#3361,1.);
#3361 = DIRECTION('',(-1.,0.));
#3362 = ( GEOMETRIC_REPRESENTATION_CONTEXT(2) 
PARAMETRIC_REPRESENTATION_CONTEXT() REPRESENTATION_CONTEXT('2D SPACE',''
  ) );
#3363 = PCURVE('',#2449,#3364);
#3364 = DEFINITIONAL_REPRESENTATION('',(#3365),#3369);
#3365 = CIRCLE('',#3366,24.9);
#3366 = AXIS2_PLACEMENT_2D('',#3367,#3368);
#3367 = CARTESIAN_POINT('',(1.757352780774E-15,-1.619572327868E-15));
#3368 = DIRECTION('',(0.607649482032,0.794205330494));
#3369 = ( GEOMETRIC_REPRESENTATION_CONTEXT(2) 
PARAMETRIC_REPRESENTATION_CONTEXT() REPRESENTATION_CONTEXT('2D SPACE',''
  ) );
#3370 = ORIENTED_EDGE('',*,*,#3371,.F.);
#3371 = EDGE_CURVE('',#697,#3348,#3372,.T.);
#3372 = SURFACE_CURVE('',#3373,(#3377,#3383),.PCURVE_S1.);
#3373 = LINE('',#3374,#3375);
#3374 = CARTESIAN_POINT('',(-15.1304721026,-19.77571272931,-3.));
#3375 = VECTOR('',#3376,1.);
#3376 = DIRECTION('',(-0.,-0.,-1.));
#3377 = PCURVE('',#713,#3378);
#3378 = DEFINITIONAL_REPRESENTATION('',(#3379),#3382);
#3379 = B_SPLINE_CURVE_WITH_KNOTS('',1,(#3380,#3381),.UNSPECIFIED.,.F.,
  .F.,(2,2),(-3.0000006,5.999999999062E-07),.PIECEWISE_BEZIER_KNOTS.);
#3380 = CARTESIAN_POINT('',(-4.059291336966,-3.0000006));
#3381 = CARTESIAN_POINT('',(-4.059291336966,5.999999999062E-07));
#3382 = ( GEOMETRIC_REPRESENTATION_CONTEXT(2) 
PARAMETRIC_REPRESENTATION_CONTEXT() REPRESENTATION_CONTEXT('2D SPACE',''
  ) );
#3383 = PCURVE('',#746,#3384);
#3384 = DEFINITIONAL_REPRESENTATION('',(#3385),#3388);
#3385 = B_SPLINE_CURVE_WITH_KNOTS('',1,(#3386,#3387),.UNSPECIFIED.,.F.,
  .F.,(2,2),(-3.0000006,5.999999999062E-07),.PIECEWISE_BEZIER_KNOTS.);
#3386 = CARTESIAN_POINT('',(-5.594178766665,-20.0000006));
#3387 = CARTESIAN_POINT('',(-5.594178766665,-16.9999994));
#3388 = ( GEOMETRIC_REPRESENTATION_CONTEXT(2) 
PARAMETRIC_REPRESENTATION_CONTEXT() REPRESENTATION_CONTEXT('2D SPACE',''
  ) );
#3389 = ORIENTED_EDGE('',*,*,#696,.T.);
#3390 = ORIENTED_EDGE('',*,*,#3049,.T.);
#3391 = ADVANCED_FACE('',(#3392),#775,.T.);
#3392 = FACE_BOUND('',#3393,.F.);
#3393 = EDGE_LOOP('',(#3394,#3418,#3419,#3420));
#3394 = ORIENTED_EDGE('',*,*,#3395,.F.);
#3395 = EDGE_CURVE('',#3296,#3396,#3398,.T.);
#3396 = VERTEX_POINT('',#3397);
#3397 = CARTESIAN_POINT('',(-19.77571272931,-15.1304721026,-3.));
#3398 = SURFACE_CURVE('',#3399,(#3404,#3411),.PCURVE_S1.);
#3399 = CIRCLE('',#3400,24.9);
#3400 = AXIS2_PLACEMENT_3D('',#3401,#3402,#3403);
#3401 = CARTESIAN_POINT('',(0.,0.,-3.));
#3402 = DIRECTION('',(0.,-0.,1.));
#3403 = DIRECTION('',(0.607649482032,0.794205330494,0.));
#3404 = PCURVE('',#775,#3405);
#3405 = DEFINITIONAL_REPRESENTATION('',(#3406),#3410);
#3406 = LINE('',#3407,#3408);
#3407 = CARTESIAN_POINT('',(-0.917698683377,0.));
#3408 = VECTOR('',#3409,1.);
#3409 = DIRECTION('',(-1.,0.));
#3410 = ( GEOMETRIC_REPRESENTATION_CONTEXT(2) 
PARAMETRIC_REPRESENTATION_CONTEXT() REPRESENTATION_CONTEXT('2D SPACE',''
  ) );
#3411 = PCURVE('',#2449,#3412);
#3412 = DEFINITIONAL_REPRESENTATION('',(#3413),#3417);
#3413 = CIRCLE('',#3414,24.9);
#3414 = AXIS2_PLACEMENT_2D('',#3415,#3416);
#3415 = CARTESIAN_POINT('',(1.757352780774E-15,-1.619572327868E-15));
#3416 = DIRECTION('',(0.607649482032,0.794205330494));
#3417 = ( GEOMETRIC_REPRESENTATION_CONTEXT(2) 
PARAMETRIC_REPRESENTATION_CONTEXT() REPRESENTATION_CONTEXT('2D SPACE',''
  ) );
#3418 = ORIENTED_EDGE('',*,*,#3323,.F.);
#3419 = ORIENTED_EDGE('',*,*,#758,.T.);
#3420 = ORIENTED_EDGE('',*,*,#3421,.T.);
#3421 = EDGE_CURVE('',#726,#3396,#3422,.T.);
#3422 = SURFACE_CURVE('',#3423,(#3427,#3433),.PCURVE_S1.);
#3423 = LINE('',#3424,#3425);
#3424 = CARTESIAN_POINT('',(-19.77571272931,-15.1304721026,-3.));
#3425 = VECTOR('',#3426,1.);
#3426 = DIRECTION('',(-0.,-0.,-1.));
#3427 = PCURVE('',#775,#3428);
#3428 = DEFINITIONAL_REPRESENTATION('',(#3429),#3432);
#3429 = B_SPLINE_CURVE_WITH_KNOTS('',1,(#3430,#3431),.UNSPECIFIED.,.F.,
  .F.,(2,2),(-3.0000006,5.999999999062E-07),.PIECEWISE_BEZIER_KNOTS.);
#3430 = CARTESIAN_POINT('',(-3.794690297008,-3.0000006));
#3431 = CARTESIAN_POINT('',(-3.794690297008,5.999999999062E-07));
#3432 = ( GEOMETRIC_REPRESENTATION_CONTEXT(2) 
PARAMETRIC_REPRESENTATION_CONTEXT() REPRESENTATION_CONTEXT('2D SPACE',''
  ) );
#3433 = PCURVE('',#746,#3434);
#3434 = DEFINITIONAL_REPRESENTATION('',(#3435),#3438);
#3435 = B_SPLINE_CURVE_WITH_KNOTS('',1,(#3436,#3437),.UNSPECIFIED.,.F.,
  .F.,(2,2),(-3.0000006,5.999999999062E-07),.PIECEWISE_BEZIER_KNOTS.);
#3436 = CARTESIAN_POINT('',(-2.25980286731,-20.0000006));
#3437 = CARTESIAN_POINT('',(-2.25980286731,-16.9999994));
#3438 = ( GEOMETRIC_REPRESENTATION_CONTEXT(2) 
PARAMETRIC_REPRESENTATION_CONTEXT() REPRESENTATION_CONTEXT('2D SPACE',''
  ) );
#3439 = ADVANCED_FACE('',(#3440),#746,.F.);
#3440 = FACE_BOUND('',#3441,.T.);
#3441 = EDGE_LOOP('',(#3442,#3470,#3493,#3521,#3540,#3541,#3562,#3588,
    #3589,#3615,#3616,#3617));
#3442 = ORIENTED_EDGE('',*,*,#3443,.T.);
#3443 = EDGE_CURVE('',#3396,#3444,#3446,.T.);
#3444 = VERTEX_POINT('',#3445);
#3445 = CARTESIAN_POINT('',(-14.37766952966,-17.67766952966,-3.));
#3446 = SURFACE_CURVE('',#3447,(#3452,#3459),.PCURVE_S1.);
#3447 = CIRCLE('',#3448,3.3);
#3448 = AXIS2_PLACEMENT_3D('',#3449,#3450,#3451);
#3449 = CARTESIAN_POINT('',(-17.67766952966,-17.67766952966,-3.));
#3450 = DIRECTION('',(0.,0.,-1.));
#3451 = DIRECTION('',(1.,0.,0.));
#3452 = PCURVE('',#746,#3453);
#3453 = DEFINITIONAL_REPRESENTATION('',(#3454),#3458);
#3454 = LINE('',#3455,#3456);
#3455 = CARTESIAN_POINT('',(-6.28318530718,-17.));
#3456 = VECTOR('',#3457,1.);
#3457 = DIRECTION('',(1.,-0.));
#3458 = ( GEOMETRIC_REPRESENTATION_CONTEXT(2) 
PARAMETRIC_REPRESENTATION_CONTEXT() REPRESENTATION_CONTEXT('2D SPACE',''
  ) );
#3459 = PCURVE('',#2449,#3460);
#3460 = DEFINITIONAL_REPRESENTATION('',(#3461),#3469);
#3461 = ( BOUNDED_CURVE() B_SPLINE_CURVE(2,(#3462,#3463,#3464,#3465,
#3466,#3467,#3468),.UNSPECIFIED.,.T.,.F.) B_SPLINE_CURVE_WITH_KNOTS((1,2
    ,2,2,2,1),(-2.094395102393,0.,2.094395102393,4.188790204786,
6.28318530718,8.377580409573),.UNSPECIFIED.) CURVE() 
GEOMETRIC_REPRESENTATION_ITEM() RATIONAL_B_SPLINE_CURVE((1.,0.5,1.,0.5,
1.,0.5,1.)) REPRESENTATION_ITEM('') );
#3462 = CARTESIAN_POINT('',(-14.37766952966,-17.67766952966));
#3463 = CARTESIAN_POINT('',(-14.37766952966,-23.39343719464));
#3464 = CARTESIAN_POINT('',(-19.32766952966,-20.53555336215));
#3465 = CARTESIAN_POINT('',(-24.27766952966,-17.67766952966));
#3466 = CARTESIAN_POINT('',(-19.32766952966,-14.81978569717));
#3467 = CARTESIAN_POINT('',(-14.37766952966,-11.96190186468));
#3468 = CARTESIAN_POINT('',(-14.37766952966,-17.67766952966));
#3469 = ( GEOMETRIC_REPRESENTATION_CONTEXT(2) 
PARAMETRIC_REPRESENTATION_CONTEXT() REPRESENTATION_CONTEXT('2D SPACE',''
  ) );
#3470 = ORIENTED_EDGE('',*,*,#3471,.T.);
#3471 = EDGE_CURVE('',#3444,#3472,#3474,.T.);
#3472 = VERTEX_POINT('',#3473);
#3473 = CARTESIAN_POINT('',(-14.37766952966,-17.67766952966,2.));
#3474 = SEAM_CURVE('',#3475,(#3479,#3486),.PCURVE_S1.);
#3475 = LINE('',#3476,#3477);
#3476 = CARTESIAN_POINT('',(-14.37766952966,-17.67766952966,-20.));
#3477 = VECTOR('',#3478,1.);
#3478 = DIRECTION('',(0.,0.,1.));
#3479 = PCURVE('',#746,#3480);
#3480 = DEFINITIONAL_REPRESENTATION('',(#3481),#3485);
#3481 = LINE('',#3482,#3483);
#3482 = CARTESIAN_POINT('',(-6.28318530718,0.));
#3483 = VECTOR('',#3484,1.);
#3484 = DIRECTION('',(-0.,-1.));
#3485 = ( GEOMETRIC_REPRESENTATION_CONTEXT(2) 
PARAMETRIC_REPRESENTATION_CONTEXT() REPRESENTATION_CONTEXT('2D SPACE',''
  ) );
#3486 = PCURVE('',#746,#3487);
#3487 = DEFINITIONAL_REPRESENTATION('',(#3488),#3492);
#3488 = LINE('',#3489,#3490);
#3489 = CARTESIAN_POINT('',(-0.,0.));
#3490 = VECTOR('',#3491,1.);
#3491 = DIRECTION('',(-0.,-1.));
#3492 = ( GEOMETRIC_REPRESENTATION_CONTEXT(2) 
PARAMETRIC_REPRESENTATION_CONTEXT() REPRESENTATION_CONTEXT('2D SPACE',''
  ) );
#3493 = ORIENTED_EDGE('',*,*,#3494,.F.);
#3494 = EDGE_CURVE('',#3495,#3472,#3497,.T.);
#3495 = VERTEX_POINT('',#3496);
#3496 = CARTESIAN_POINT('',(-19.92648399499,-15.2625435494,2.));
#3497 = SURFACE_CURVE('',#3498,(#3503,#3510),.PCURVE_S1.);
#3498 = CIRCLE('',#3499,3.3);
#3499 = AXIS2_PLACEMENT_3D('',#3500,#3501,#3502);
#3500 = CARTESIAN_POINT('',(-17.67766952966,-17.67766952966,2.));
#3501 = DIRECTION('',(0.,0.,-1.));
#3502 = DIRECTION('',(1.,0.,0.));
#3503 = PCURVE('',#746,#3504);
#3504 = DEFINITIONAL_REPRESENTATION('',(#3505),#3509);
#3505 = LINE('',#3506,#3507);
#3506 = CARTESIAN_POINT('',(-6.28318530718,-22.));
#3507 = VECTOR('',#3508,1.);
#3508 = DIRECTION('',(1.,-0.));
#3509 = ( GEOMETRIC_REPRESENTATION_CONTEXT(2) 
PARAMETRIC_REPRESENTATION_CONTEXT() REPRESENTATION_CONTEXT('2D SPACE',''
  ) );
#3510 = PCURVE('',#2564,#3511);
#3511 = DEFINITIONAL_REPRESENTATION('',(#3512),#3520);
#3512 = ( BOUNDED_CURVE() B_SPLINE_CURVE(2,(#3513,#3514,#3515,#3516,
#3517,#3518,#3519),.UNSPECIFIED.,.T.,.F.) B_SPLINE_CURVE_WITH_KNOTS((1,2
    ,2,2,2,1),(-2.094395102393,0.,2.094395102393,4.188790204786,
6.28318530718,8.377580409573),.UNSPECIFIED.) CURVE() 
GEOMETRIC_REPRESENTATION_ITEM() RATIONAL_B_SPLINE_CURVE((1.,0.5,1.,0.5,
1.,0.5,1.)) REPRESENTATION_ITEM('') );
#3513 = CARTESIAN_POINT('',(-14.37766952966,-17.67766952966));
#3514 = CARTESIAN_POINT('',(-14.37766952966,-23.39343719464));
#3515 = CARTESIAN_POINT('',(-19.32766952966,-20.53555336215));
#3516 = CARTESIAN_POINT('',(-24.27766952966,-17.67766952966));
#3517 = CARTESIAN_POINT('',(-19.32766952966,-14.81978569717));
#3518 = CARTESIAN_POINT('',(-14.37766952966,-11.96190186468));
#3519 = CARTESIAN_POINT('',(-14.37766952966,-17.67766952966));
#3520 = ( GEOMETRIC_REPRESENTATION_CONTEXT(2) 
PARAMETRIC_REPRESENTATION_CONTEXT() REPRESENTATION_CONTEXT('2D SPACE',''
  ) );
#3521 = ORIENTED_EDGE('',*,*,#3522,.F.);
#3522 = EDGE_CURVE('',#1722,#3495,#3523,.T.);
#3523 = SURFACE_CURVE('',#3524,(#3528,#3534),.PCURVE_S1.);
#3524 = LINE('',#3525,#3526);
#3525 = CARTESIAN_POINT('',(-19.92648399499,-15.2625435494,2.));
#3526 = VECTOR('',#3527,1.);
#3527 = DIRECTION('',(-0.,-0.,-1.));
#3528 = PCURVE('',#746,#3529);
#3529 = DEFINITIONAL_REPRESENTATION('',(#3530),#3533);
#3530 = B_SPLINE_CURVE_WITH_KNOTS('',1,(#3531,#3532),.UNSPECIFIED.,.F.,
  .F.,(2,2),(-4.0000006,5.999999999062E-07),.PIECEWISE_BEZIER_KNOTS.);
#3531 = CARTESIAN_POINT('',(-2.320550579506,-26.0000006));
#3532 = CARTESIAN_POINT('',(-2.320550579506,-21.9999994));
#3533 = ( GEOMETRIC_REPRESENTATION_CONTEXT(2) 
PARAMETRIC_REPRESENTATION_CONTEXT() REPRESENTATION_CONTEXT('2D SPACE',''
  ) );
#3534 = PCURVE('',#1768,#3535);
#3535 = DEFINITIONAL_REPRESENTATION('',(#3536),#3539);
#3536 = B_SPLINE_CURVE_WITH_KNOTS('',1,(#3537,#3538),.UNSPECIFIED.,.F.,
  .F.,(2,2),(-4.0000006,5.999999999062E-07),.PIECEWISE_BEZIER_KNOTS.);
#3537 = CARTESIAN_POINT('',(-3.795219211995,-4.0000006));
#3538 = CARTESIAN_POINT('',(-3.795219211995,5.999999999062E-07));
#3539 = ( GEOMETRIC_REPRESENTATION_CONTEXT(2) 
PARAMETRIC_REPRESENTATION_CONTEXT() REPRESENTATION_CONTEXT('2D SPACE',''
  ) );
#3540 = ORIENTED_EDGE('',*,*,#1721,.F.);
#3541 = ORIENTED_EDGE('',*,*,#3542,.T.);
#3542 = EDGE_CURVE('',#1689,#3543,#3545,.T.);
#3543 = VERTEX_POINT('',#3544);
#3544 = CARTESIAN_POINT('',(-15.2625435494,-19.92648399499,2.));
#3545 = SURFACE_CURVE('',#3546,(#3550,#3556),.PCURVE_S1.);
#3546 = LINE('',#3547,#3548);
#3547 = CARTESIAN_POINT('',(-15.2625435494,-19.92648399499,2.));
#3548 = VECTOR('',#3549,1.);
#3549 = DIRECTION('',(-0.,-0.,-1.));
#3550 = PCURVE('',#746,#3551);
#3551 = DEFINITIONAL_REPRESENTATION('',(#3552),#3555);
#3552 = B_SPLINE_CURVE_WITH_KNOTS('',1,(#3553,#3554),.UNSPECIFIED.,.F.,
  .F.,(2,2),(-4.0000006,5.999999999062E-07),.PIECEWISE_BEZIER_KNOTS.);
#3553 = CARTESIAN_POINT('',(-5.533431054468,-26.0000006));
#3554 = CARTESIAN_POINT('',(-5.533431054468,-21.9999994));
#3555 = ( GEOMETRIC_REPRESENTATION_CONTEXT(2) 
PARAMETRIC_REPRESENTATION_CONTEXT() REPRESENTATION_CONTEXT('2D SPACE',''
  ) );
#3556 = PCURVE('',#1709,#3557);
#3557 = DEFINITIONAL_REPRESENTATION('',(#3558),#3561);
#3558 = B_SPLINE_CURVE_WITH_KNOTS('',1,(#3559,#3560),.UNSPECIFIED.,.F.,
  .F.,(2,2),(-4.0000006,5.999999999062E-07),.PIECEWISE_BEZIER_KNOTS.);
#3559 = CARTESIAN_POINT('',(-4.058762421979,-4.0000006));
#3560 = CARTESIAN_POINT('',(-4.058762421979,5.999999999062E-07));
#3561 = ( GEOMETRIC_REPRESENTATION_CONTEXT(2) 
PARAMETRIC_REPRESENTATION_CONTEXT() REPRESENTATION_CONTEXT('2D SPACE',''
  ) );
#3562 = ORIENTED_EDGE('',*,*,#3563,.F.);
#3563 = EDGE_CURVE('',#3472,#3543,#3564,.T.);
#3564 = SURFACE_CURVE('',#3565,(#3570,#3577),.PCURVE_S1.);
#3565 = CIRCLE('',#3566,3.3);
#3566 = AXIS2_PLACEMENT_3D('',#3567,#3568,#3569);
#3567 = CARTESIAN_POINT('',(-17.67766952966,-17.67766952966,2.));
#3568 = DIRECTION('',(0.,0.,-1.));
#3569 = DIRECTION('',(1.,0.,0.));
#3570 = PCURVE('',#746,#3571);
#3571 = DEFINITIONAL_REPRESENTATION('',(#3572),#3576);
#3572 = LINE('',#3573,#3574);
#3573 = CARTESIAN_POINT('',(-6.28318530718,-22.));
#3574 = VECTOR('',#3575,1.);
#3575 = DIRECTION('',(1.,-0.));
#3576 = ( GEOMETRIC_REPRESENTATION_CONTEXT(2) 
PARAMETRIC_REPRESENTATION_CONTEXT() REPRESENTATION_CONTEXT('2D SPACE',''
  ) );
#3577 = PCURVE('',#2564,#3578);
#3578 = DEFINITIONAL_REPRESENTATION('',(#3579),#3587);
#3579 = ( BOUNDED_CURVE() B_SPLINE_CURVE(2,(#3580,#3581,#3582,#3583,
#3584,#3585,#3586),.UNSPECIFIED.,.T.,.F.) B_SPLINE_CURVE_WITH_KNOTS((1,2
    ,2,2,2,1),(-2.094395102393,0.,2.094395102393,4.188790204786,
6.28318530718,8.377580409573),.UNSPECIFIED.) CURVE() 
GEOMETRIC_REPRESENTATION_ITEM() RATIONAL_B_SPLINE_CURVE((1.,0.5,1.,0.5,
1.,0.5,1.)) REPRESENTATION_ITEM('') );
#3580 = CARTESIAN_POINT('',(-14.37766952966,-17.67766952966));
#3581 = CARTESIAN_POINT('',(-14.37766952966,-23.39343719464));
#3582 = CARTESIAN_POINT('',(-19.32766952966,-20.53555336215));
#3583 = CARTESIAN_POINT('',(-24.27766952966,-17.67766952966));
#3584 = CARTESIAN_POINT('',(-19.32766952966,-14.81978569717));
#3585 = CARTESIAN_POINT('',(-14.37766952966,-11.96190186468));
#3586 = CARTESIAN_POINT('',(-14.37766952966,-17.67766952966));
#3587 = ( GEOMETRIC_REPRESENTATION_CONTEXT(2) 
PARAMETRIC_REPRESENTATION_CONTEXT() REPRESENTATION_CONTEXT('2D SPACE',''
  ) );
#3588 = ORIENTED_EDGE('',*,*,#3471,.F.);
#3589 = ORIENTED_EDGE('',*,*,#3590,.T.);
#3590 = EDGE_CURVE('',#3444,#3348,#3591,.T.);
#3591 = SURFACE_CURVE('',#3592,(#3597,#3604),.PCURVE_S1.);
#3592 = CIRCLE('',#3593,3.3);
#3593 = AXIS2_PLACEMENT_3D('',#3594,#3595,#3596);
#3594 = CARTESIAN_POINT('',(-17.67766952966,-17.67766952966,-3.));
#3595 = DIRECTION('',(0.,0.,-1.));
#3596 = DIRECTION('',(1.,0.,0.));
#3597 = PCURVE('',#746,#3598);
#3598 = DEFINITIONAL_REPRESENTATION('',(#3599),#3603);
#3599 = LINE('',#3600,#3601);
#3600 = CARTESIAN_POINT('',(-6.28318530718,-17.));
#3601 = VECTOR('',#3602,1.);
#3602 = DIRECTION('',(1.,-0.));
#3603 = ( GEOMETRIC_REPRESENTATION_CONTEXT(2) 
PARAMETRIC_REPRESENTATION_CONTEXT() REPRESENTATION_CONTEXT('2D SPACE',''
  ) );
#3604 = PCURVE('',#2449,#3605);
#3605 = DEFINITIONAL_REPRESENTATION('',(#3606),#3614);
#3606 = ( BOUNDED_CURVE() B_SPLINE_CURVE(2,(#3607,#3608,#3609,#3610,
#3611,#3612,#3613),.UNSPECIFIED.,.T.,.F.) B_SPLINE_CURVE_WITH_KNOTS((1,2
    ,2,2,2,1),(-2.094395102393,0.,2.094395102393,4.188790204786,
6.28318530718,8.377580409573),.UNSPECIFIED.) CURVE() 
GEOMETRIC_REPRESENTATION_ITEM() RATIONAL_B_SPLINE_CURVE((1.,0.5,1.,0.5,
1.,0.5,1.)) REPRESENTATION_ITEM('') );
#3607 = CARTESIAN_POINT('',(-14.37766952966,-17.67766952966));
#3608 = CARTESIAN_POINT('',(-14.37766952966,-23.39343719464));
#3609 = CARTESIAN_POINT('',(-19.32766952966,-20.53555336215));
#3610 = CARTESIAN_POINT('',(-24.27766952966,-17.67766952966));
#3611 = CARTESIAN_POINT('',(-19.32766952966,-14.81978569717));
#3612 = CARTESIAN_POINT('',(-14.37766952966,-11.96190186468));
#3613 = CARTESIAN_POINT('',(-14.37766952966,-17.67766952966));
#3614 = ( GEOMETRIC_REPRESENTATION_CONTEXT(2) 
PARAMETRIC_REPRESENTATION_CONTEXT() REPRESENTATION_CONTEXT('2D SPACE',''
  ) );
#3615 = ORIENTED_EDGE('',*,*,#3371,.F.);
#3616 = ORIENTED_EDGE('',*,*,#725,.T.);
#3617 = ORIENTED_EDGE('',*,*,#3421,.T.);
#3618 = ADVANCED_FACE('',(#3619),#955,.F.);
#3619 = FACE_BOUND('',#3620,.T.);
#3620 = EDGE_LOOP('',(#3621,#3622,#3643,#3644));
#3621 = ORIENTED_EDGE('',*,*,#934,.T.);
#3622 = ORIENTED_EDGE('',*,*,#3623,.T.);
#3623 = EDGE_CURVE('',#935,#1783,#3624,.T.);
#3624 = SEAM_CURVE('',#3625,(#3629,#3636),.PCURVE_S1.);
#3625 = LINE('',#3626,#3627);
#3626 = CARTESIAN_POINT('',(44.5,0.,-20.));
#3627 = VECTOR('',#3628,1.);
#3628 = DIRECTION('',(0.,0.,1.));
#3629 = PCURVE('',#955,#3630);
#3630 = DEFINITIONAL_REPRESENTATION('',(#3631),#3635);
#3631 = LINE('',#3632,#3633);
#3632 = CARTESIAN_POINT('',(-6.28318530718,0.));
#3633 = VECTOR('',#3634,1.);
#3634 = DIRECTION('',(-0.,-1.));
#3635 = ( GEOMETRIC_REPRESENTATION_CONTEXT(2) 
PARAMETRIC_REPRESENTATION_CONTEXT() REPRESENTATION_CONTEXT('2D SPACE',''
  ) );
#3636 = PCURVE('',#955,#3637);
#3637 = DEFINITIONAL_REPRESENTATION('',(#3638),#3642);
#3638 = LINE('',#3639,#3640);
#3639 = CARTESIAN_POINT('',(-0.,0.));
#3640 = VECTOR('',#3641,1.);
#3641 = DIRECTION('',(-0.,-1.));
#3642 = ( GEOMETRIC_REPRESENTATION_CONTEXT(2) 
PARAMETRIC_REPRESENTATION_CONTEXT() REPRESENTATION_CONTEXT('2D SPACE',''
  ) );
#3643 = ORIENTED_EDGE('',*,*,#1782,.F.);
#3644 = ORIENTED_EDGE('',*,*,#3623,.F.);
#3645 = ADVANCED_FACE('',(#3646),#990,.F.);
#3646 = FACE_BOUND('',#3647,.T.);
#3647 = EDGE_LOOP('',(#3648,#3649,#3670,#3671));
#3648 = ORIENTED_EDGE('',*,*,#969,.T.);
#3649 = ORIENTED_EDGE('',*,*,#3650,.T.);
#3650 = EDGE_CURVE('',#970,#1813,#3651,.T.);
#3651 = SEAM_CURVE('',#3652,(#3656,#3663),.PCURVE_S1.);
#3652 = LINE('',#3653,#3654);
#3653 = CARTESIAN_POINT('',(-15.5,34.641016151378,-20.));
#3654 = VECTOR('',#3655,1.);
#3655 = DIRECTION('',(0.,0.,1.));
#3656 = PCURVE('',#990,#3657);
#3657 = DEFINITIONAL_REPRESENTATION('',(#3658),#3662);
#3658 = LINE('',#3659,#3660);
#3659 = CARTESIAN_POINT('',(-6.28318530718,0.));
#3660 = VECTOR('',#3661,1.);
#3661 = DIRECTION('',(-0.,-1.));
#3662 = ( GEOMETRIC_REPRESENTATION_CONTEXT(2) 
PARAMETRIC_REPRESENTATION_CONTEXT() REPRESENTATION_CONTEXT('2D SPACE',''
  ) );
#3663 = PCURVE('',#990,#3664);
#3664 = DEFINITIONAL_REPRESENTATION('',(#3665),#3669);
#3665 = LINE('',#3666,#3667);
#3666 = CARTESIAN_POINT('',(-0.,0.));
#3667 = VECTOR('',#3668,1.);
#3668 = DIRECTION('',(-0.,-1.));
#3669 = ( GEOMETRIC_REPRESENTATION_CONTEXT(2) 
PARAMETRIC_REPRESENTATION_CONTEXT() REPRESENTATION_CONTEXT('2D SPACE',''
  ) );
#3670 = ORIENTED_EDGE('',*,*,#1812,.F.);
#3671 = ORIENTED_EDGE('',*,*,#3650,.F.);
#3672 = ADVANCED_FACE('',(#3673),#1025,.F.);
#3673 = FACE_BOUND('',#3674,.T.);
#3674 = EDGE_LOOP('',(#3675,#3676,#3697,#3698));
#3675 = ORIENTED_EDGE('',*,*,#1004,.T.);
#3676 = ORIENTED_EDGE('',*,*,#3677,.T.);
#3677 = EDGE_CURVE('',#1005,#1843,#3678,.T.);
#3678 = SEAM_CURVE('',#3679,(#3683,#3690),.PCURVE_S1.);
#3679 = LINE('',#3680,#3681);
#3680 = CARTESIAN_POINT('',(24.5,34.641016151378,-20.));
#3681 = VECTOR('',#3682,1.);
#3682 = DIRECTION('',(0.,0.,1.));
#3683 = PCURVE('',#1025,#3684);
#3684 = DEFINITIONAL_REPRESENTATION('',(#3685),#3689);
#3685 = LINE('',#3686,#3687);
#3686 = CARTESIAN_POINT('',(-6.28318530718,0.));
#3687 = VECTOR('',#3688,1.);
#3688 = DIRECTION('',(-0.,-1.));
#3689 = ( GEOMETRIC_REPRESENTATION_CONTEXT(2) 
PARAMETRIC_REPRESENTATION_CONTEXT() REPRESENTATION_CONTEXT('2D SPACE',''
  ) );
#3690 = PCURVE('',#1025,#3691);
#3691 = DEFINITIONAL_REPRESENTATION('',(#3692),#3696);
#3692 = LINE('',#3693,#3694);
#3693 = CARTESIAN_POINT('',(-0.,0.));
#3694 = VECTOR('',#3695,1.);
#3695 = DIRECTION('',(-0.,-1.));
#3696 = ( GEOMETRIC_REPRESENTATION_CONTEXT(2) 
PARAMETRIC_REPRESENTATION_CONTEXT() REPRESENTATION_CONTEXT('2D SPACE',''
  ) );
#3697 = ORIENTED_EDGE('',*,*,#1842,.F.);
#3698 = ORIENTED_EDGE('',*,*,#3677,.F.);
#3699 = ADVANCED_FACE('',(#3700),#1056,.F.);
#3700 = FACE_BOUND('',#3701,.F.);
#3701 = EDGE_LOOP('',(#3702,#3703,#3724,#3725));
#3702 = ORIENTED_EDGE('',*,*,#1039,.T.);
#3703 = ORIENTED_EDGE('',*,*,#3704,.T.);
#3704 = EDGE_CURVE('',#1042,#1875,#3705,.T.);
#3705 = SURFACE_CURVE('',#3706,(#3710,#3717),.PCURVE_S1.);
#3706 = LINE('',#3707,#3708);
#3707 = CARTESIAN_POINT('',(-4.1,38.6,-20.));
#3708 = VECTOR('',#3709,1.);
#3709 = DIRECTION('',(0.,0.,1.));
#3710 = PCURVE('',#1056,#3711);
#3711 = DEFINITIONAL_REPRESENTATION('',(#3712),#3716);
#3712 = LINE('',#3713,#3714);
#3713 = CARTESIAN_POINT('',(0.,0.));
#3714 = VECTOR('',#3715,1.);
#3715 = DIRECTION('',(0.,-1.));
#3716 = ( GEOMETRIC_REPRESENTATION_CONTEXT(2) 
PARAMETRIC_REPRESENTATION_CONTEXT() REPRESENTATION_CONTEXT('2D SPACE',''
  ) );
#3717 = PCURVE('',#1145,#3718);
#3718 = DEFINITIONAL_REPRESENTATION('',(#3719),#3723);
#3719 = LINE('',#3720,#3721);
#3720 = CARTESIAN_POINT('',(3.14159265359,0.));
#3721 = VECTOR('',#3722,1.);
#3722 = DIRECTION('',(0.,-1.));
#3723 = ( GEOMETRIC_REPRESENTATION_CONTEXT(2) 
PARAMETRIC_REPRESENTATION_CONTEXT() REPRESENTATION_CONTEXT('2D SPACE',''
  ) );
#3724 = ORIENTED_EDGE('',*,*,#1872,.F.);
#3725 = ORIENTED_EDGE('',*,*,#3726,.F.);
#3726 = EDGE_CURVE('',#1040,#1873,#3727,.T.);
#3727 = SURFACE_CURVE('',#3728,(#3732,#3739),.PCURVE_S1.);
#3728 = LINE('',#3729,#3730);
#3729 = CARTESIAN_POINT('',(-4.1,41.4,-20.));
#3730 = VECTOR('',#3731,1.);
#3731 = DIRECTION('',(0.,0.,1.));
#3732 = PCURVE('',#1056,#3733);
#3733 = DEFINITIONAL_REPRESENTATION('',(#3734),#3738);
#3734 = LINE('',#3735,#3736);
#3735 = CARTESIAN_POINT('',(2.8,0.));
#3736 = VECTOR('',#3737,1.);
#3737 = DIRECTION('',(0.,-1.));
#3738 = ( GEOMETRIC_REPRESENTATION_CONTEXT(2) 
PARAMETRIC_REPRESENTATION_CONTEXT() REPRESENTATION_CONTEXT('2D SPACE',''
  ) );
#3739 = PCURVE('',#1088,#3740);
#3740 = DEFINITIONAL_REPRESENTATION('',(#3741),#3745);
#3741 = LINE('',#3742,#3743);
#3742 = CARTESIAN_POINT('',(0.,0.));
#3743 = VECTOR('',#3744,1.);
#3744 = DIRECTION('',(0.,-1.));
#3745 = ( GEOMETRIC_REPRESENTATION_CONTEXT(2) 
PARAMETRIC_REPRESENTATION_CONTEXT() REPRESENTATION_CONTEXT('2D SPACE',''
  ) );
#3746 = ADVANCED_FACE('',(#3747),#1145,.F.);
#3747 = FACE_BOUND('',#3748,.F.);
#3748 = EDGE_LOOP('',(#3749,#3750,#3771,#3772));
#3749 = ORIENTED_EDGE('',*,*,#1126,.F.);
#3750 = ORIENTED_EDGE('',*,*,#3751,.T.);
#3751 = EDGE_CURVE('',#1101,#1924,#3752,.T.);
#3752 = SURFACE_CURVE('',#3753,(#3757,#3764),.PCURVE_S1.);
#3753 = LINE('',#3754,#3755);
#3754 = CARTESIAN_POINT('',(4.1,38.6,-20.));
#3755 = VECTOR('',#3756,1.);
#3756 = DIRECTION('',(0.,0.,1.));
#3757 = PCURVE('',#1145,#3758);
#3758 = DEFINITIONAL_REPRESENTATION('',(#3759),#3763);
#3759 = LINE('',#3760,#3761);
#3760 = CARTESIAN_POINT('',(0.,0.));
#3761 = VECTOR('',#3762,1.);
#3762 = DIRECTION('',(0.,-1.));
#3763 = ( GEOMETRIC_REPRESENTATION_CONTEXT(2) 
PARAMETRIC_REPRESENTATION_CONTEXT() REPRESENTATION_CONTEXT('2D SPACE',''
  ) );
#3764 = PCURVE('',#1115,#3765);
#3765 = DEFINITIONAL_REPRESENTATION('',(#3766),#3770);
#3766 = LINE('',#3767,#3768);
#3767 = CARTESIAN_POINT('',(2.8,0.));
#3768 = VECTOR('',#3769,1.);
#3769 = DIRECTION('',(0.,-1.));
#3770 = ( GEOMETRIC_REPRESENTATION_CONTEXT(2) 
PARAMETRIC_REPRESENTATION_CONTEXT() REPRESENTATION_CONTEXT('2D SPACE',''
  ) );
#3771 = ORIENTED_EDGE('',*,*,#1944,.T.);
#3772 = ORIENTED_EDGE('',*,*,#3704,.F.);
#3773 = ADVANCED_FACE('',(#3774),#1115,.F.);
#3774 = FACE_BOUND('',#3775,.F.);
#3775 = EDGE_LOOP('',(#3776,#3777,#3798,#3799));
#3776 = ORIENTED_EDGE('',*,*,#1100,.T.);
#3777 = ORIENTED_EDGE('',*,*,#3778,.T.);
#3778 = EDGE_CURVE('',#1068,#1896,#3779,.T.);
#3779 = SURFACE_CURVE('',#3780,(#3784,#3791),.PCURVE_S1.);
#3780 = LINE('',#3781,#3782);
#3781 = CARTESIAN_POINT('',(4.1,41.4,-20.));
#3782 = VECTOR('',#3783,1.);
#3783 = DIRECTION('',(0.,0.,1.));
#3784 = PCURVE('',#1115,#3785);
#3785 = DEFINITIONAL_REPRESENTATION('',(#3786),#3790);
#3786 = LINE('',#3787,#3788);
#3787 = CARTESIAN_POINT('',(0.,0.));
#3788 = VECTOR('',#3789,1.);
#3789 = DIRECTION('',(0.,-1.));
#3790 = ( GEOMETRIC_REPRESENTATION_CONTEXT(2) 
PARAMETRIC_REPRESENTATION_CONTEXT() REPRESENTATION_CONTEXT('2D SPACE',''
  ) );
#3791 = PCURVE('',#1088,#3792);
#3792 = DEFINITIONAL_REPRESENTATION('',(#3793),#3797);
#3793 = LINE('',#3794,#3795);
#3794 = CARTESIAN_POINT('',(3.14159265359,0.));
#3795 = VECTOR('',#3796,1.);
#3796 = DIRECTION('',(0.,-1.));
#3797 = ( GEOMETRIC_REPRESENTATION_CONTEXT(2) 
PARAMETRIC_REPRESENTATION_CONTEXT() REPRESENTATION_CONTEXT('2D SPACE',''
  ) );
#3798 = ORIENTED_EDGE('',*,*,#1923,.F.);
#3799 = ORIENTED_EDGE('',*,*,#3751,.F.);
#3800 = ADVANCED_FACE('',(#3801),#1088,.F.);
#3801 = FACE_BOUND('',#3802,.F.);
#3802 = EDGE_LOOP('',(#3803,#3804,#3805,#3806));
#3803 = ORIENTED_EDGE('',*,*,#1067,.F.);
#3804 = ORIENTED_EDGE('',*,*,#3726,.T.);
#3805 = ORIENTED_EDGE('',*,*,#1895,.T.);
#3806 = ORIENTED_EDGE('',*,*,#3778,.F.);
#3807 = ADVANCED_FACE('',(#3808),#1200,.T.);
#3808 = FACE_BOUND('',#3809,.T.);
#3809 = EDGE_LOOP('',(#3810,#3811,#3832,#3833));
#3810 = ORIENTED_EDGE('',*,*,#2208,.T.);
#3811 = ORIENTED_EDGE('',*,*,#3812,.T.);
#3812 = EDGE_CURVE('',#2209,#1974,#3813,.T.);
#3813 = SURFACE_CURVE('',#3814,(#3818,#3825),.PCURVE_S1.);
#3814 = LINE('',#3815,#3816);
#3815 = CARTESIAN_POINT('',(26.162950903902,57.27564927611,-19.05));
#3816 = VECTOR('',#3817,1.);
#3817 = DIRECTION('',(-0.707106781187,-0.707106781187,0.));
#3818 = PCURVE('',#1200,#3819);
#3819 = DEFINITIONAL_REPRESENTATION('',(#3820),#3824);
#3820 = LINE('',#3821,#3822);
#3821 = CARTESIAN_POINT('',(1.570796326795,0.));
#3822 = VECTOR('',#3823,1.);
#3823 = DIRECTION('',(0.,1.));
#3824 = ( GEOMETRIC_REPRESENTATION_CONTEXT(2) 
PARAMETRIC_REPRESENTATION_CONTEXT() REPRESENTATION_CONTEXT('2D SPACE',''
  ) );
#3825 = PCURVE('',#2042,#3826);
#3826 = DEFINITIONAL_REPRESENTATION('',(#3827),#3831);
#3827 = LINE('',#3828,#3829);
#3828 = CARTESIAN_POINT('',(3.,22.));
#3829 = VECTOR('',#3830,1.);
#3830 = DIRECTION('',(-1.,-1.014653635757E-17));
#3831 = ( GEOMETRIC_REPRESENTATION_CONTEXT(2) 
PARAMETRIC_REPRESENTATION_CONTEXT() REPRESENTATION_CONTEXT('2D SPACE',''
  ) );
#3832 = ORIENTED_EDGE('',*,*,#1973,.F.);
#3833 = ORIENTED_EDGE('',*,*,#1184,.F.);
#3834 = ADVANCED_FACE('',(#3835),#1768,.F.);
#3835 = FACE_BOUND('',#3836,.T.);
#3836 = EDGE_LOOP('',(#3837,#3838,#3839,#3865));
#3837 = ORIENTED_EDGE('',*,*,#1749,.F.);
#3838 = ORIENTED_EDGE('',*,*,#3522,.T.);
#3839 = ORIENTED_EDGE('',*,*,#3840,.T.);
#3840 = EDGE_CURVE('',#3495,#3248,#3841,.T.);
#3841 = SURFACE_CURVE('',#3842,(#3847,#3854),.PCURVE_S1.);
#3842 = CIRCLE('',#3843,25.1);
#3843 = AXIS2_PLACEMENT_3D('',#3844,#3845,#3846);
#3844 = CARTESIAN_POINT('',(0.,0.,2.));
#3845 = DIRECTION('',(0.,0.,-1.));
#3846 = DIRECTION('',(0.793883824502,0.60806946412,0.));
#3847 = PCURVE('',#1768,#3848);
#3848 = DEFINITIONAL_REPRESENTATION('',(#3849),#3853);
#3849 = LINE('',#3850,#3851);
#3850 = CARTESIAN_POINT('',(-6.936811865585,0.));
#3851 = VECTOR('',#3852,1.);
#3852 = DIRECTION('',(1.,-0.));
#3853 = ( GEOMETRIC_REPRESENTATION_CONTEXT(2) 
PARAMETRIC_REPRESENTATION_CONTEXT() REPRESENTATION_CONTEXT('2D SPACE',''
  ) );
#3854 = PCURVE('',#2564,#3855);
#3855 = DEFINITIONAL_REPRESENTATION('',(#3856),#3864);
#3856 = ( BOUNDED_CURVE() B_SPLINE_CURVE(2,(#3857,#3858,#3859,#3860,
#3861,#3862,#3863),.UNSPECIFIED.,.T.,.F.) B_SPLINE_CURVE_WITH_KNOTS((1,2
    ,2,2,2,1),(-2.094395102393,0.,2.094395102393,4.188790204786,
6.28318530718,8.377580409573),.UNSPECIFIED.) CURVE() 
GEOMETRIC_REPRESENTATION_ITEM() RATIONAL_B_SPLINE_CURVE((1.,0.5,1.,0.5,
1.,0.5,1.)) REPRESENTATION_ITEM('') );
#3857 = CARTESIAN_POINT('',(19.926483994991,15.262543549402));
#3858 = CARTESIAN_POINT('',(46.361984875287,-19.25113914613));
#3859 = CARTESIAN_POINT('',(3.254508442653,-24.88811312246));
#3860 = CARTESIAN_POINT('',(-39.85296798998,-30.5250870988));
#3861 = CARTESIAN_POINT('',(-23.18099243764,9.625569573065));
#3862 = CARTESIAN_POINT('',(-6.509016885306,49.776226244933));
#3863 = CARTESIAN_POINT('',(19.926483994991,15.262543549402));
#3864 = ( GEOMETRIC_REPRESENTATION_CONTEXT(2) 
PARAMETRIC_REPRESENTATION_CONTEXT() REPRESENTATION_CONTEXT('2D SPACE',''
  ) );
#3865 = ORIENTED_EDGE('',*,*,#3247,.F.);
#3866 = ADVANCED_FACE('',(#3867),#1428,.F.);
#3867 = FACE_BOUND('',#3868,.T.);
#3868 = EDGE_LOOP('',(#3869,#3870,#3871,#3897));
#3869 = ORIENTED_EDGE('',*,*,#1407,.F.);
#3870 = ORIENTED_EDGE('',*,*,#3227,.T.);
#3871 = ORIENTED_EDGE('',*,*,#3872,.T.);
#3872 = EDGE_CURVE('',#3200,#2891,#3873,.T.);
#3873 = SURFACE_CURVE('',#3874,(#3879,#3886),.PCURVE_S1.);
#3874 = CIRCLE('',#3875,25.1);
#3875 = AXIS2_PLACEMENT_3D('',#3876,#3877,#3878);
#3876 = CARTESIAN_POINT('',(0.,0.,2.));
#3877 = DIRECTION('',(0.,0.,-1.));
#3878 = DIRECTION('',(0.793883824502,0.60806946412,0.));
#3879 = PCURVE('',#1428,#3880);
#3880 = DEFINITIONAL_REPRESENTATION('',(#3881),#3885);
#3881 = LINE('',#3882,#3883);
#3882 = CARTESIAN_POINT('',(-6.936811865585,0.));
#3883 = VECTOR('',#3884,1.);
#3884 = DIRECTION('',(1.,-0.));
#3885 = ( GEOMETRIC_REPRESENTATION_CONTEXT(2) 
PARAMETRIC_REPRESENTATION_CONTEXT() REPRESENTATION_CONTEXT('2D SPACE',''
  ) );
#3886 = PCURVE('',#2564,#3887);
#3887 = DEFINITIONAL_REPRESENTATION('',(#3888),#3896);
#3888 = ( BOUNDED_CURVE() B_SPLINE_CURVE(2,(#3889,#3890,#3891,#3892,
#3893,#3894,#3895),.UNSPECIFIED.,.T.,.F.) B_SPLINE_CURVE_WITH_KNOTS((1,2
    ,2,2,2,1),(-2.094395102393,0.,2.094395102393,4.188790204786,
6.28318530718,8.377580409573),.UNSPECIFIED.) CURVE() 
GEOMETRIC_REPRESENTATION_ITEM() RATIONAL_B_SPLINE_CURVE((1.,0.5,1.,0.5,
1.,0.5,1.)) REPRESENTATION_ITEM('') );
#3889 = CARTESIAN_POINT('',(19.926483994991,15.262543549402));
#3890 = CARTESIAN_POINT('',(46.361984875287,-19.25113914613));
#3891 = CARTESIAN_POINT('',(3.254508442653,-24.88811312246));
#3892 = CARTESIAN_POINT('',(-39.85296798998,-30.5250870988));
#3893 = CARTESIAN_POINT('',(-23.18099243764,9.625569573065));
#3894 = CARTESIAN_POINT('',(-6.509016885306,49.776226244933));
#3895 = CARTESIAN_POINT('',(19.926483994991,15.262543549402));
#3896 = ( GEOMETRIC_REPRESENTATION_CONTEXT(2) 
PARAMETRIC_REPRESENTATION_CONTEXT() REPRESENTATION_CONTEXT('2D SPACE',''
  ) );
#3897 = ORIENTED_EDGE('',*,*,#2911,.F.);
#3898 = ADVANCED_FACE('',(#3899),#1709,.F.);
#3899 = FACE_BOUND('',#3900,.T.);
#3900 = EDGE_LOOP('',(#3901,#3902,#3903,#3929));
#3901 = ORIENTED_EDGE('',*,*,#1688,.F.);
#3902 = ORIENTED_EDGE('',*,*,#3027,.T.);
#3903 = ORIENTED_EDGE('',*,*,#3904,.T.);
#3904 = EDGE_CURVE('',#3000,#3543,#3905,.T.);
#3905 = SURFACE_CURVE('',#3906,(#3911,#3918),.PCURVE_S1.);
#3906 = CIRCLE('',#3907,25.1);
#3907 = AXIS2_PLACEMENT_3D('',#3908,#3909,#3910);
#3908 = CARTESIAN_POINT('',(0.,0.,2.));
#3909 = DIRECTION('',(0.,0.,-1.));
#3910 = DIRECTION('',(0.793883824502,0.60806946412,0.));
#3911 = PCURVE('',#1709,#3912);
#3912 = DEFINITIONAL_REPRESENTATION('',(#3913),#3917);
#3913 = LINE('',#3914,#3915);
#3914 = CARTESIAN_POINT('',(-6.936811865585,0.));
#3915 = VECTOR('',#3916,1.);
#3916 = DIRECTION('',(1.,-0.));
#3917 = ( GEOMETRIC_REPRESENTATION_CONTEXT(2) 
PARAMETRIC_REPRESENTATION_CONTEXT() REPRESENTATION_CONTEXT('2D SPACE',''
  ) );
#3918 = PCURVE('',#2564,#3919);
#3919 = DEFINITIONAL_REPRESENTATION('',(#3920),#3928);
#3920 = ( BOUNDED_CURVE() B_SPLINE_CURVE(2,(#3921,#3922,#3923,#3924,
#3925,#3926,#3927),.UNSPECIFIED.,.T.,.F.) B_SPLINE_CURVE_WITH_KNOTS((1,2
    ,2,2,2,1),(-2.094395102393,0.,2.094395102393,4.188790204786,
6.28318530718,8.377580409573),.UNSPECIFIED.) CURVE() 
GEOMETRIC_REPRESENTATION_ITEM() RATIONAL_B_SPLINE_CURVE((1.,0.5,1.,0.5,
1.,0.5,1.)) REPRESENTATION_ITEM('') );
#3921 = CARTESIAN_POINT('',(19.926483994991,15.262543549402));
#3922 = CARTESIAN_POINT('',(46.361984875287,-19.25113914613));
#3923 = CARTESIAN_POINT('',(3.254508442653,-24.88811312246));
#3924 = CARTESIAN_POINT('',(-39.85296798998,-30.5250870988));
#3925 = CARTESIAN_POINT('',(-23.18099243764,9.625569573065));
#3926 = CARTESIAN_POINT('',(-6.509016885306,49.776226244933));
#3927 = CARTESIAN_POINT('',(19.926483994991,15.262543549402));
#3928 = ( GEOMETRIC_REPRESENTATION_CONTEXT(2) 
PARAMETRIC_REPRESENTATION_CONTEXT() REPRESENTATION_CONTEXT('2D SPACE',''
  ) );
#3929 = ORIENTED_EDGE('',*,*,#3542,.F.);
#3930 = ADVANCED_FACE('',(#3931),#1531,.F.);
#3931 = FACE_BOUND('',#3932,.T.);
#3932 = EDGE_LOOP('',(#3933,#3934,#3935,#3961));
#3933 = ORIENTED_EDGE('',*,*,#1510,.F.);
#3934 = ORIENTED_EDGE('',*,*,#2676,.T.);
#3935 = ORIENTED_EDGE('',*,*,#3936,.T.);
#3936 = EDGE_CURVE('',#2677,#2527,#3937,.T.);
#3937 = SURFACE_CURVE('',#3938,(#3943,#3950),.PCURVE_S1.);
#3938 = CIRCLE('',#3939,25.1);
#3939 = AXIS2_PLACEMENT_3D('',#3940,#3941,#3942);
#3940 = CARTESIAN_POINT('',(0.,0.,2.));
#3941 = DIRECTION('',(0.,0.,-1.));
#3942 = DIRECTION('',(0.793883824502,0.60806946412,0.));
#3943 = PCURVE('',#1531,#3944);
#3944 = DEFINITIONAL_REPRESENTATION('',(#3945),#3949);
#3945 = LINE('',#3946,#3947);
#3946 = CARTESIAN_POINT('',(-6.936811865585,0.));
#3947 = VECTOR('',#3948,1.);
#3948 = DIRECTION('',(1.,-0.));
#3949 = ( GEOMETRIC_REPRESENTATION_CONTEXT(2) 
PARAMETRIC_REPRESENTATION_CONTEXT() REPRESENTATION_CONTEXT('2D SPACE',''
  ) );
#3950 = PCURVE('',#2564,#3951);
#3951 = DEFINITIONAL_REPRESENTATION('',(#3952),#3960);
#3952 = ( BOUNDED_CURVE() B_SPLINE_CURVE(2,(#3953,#3954,#3955,#3956,
#3957,#3958,#3959),.UNSPECIFIED.,.T.,.F.) B_SPLINE_CURVE_WITH_KNOTS((1,2
    ,2,2,2,1),(-2.094395102393,0.,2.094395102393,4.188790204786,
6.28318530718,8.377580409573),.UNSPECIFIED.) CURVE() 
GEOMETRIC_REPRESENTATION_ITEM() RATIONAL_B_SPLINE_CURVE((1.,0.5,1.,0.5,
1.,0.5,1.)) REPRESENTATION_ITEM('') );
#3953 = CARTESIAN_POINT('',(19.926483994991,15.262543549402));
#3954 = CARTESIAN_POINT('',(46.361984875287,-19.25113914613));
#3955 = CARTESIAN_POINT('',(3.254508442653,-24.88811312246));
#3956 = CARTESIAN_POINT('',(-39.85296798998,-30.5250870988));
#3957 = CARTESIAN_POINT('',(-23.18099243764,9.625569573065));
#3958 = CARTESIAN_POINT('',(-6.509016885306,49.776226244933));
#3959 = CARTESIAN_POINT('',(19.926483994991,15.262543549402));
#3960 = ( GEOMETRIC_REPRESENTATION_CONTEXT(2) 
PARAMETRIC_REPRESENTATION_CONTEXT() REPRESENTATION_CONTEXT('2D SPACE',''
  ) );
#3961 = ORIENTED_EDGE('',*,*,#2526,.F.);
#3962 = ADVANCED_FACE('',(#3963),#1620,.F.);
#3963 = FACE_BOUND('',#3964,.T.);
#3964 = EDGE_LOOP('',(#3965,#3966,#3967,#3993));
#3965 = ORIENTED_EDGE('',*,*,#1599,.F.);
#3966 = ORIENTED_EDGE('',*,*,#2580,.T.);
#3967 = ORIENTED_EDGE('',*,*,#3968,.T.);
#3968 = EDGE_CURVE('',#2548,#2979,#3969,.T.);
#3969 = SURFACE_CURVE('',#3970,(#3975,#3982),.PCURVE_S1.);
#3970 = CIRCLE('',#3971,25.1);
#3971 = AXIS2_PLACEMENT_3D('',#3972,#3973,#3974);
#3972 = CARTESIAN_POINT('',(0.,0.,2.));
#3973 = DIRECTION('',(0.,0.,-1.));
#3974 = DIRECTION('',(0.793883824502,0.60806946412,0.));
#3975 = PCURVE('',#1620,#3976);
#3976 = DEFINITIONAL_REPRESENTATION('',(#3977),#3981);
#3977 = LINE('',#3978,#3979);
#3978 = CARTESIAN_POINT('',(-6.936811865585,0.));
#3979 = VECTOR('',#3980,1.);
#3980 = DIRECTION('',(1.,-0.));
#3981 = ( GEOMETRIC_REPRESENTATION_CONTEXT(2) 
PARAMETRIC_REPRESENTATION_CONTEXT() REPRESENTATION_CONTEXT('2D SPACE',''
  ) );
#3982 = PCURVE('',#2564,#3983);
#3983 = DEFINITIONAL_REPRESENTATION('',(#3984),#3992);
#3984 = ( BOUNDED_CURVE() B_SPLINE_CURVE(2,(#3985,#3986,#3987,#3988,
#3989,#3990,#3991),.UNSPECIFIED.,.T.,.F.) B_SPLINE_CURVE_WITH_KNOTS((1,2
    ,2,2,2,1),(-2.094395102393,0.,2.094395102393,4.188790204786,
6.28318530718,8.377580409573),.UNSPECIFIED.) CURVE() 
GEOMETRIC_REPRESENTATION_ITEM() RATIONAL_B_SPLINE_CURVE((1.,0.5,1.,0.5,
1.,0.5,1.)) REPRESENTATION_ITEM('') );
#3985 = CARTESIAN_POINT('',(19.926483994991,15.262543549402));
#3986 = CARTESIAN_POINT('',(46.361984875287,-19.25113914613));
#3987 = CARTESIAN_POINT('',(3.254508442653,-24.88811312246));
#3988 = CARTESIAN_POINT('',(-39.85296798998,-30.5250870988));
#3989 = CARTESIAN_POINT('',(-23.18099243764,9.625569573065));
#3990 = CARTESIAN_POINT('',(-6.509016885306,49.776226244933));
#3991 = CARTESIAN_POINT('',(19.926483994991,15.262543549402));
#3992 = ( GEOMETRIC_REPRESENTATION_CONTEXT(2) 
PARAMETRIC_REPRESENTATION_CONTEXT() REPRESENTATION_CONTEXT('2D SPACE',''
  ) );
#3993 = ORIENTED_EDGE('',*,*,#2978,.F.);
#3994 = ADVANCED_FACE('',(#3995),#2042,.F.);
#3995 = FACE_BOUND('',#3996,.F.);
#3996 = EDGE_LOOP('',(#3997,#3998,#3999,#4000));
#3997 = ORIENTED_EDGE('',*,*,#2232,.T.);
#3998 = ORIENTED_EDGE('',*,*,#3812,.T.);
#3999 = ORIENTED_EDGE('',*,*,#2028,.T.);
#4000 = ORIENTED_EDGE('',*,*,#2151,.T.);
#4001 = ADVANCED_FACE('',(#4002),#2073,.F.);
#4002 = FACE_BOUND('',#4003,.F.);
#4003 = EDGE_LOOP('',(#4004,#4005,#4028,#4052,#4074));
#4004 = ORIENTED_EDGE('',*,*,#2056,.T.);
#4005 = ORIENTED_EDGE('',*,*,#4006,.T.);
#4006 = EDGE_CURVE('',#2057,#4007,#4009,.T.);
#4007 = VERTEX_POINT('',#4008);
#4008 = CARTESIAN_POINT('',(22.698127676088,54.517932829483,-6.5));
#4009 = SEAM_CURVE('',#4010,(#4014,#4021),.PCURVE_S1.);
#4010 = LINE('',#4011,#4012);
#4011 = CARTESIAN_POINT('',(21.56675682619,53.386561979584,-4.9));
#4012 = VECTOR('',#4013,1.);
#4013 = DIRECTION('',(0.5,0.5,-0.707106781187));
#4014 = PCURVE('',#2073,#4015);
#4015 = DEFINITIONAL_REPRESENTATION('',(#4016),#4020);
#4016 = LINE('',#4017,#4018);
#4017 = CARTESIAN_POINT('',(0.,-0.));
#4018 = VECTOR('',#4019,1.);
#4019 = DIRECTION('',(-0.,-1.));
#4020 = ( GEOMETRIC_REPRESENTATION_CONTEXT(2) 
PARAMETRIC_REPRESENTATION_CONTEXT() REPRESENTATION_CONTEXT('2D SPACE',''
  ) );
#4021 = PCURVE('',#2073,#4022);
#4022 = DEFINITIONAL_REPRESENTATION('',(#4023),#4027);
#4023 = LINE('',#4024,#4025);
#4024 = CARTESIAN_POINT('',(-6.28318530718,0.));
#4025 = VECTOR('',#4026,1.);
#4026 = DIRECTION('',(-0.,-1.));
#4027 = ( GEOMETRIC_REPRESENTATION_CONTEXT(2) 
PARAMETRIC_REPRESENTATION_CONTEXT() REPRESENTATION_CONTEXT('2D SPACE',''
  ) );
#4028 = ORIENTED_EDGE('',*,*,#4029,.F.);
#4029 = EDGE_CURVE('',#4030,#4007,#4032,.T.);
#4030 = VERTEX_POINT('',#4031);
#4031 = CARTESIAN_POINT('',(21.496046148071,55.7200143575,-8.2));
#4032 = SURFACE_CURVE('',#4033,(#4038,#4045),.PCURVE_S1.);
#4033 = CIRCLE('',#4034,1.7);
#4034 = AXIS2_PLACEMENT_3D('',#4035,#4036,#4037);
#4035 = CARTESIAN_POINT('',(22.698127676088,54.517932829483,-8.2));
#4036 = DIRECTION('',(0.707106781187,0.707106781187,-0.));
#4037 = DIRECTION('',(0.,0.,1.));
#4038 = PCURVE('',#2073,#4039);
#4039 = DEFINITIONAL_REPRESENTATION('',(#4040),#4044);
#4040 = LINE('',#4041,#4042);
#4041 = CARTESIAN_POINT('',(-0.,-1.6));
#4042 = VECTOR('',#4043,1.);
#4043 = DIRECTION('',(-1.,-0.));
#4044 = ( GEOMETRIC_REPRESENTATION_CONTEXT(2) 
PARAMETRIC_REPRESENTATION_CONTEXT() REPRESENTATION_CONTEXT('2D SPACE',''
  ) );
#4045 = PCURVE('',#2334,#4046);
#4046 = DEFINITIONAL_REPRESENTATION('',(#4047),#4051);
#4047 = LINE('',#4048,#4049);
#4048 = CARTESIAN_POINT('',(4.712388980385,-2.6));
#4049 = VECTOR('',#4050,1.);
#4050 = DIRECTION('',(-1.,0.));
#4051 = ( GEOMETRIC_REPRESENTATION_CONTEXT(2) 
PARAMETRIC_REPRESENTATION_CONTEXT() REPRESENTATION_CONTEXT('2D SPACE',''
  ) );
#4052 = ORIENTED_EDGE('',*,*,#4053,.F.);
#4053 = EDGE_CURVE('',#4007,#4030,#4054,.T.);
#4054 = SURFACE_CURVE('',#4055,(#4060,#4067),.PCURVE_S1.);
#4055 = CIRCLE('',#4056,1.7);
#4056 = AXIS2_PLACEMENT_3D('',#4057,#4058,#4059);
#4057 = CARTESIAN_POINT('',(22.698127676088,54.517932829483,-8.2));
#4058 = DIRECTION('',(0.707106781187,0.707106781187,-0.));
#4059 = DIRECTION('',(0.,0.,1.));
#4060 = PCURVE('',#2073,#4061);
#4061 = DEFINITIONAL_REPRESENTATION('',(#4062),#4066);
#4062 = LINE('',#4063,#4064);
#4063 = CARTESIAN_POINT('',(-0.,-1.6));
#4064 = VECTOR('',#4065,1.);
#4065 = DIRECTION('',(-1.,-0.));
#4066 = ( GEOMETRIC_REPRESENTATION_CONTEXT(2) 
PARAMETRIC_REPRESENTATION_CONTEXT() REPRESENTATION_CONTEXT('2D SPACE',''
  ) );
#4067 = PCURVE('',#2334,#4068);
#4068 = DEFINITIONAL_REPRESENTATION('',(#4069),#4073);
#4069 = LINE('',#4070,#4071);
#4070 = CARTESIAN_POINT('',(-1.570796326795,-2.6));
#4071 = VECTOR('',#4072,1.);
#4072 = DIRECTION('',(-1.,0.));
#4073 = ( GEOMETRIC_REPRESENTATION_CONTEXT(2) 
PARAMETRIC_REPRESENTATION_CONTEXT() REPRESENTATION_CONTEXT('2D SPACE',''
  ) );
#4074 = ORIENTED_EDGE('',*,*,#4006,.F.);
#4075 = ADVANCED_FACE('',(#4076),#2104,.F.);
#4076 = FACE_BOUND('',#4077,.F.);
#4077 = EDGE_LOOP('',(#4078,#4079,#4102,#4126,#4148));
#4078 = ORIENTED_EDGE('',*,*,#2087,.T.);
#4079 = ORIENTED_EDGE('',*,*,#4080,.T.);
#4080 = EDGE_CURVE('',#2088,#4081,#4083,.T.);
#4081 = VERTEX_POINT('',#4082);
#4082 = CARTESIAN_POINT('',(39.957630972794,39.957630972794,-5.6));
#4083 = SEAM_CURVE('',#4084,(#4088,#4095),.PCURVE_S1.);
#4084 = LINE('',#4085,#4086);
#4085 = CARTESIAN_POINT('',(37.476659402887,37.476659402887,-2.55));
#4086 = VECTOR('',#4087,1.);
#4087 = DIRECTION('',(0.533660262002,0.533660262002,-0.656059028991));
#4088 = PCURVE('',#2104,#4089);
#4089 = DEFINITIONAL_REPRESENTATION('',(#4090),#4094);
#4090 = LINE('',#4091,#4092);
#4091 = CARTESIAN_POINT('',(0.,-0.));
#4092 = VECTOR('',#4093,1.);
#4093 = DIRECTION('',(-0.,-1.));
#4094 = ( GEOMETRIC_REPRESENTATION_CONTEXT(2) 
PARAMETRIC_REPRESENTATION_CONTEXT() REPRESENTATION_CONTEXT('2D SPACE',''
  ) );
#4095 = PCURVE('',#2104,#4096);
#4096 = DEFINITIONAL_REPRESENTATION('',(#4097),#4101);
#4097 = LINE('',#4098,#4099);
#4098 = CARTESIAN_POINT('',(-6.28318530718,0.));
#4099 = VECTOR('',#4100,1.);
#4100 = DIRECTION('',(-0.,-1.));
#4101 = ( GEOMETRIC_REPRESENTATION_CONTEXT(2) 
PARAMETRIC_REPRESENTATION_CONTEXT() REPRESENTATION_CONTEXT('2D SPACE',''
  ) );
#4102 = ORIENTED_EDGE('',*,*,#4103,.F.);
#4103 = EDGE_CURVE('',#4104,#4081,#4106,.T.);
#4104 = VERTEX_POINT('',#4105);
#4105 = CARTESIAN_POINT('',(37.624178594878,42.291083350709,-8.9));
#4106 = SURFACE_CURVE('',#4107,(#4112,#4119),.PCURVE_S1.);
#4107 = CIRCLE('',#4108,3.3);
#4108 = AXIS2_PLACEMENT_3D('',#4109,#4110,#4111);
#4109 = CARTESIAN_POINT('',(39.957630972794,39.957630972794,-8.9));
#4110 = DIRECTION('',(0.707106781187,0.707106781187,-0.));
#4111 = DIRECTION('',(0.,0.,1.));
#4112 = PCURVE('',#2104,#4113);
#4113 = DEFINITIONAL_REPRESENTATION('',(#4114),#4118);
#4114 = LINE('',#4115,#4116);
#4115 = CARTESIAN_POINT('',(-0.,-3.508623642024));
#4116 = VECTOR('',#4117,1.);
#4117 = DIRECTION('',(-1.,-0.));
#4118 = ( GEOMETRIC_REPRESENTATION_CONTEXT(2) 
PARAMETRIC_REPRESENTATION_CONTEXT() REPRESENTATION_CONTEXT('2D SPACE',''
  ) );
#4119 = PCURVE('',#2303,#4120);
#4120 = DEFINITIONAL_REPRESENTATION('',(#4121),#4125);
#4121 = LINE('',#4122,#4123);
#4122 = CARTESIAN_POINT('',(4.712388980385,-4.508623642024));
#4123 = VECTOR('',#4124,1.);
#4124 = DIRECTION('',(-1.,0.));
#4125 = ( GEOMETRIC_REPRESENTATION_CONTEXT(2) 
PARAMETRIC_REPRESENTATION_CONTEXT() REPRESENTATION_CONTEXT('2D SPACE',''
  ) );
#4126 = ORIENTED_EDGE('',*,*,#4127,.F.);
#4127 = EDGE_CURVE('',#4081,#4104,#4128,.T.);
#4128 = SURFACE_CURVE('',#4129,(#4134,#4141),.PCURVE_S1.);
#4129 = CIRCLE('',#4130,3.3);
#4130 = AXIS2_PLACEMENT_3D('',#4131,#4132,#4133);
#4131 = CARTESIAN_POINT('',(39.957630972794,39.957630972794,-8.9));
#4132 = DIRECTION('',(0.707106781187,0.707106781187,-0.));
#4133 = DIRECTION('',(0.,0.,1.));
#4134 = PCURVE('',#2104,#4135);
#4135 = DEFINITIONAL_REPRESENTATION('',(#4136),#4140);
#4136 = LINE('',#4137,#4138);
#4137 = CARTESIAN_POINT('',(-0.,-3.508623642024));
#4138 = VECTOR('',#4139,1.);
#4139 = DIRECTION('',(-1.,-0.));
#4140 = ( GEOMETRIC_REPRESENTATION_CONTEXT(2) 
PARAMETRIC_REPRESENTATION_CONTEXT() REPRESENTATION_CONTEXT('2D SPACE',''
  ) );
#4141 = PCURVE('',#2303,#4142);
#4142 = DEFINITIONAL_REPRESENTATION('',(#4143),#4147);
#4143 = LINE('',#4144,#4145);
#4144 = CARTESIAN_POINT('',(-1.570796326795,-4.508623642024));
#4145 = VECTOR('',#4146,1.);
#4146 = DIRECTION('',(-1.,0.));
#4147 = ( GEOMETRIC_REPRESENTATION_CONTEXT(2) 
PARAMETRIC_REPRESENTATION_CONTEXT() REPRESENTATION_CONTEXT('2D SPACE',''
  ) );
#4148 = ORIENTED_EDGE('',*,*,#4080,.F.);
#4149 = ADVANCED_FACE('',(#4150),#2135,.F.);
#4150 = FACE_BOUND('',#4151,.F.);
#4151 = EDGE_LOOP('',(#4152,#4153,#4176,#4200,#4222));
#4152 = ORIENTED_EDGE('',*,*,#2118,.T.);
#4153 = ORIENTED_EDGE('',*,*,#4154,.T.);
#4154 = EDGE_CURVE('',#2119,#4155,#4157,.T.);
#4155 = VERTEX_POINT('',#4156);
#4156 = CARTESIAN_POINT('',(54.517932829483,22.698127676088,-6.5));
#4157 = SEAM_CURVE('',#4158,(#4162,#4169),.PCURVE_S1.);
#4158 = LINE('',#4159,#4160);
#4159 = CARTESIAN_POINT('',(53.386561979584,21.56675682619,-4.9));
#4160 = VECTOR('',#4161,1.);
#4161 = DIRECTION('',(0.5,0.5,-0.707106781187));
#4162 = PCURVE('',#2135,#4163);
#4163 = DEFINITIONAL_REPRESENTATION('',(#4164),#4168);
#4164 = LINE('',#4165,#4166);
#4165 = CARTESIAN_POINT('',(0.,-0.));
#4166 = VECTOR('',#4167,1.);
#4167 = DIRECTION('',(-0.,-1.));
#4168 = ( GEOMETRIC_REPRESENTATION_CONTEXT(2) 
PARAMETRIC_REPRESENTATION_CONTEXT() REPRESENTATION_CONTEXT('2D SPACE',''
  ) );
#4169 = PCURVE('',#2135,#4170);
#4170 = DEFINITIONAL_REPRESENTATION('',(#4171),#4175);
#4171 = LINE('',#4172,#4173);
#4172 = CARTESIAN_POINT('',(-6.28318530718,0.));
#4173 = VECTOR('',#4174,1.);
#4174 = DIRECTION('',(-0.,-1.));
#4175 = ( GEOMETRIC_REPRESENTATION_CONTEXT(2) 
PARAMETRIC_REPRESENTATION_CONTEXT() REPRESENTATION_CONTEXT('2D SPACE',''
  ) );
#4176 = ORIENTED_EDGE('',*,*,#4177,.F.);
#4177 = EDGE_CURVE('',#4178,#4155,#4180,.T.);
#4178 = VERTEX_POINT('',#4179);
#4179 = CARTESIAN_POINT('',(53.315851301466,23.900209204105,-8.2));
#4180 = SURFACE_CURVE('',#4181,(#4186,#4193),.PCURVE_S1.);
#4181 = CIRCLE('',#4182,1.7);
#4182 = AXIS2_PLACEMENT_3D('',#4183,#4184,#4185);
#4183 = CARTESIAN_POINT('',(54.517932829483,22.698127676088,-8.2));
#4184 = DIRECTION('',(0.707106781187,0.707106781187,-0.));
#4185 = DIRECTION('',(0.,0.,1.));
#4186 = PCURVE('',#2135,#4187);
#4187 = DEFINITIONAL_REPRESENTATION('',(#4188),#4192);
#4188 = LINE('',#4189,#4190);
#4189 = CARTESIAN_POINT('',(-0.,-1.6));
#4190 = VECTOR('',#4191,1.);
#4191 = DIRECTION('',(-1.,-0.));
#4192 = ( GEOMETRIC_REPRESENTATION_CONTEXT(2) 
PARAMETRIC_REPRESENTATION_CONTEXT() REPRESENTATION_CONTEXT('2D SPACE',''
  ) );
#4193 = PCURVE('',#2272,#4194);
#4194 = DEFINITIONAL_REPRESENTATION('',(#4195),#4199);
#4195 = LINE('',#4196,#4197);
#4196 = CARTESIAN_POINT('',(4.712388980385,-2.6));
#4197 = VECTOR('',#4198,1.);
#4198 = DIRECTION('',(-1.,0.));
#4199 = ( GEOMETRIC_REPRESENTATION_CONTEXT(2) 
PARAMETRIC_REPRESENTATION_CONTEXT() REPRESENTATION_CONTEXT('2D SPACE',''
  ) );
#4200 = ORIENTED_EDGE('',*,*,#4201,.F.);
#4201 = EDGE_CURVE('',#4155,#4178,#4202,.T.);
#4202 = SURFACE_CURVE('',#4203,(#4208,#4215),.PCURVE_S1.);
#4203 = CIRCLE('',#4204,1.7);
#4204 = AXIS2_PLACEMENT_3D('',#4205,#4206,#4207);
#4205 = CARTESIAN_POINT('',(54.517932829483,22.698127676088,-8.2));
#4206 = DIRECTION('',(0.707106781187,0.707106781187,-0.));
#4207 = DIRECTION('',(0.,0.,1.));
#4208 = PCURVE('',#2135,#4209);
#4209 = DEFINITIONAL_REPRESENTATION('',(#4210),#4214);
#4210 = LINE('',#4211,#4212);
#4211 = CARTESIAN_POINT('',(-0.,-1.6));
#4212 = VECTOR('',#4213,1.);
#4213 = DIRECTION('',(-1.,-0.));
#4214 = ( GEOMETRIC_REPRESENTATION_CONTEXT(2) 
PARAMETRIC_REPRESENTATION_CONTEXT() REPRESENTATION_CONTEXT('2D SPACE',''
  ) );
#4215 = PCURVE('',#2272,#4216);
#4216 = DEFINITIONAL_REPRESENTATION('',(#4217),#4221);
#4217 = LINE('',#4218,#4219);
#4218 = CARTESIAN_POINT('',(-1.570796326795,-2.6));
#4219 = VECTOR('',#4220,1.);
#4220 = DIRECTION('',(-1.,0.));
#4221 = ( GEOMETRIC_REPRESENTATION_CONTEXT(2) 
PARAMETRIC_REPRESENTATION_CONTEXT() REPRESENTATION_CONTEXT('2D SPACE',''
  ) );
#4222 = ORIENTED_EDGE('',*,*,#4154,.F.);
#4223 = ADVANCED_FACE('',(#4224),#2272,.F.);
#4224 = FACE_BOUND('',#4225,.T.);
#4225 = EDGE_LOOP('',(#4226,#4247,#4248,#4249,#4250));
#4226 = ORIENTED_EDGE('',*,*,#4227,.F.);
#4227 = EDGE_CURVE('',#4178,#2256,#4228,.T.);
#4228 = SEAM_CURVE('',#4229,(#4233,#4240),.PCURVE_S1.);
#4229 = LINE('',#4230,#4231);
#4230 = CARTESIAN_POINT('',(51.477373670381,22.06173157302,-8.2));
#4231 = VECTOR('',#4232,1.);
#4232 = DIRECTION('',(0.707106781187,0.707106781187,0.));
#4233 = PCURVE('',#2272,#4234);
#4234 = DEFINITIONAL_REPRESENTATION('',(#4235),#4239);
#4235 = LINE('',#4236,#4237);
#4236 = CARTESIAN_POINT('',(-6.28318530718,0.));
#4237 = VECTOR('',#4238,1.);
#4238 = DIRECTION('',(-0.,-1.));
#4239 = ( GEOMETRIC_REPRESENTATION_CONTEXT(2) 
PARAMETRIC_REPRESENTATION_CONTEXT() REPRESENTATION_CONTEXT('2D SPACE',''
  ) );
#4240 = PCURVE('',#2272,#4241);
#4241 = DEFINITIONAL_REPRESENTATION('',(#4242),#4246);
#4242 = LINE('',#4243,#4244);
#4243 = CARTESIAN_POINT('',(-0.,0.));
#4244 = VECTOR('',#4245,1.);
#4245 = DIRECTION('',(-0.,-1.));
#4246 = ( GEOMETRIC_REPRESENTATION_CONTEXT(2) 
PARAMETRIC_REPRESENTATION_CONTEXT() REPRESENTATION_CONTEXT('2D SPACE',''
  ) );
#4247 = ORIENTED_EDGE('',*,*,#4201,.F.);
#4248 = ORIENTED_EDGE('',*,*,#4177,.F.);
#4249 = ORIENTED_EDGE('',*,*,#4227,.T.);
#4250 = ORIENTED_EDGE('',*,*,#2255,.F.);
#4251 = ADVANCED_FACE('',(#4252),#2303,.F.);
#4252 = FACE_BOUND('',#4253,.T.);
#4253 = EDGE_LOOP('',(#4254,#4275,#4276,#4277,#4278));
#4254 = ORIENTED_EDGE('',*,*,#4255,.F.);
#4255 = EDGE_CURVE('',#4104,#2287,#4256,.T.);
#4256 = SEAM_CURVE('',#4257,(#4261,#4268),.PCURVE_S1.);
#4257 = LINE('',#4258,#4259);
#4258 = CARTESIAN_POINT('',(34.436100243785,39.103004999616,-8.9));
#4259 = VECTOR('',#4260,1.);
#4260 = DIRECTION('',(0.707106781187,0.707106781187,0.));
#4261 = PCURVE('',#2303,#4262);
#4262 = DEFINITIONAL_REPRESENTATION('',(#4263),#4267);
#4263 = LINE('',#4264,#4265);
#4264 = CARTESIAN_POINT('',(-6.28318530718,0.));
#4265 = VECTOR('',#4266,1.);
#4266 = DIRECTION('',(-0.,-1.));
#4267 = ( GEOMETRIC_REPRESENTATION_CONTEXT(2) 
PARAMETRIC_REPRESENTATION_CONTEXT() REPRESENTATION_CONTEXT('2D SPACE',''
  ) );
#4268 = PCURVE('',#2303,#4269);
#4269 = DEFINITIONAL_REPRESENTATION('',(#4270),#4274);
#4270 = LINE('',#4271,#4272);
#4271 = CARTESIAN_POINT('',(-0.,0.));
#4272 = VECTOR('',#4273,1.);
#4273 = DIRECTION('',(-0.,-1.));
#4274 = ( GEOMETRIC_REPRESENTATION_CONTEXT(2) 
PARAMETRIC_REPRESENTATION_CONTEXT() REPRESENTATION_CONTEXT('2D SPACE',''
  ) );
#4275 = ORIENTED_EDGE('',*,*,#4127,.F.);
#4276 = ORIENTED_EDGE('',*,*,#4103,.F.);
#4277 = ORIENTED_EDGE('',*,*,#4255,.T.);
#4278 = ORIENTED_EDGE('',*,*,#2286,.F.);
#4279 = ADVANCED_FACE('',(#4280),#2334,.F.);
#4280 = FACE_BOUND('',#4281,.T.);
#4281 = EDGE_LOOP('',(#4282,#4303,#4304,#4305,#4306));
#4282 = ORIENTED_EDGE('',*,*,#4283,.F.);
#4283 = EDGE_CURVE('',#4030,#2318,#4284,.T.);
#4284 = SEAM_CURVE('',#4285,(#4289,#4296),.PCURVE_S1.);
#4285 = LINE('',#4286,#4287);
#4286 = CARTESIAN_POINT('',(19.657568516986,53.881536726415,-8.2));
#4287 = VECTOR('',#4288,1.);
#4288 = DIRECTION('',(0.707106781187,0.707106781187,0.));
#4289 = PCURVE('',#2334,#4290);
#4290 = DEFINITIONAL_REPRESENTATION('',(#4291),#4295);
#4291 = LINE('',#4292,#4293);
#4292 = CARTESIAN_POINT('',(-6.28318530718,0.));
#4293 = VECTOR('',#4294,1.);
#4294 = DIRECTION('',(-0.,-1.));
#4295 = ( GEOMETRIC_REPRESENTATION_CONTEXT(2) 
PARAMETRIC_REPRESENTATION_CONTEXT() REPRESENTATION_CONTEXT('2D SPACE',''
  ) );
#4296 = PCURVE('',#2334,#4297);
#4297 = DEFINITIONAL_REPRESENTATION('',(#4298),#4302);
#4298 = LINE('',#4299,#4300);
#4299 = CARTESIAN_POINT('',(-0.,0.));
#4300 = VECTOR('',#4301,1.);
#4301 = DIRECTION('',(-0.,-1.));
#4302 = ( GEOMETRIC_REPRESENTATION_CONTEXT(2) 
PARAMETRIC_REPRESENTATION_CONTEXT() REPRESENTATION_CONTEXT('2D SPACE',''
  ) );
#4303 = ORIENTED_EDGE('',*,*,#4053,.F.);
#4304 = ORIENTED_EDGE('',*,*,#4029,.F.);
#4305 = ORIENTED_EDGE('',*,*,#4283,.T.);
#4306 = ORIENTED_EDGE('',*,*,#2317,.F.);
#4307 = ADVANCED_FACE('',(#4308),#2449,.F.);
#4308 = FACE_BOUND('',#4309,.F.);
#4309 = EDGE_LOOP('',(#4310,#4311,#4312,#4313,#4314,#4315,#4316,#4317,
    #4318,#4346,#4375,#4404,#4430,#4431,#4432,#4433,#4434));
#4310 = ORIENTED_EDGE('',*,*,#3443,.T.);
#4311 = ORIENTED_EDGE('',*,*,#3590,.T.);
#4312 = ORIENTED_EDGE('',*,*,#3347,.T.);
#4313 = ORIENTED_EDGE('',*,*,#3070,.T.);
#4314 = ORIENTED_EDGE('',*,*,#2796,.T.);
#4315 = ORIENTED_EDGE('',*,*,#2623,.T.);
#4316 = ORIENTED_EDGE('',*,*,#2430,.T.);
#4317 = ORIENTED_EDGE('',*,*,#2746,.F.);
#4318 = ORIENTED_EDGE('',*,*,#4319,.T.);
#4319 = EDGE_CURVE('',#2719,#4320,#4322,.T.);
#4320 = VERTEX_POINT('',#4321);
#4321 = CARTESIAN_POINT('',(1.432536316735,20.850847457627,-3.));
#4322 = SURFACE_CURVE('',#4323,(#4328,#4339),.PCURVE_S1.);
#4323 = CIRCLE('',#4324,3.1);
#4324 = AXIS2_PLACEMENT_3D('',#4325,#4326,#4327);
#4325 = CARTESIAN_POINT('',(1.09668586407E-15,23.6,-3.));
#4326 = DIRECTION('',(0.,0.,-1.));
#4327 = DIRECTION('',(1.,3.223228136009E-17,0.));
#4328 = PCURVE('',#2449,#4329);
#4329 = DEFINITIONAL_REPRESENTATION('',(#4330),#4338);
#4330 = ( BOUNDED_CURVE() B_SPLINE_CURVE(2,(#4331,#4332,#4333,#4334,
#4335,#4336,#4337),.UNSPECIFIED.,.T.,.F.) B_SPLINE_CURVE_WITH_KNOTS((1,2
    ,2,2,2,1),(-2.094395102393,0.,2.094395102393,4.188790204786,
6.28318530718,8.377580409573),.UNSPECIFIED.) CURVE() 
GEOMETRIC_REPRESENTATION_ITEM() RATIONAL_B_SPLINE_CURVE((1.,0.5,1.,0.5,
1.,0.5,1.)) REPRESENTATION_ITEM('') );
#4331 = CARTESIAN_POINT('',(3.1,23.6));
#4332 = CARTESIAN_POINT('',(3.1,18.230642496536));
#4333 = CARTESIAN_POINT('',(-1.55,20.915321248268));
#4334 = CARTESIAN_POINT('',(-6.2,23.6));
#4335 = CARTESIAN_POINT('',(-1.55,26.284678751732));
#4336 = CARTESIAN_POINT('',(3.1,28.969357503464));
#4337 = CARTESIAN_POINT('',(3.1,23.6));
#4338 = ( GEOMETRIC_REPRESENTATION_CONTEXT(2) 
PARAMETRIC_REPRESENTATION_CONTEXT() REPRESENTATION_CONTEXT('2D SPACE',''
  ) );
#4339 = PCURVE('',#2734,#4340);
#4340 = DEFINITIONAL_REPRESENTATION('',(#4341),#4345);
#4341 = LINE('',#4342,#4343);
#4342 = CARTESIAN_POINT('',(0.,-17.));
#4343 = VECTOR('',#4344,1.);
#4344 = DIRECTION('',(1.,0.));
#4345 = ( GEOMETRIC_REPRESENTATION_CONTEXT(2) 
PARAMETRIC_REPRESENTATION_CONTEXT() REPRESENTATION_CONTEXT('2D SPACE',''
  ) );
#4346 = ORIENTED_EDGE('',*,*,#4347,.F.);
#4347 = EDGE_CURVE('',#4348,#4320,#4350,.T.);
#4348 = VERTEX_POINT('',#4349);
#4349 = CARTESIAN_POINT('',(20.9,-8.628779536711E-16,-3.));
#4350 = SURFACE_CURVE('',#4351,(#4356,#4363),.PCURVE_S1.);
#4351 = CIRCLE('',#4352,20.9);
#4352 = AXIS2_PLACEMENT_3D('',#4353,#4354,#4355);
#4353 = CARTESIAN_POINT('',(1.191989025406E-13,-8.628779536711E-16,-3.)
  );
#4354 = DIRECTION('',(0.,0.,1.));
#4355 = DIRECTION('',(1.,0.,0.));
#4356 = PCURVE('',#2449,#4357);
#4357 = DEFINITIONAL_REPRESENTATION('',(#4358),#4362);
#4358 = CIRCLE('',#4359,20.9);
#4359 = AXIS2_PLACEMENT_2D('',#4360,#4361);
#4360 = CARTESIAN_POINT('',(1.209562553213E-13,-2.482450281539E-15));
#4361 = DIRECTION('',(1.,0.));
#4362 = ( GEOMETRIC_REPRESENTATION_CONTEXT(2) 
PARAMETRIC_REPRESENTATION_CONTEXT() REPRESENTATION_CONTEXT('2D SPACE',''
  ) );
#4363 = PCURVE('',#4364,#4369);
#4364 = CYLINDRICAL_SURFACE('',#4365,20.9);
#4365 = AXIS2_PLACEMENT_3D('',#4366,#4367,#4368);
#4366 = CARTESIAN_POINT('',(1.191989025406E-13,-8.628779536711E-16,-3.)
  );
#4367 = DIRECTION('',(-0.,-0.,-1.));
#4368 = DIRECTION('',(1.,0.,0.));
#4369 = DEFINITIONAL_REPRESENTATION('',(#4370),#4374);
#4370 = LINE('',#4371,#4372);
#4371 = CARTESIAN_POINT('',(-0.,0.));
#4372 = VECTOR('',#4373,1.);
#4373 = DIRECTION('',(-1.,0.));
#4374 = ( GEOMETRIC_REPRESENTATION_CONTEXT(2) 
PARAMETRIC_REPRESENTATION_CONTEXT() REPRESENTATION_CONTEXT('2D SPACE',''
  ) );
#4375 = ORIENTED_EDGE('',*,*,#4376,.F.);
#4376 = EDGE_CURVE('',#4377,#4348,#4379,.T.);
#4377 = VERTEX_POINT('',#4378);
#4378 = CARTESIAN_POINT('',(-1.432536316735,20.850847457627,-3.));
#4379 = SURFACE_CURVE('',#4380,(#4385,#4392),.PCURVE_S1.);
#4380 = CIRCLE('',#4381,20.9);
#4381 = AXIS2_PLACEMENT_3D('',#4382,#4383,#4384);
#4382 = CARTESIAN_POINT('',(1.191989025406E-13,-8.628779536711E-16,-3.)
  );
#4383 = DIRECTION('',(0.,0.,1.));
#4384 = DIRECTION('',(1.,0.,0.));
#4385 = PCURVE('',#2449,#4386);
#4386 = DEFINITIONAL_REPRESENTATION('',(#4387),#4391);
#4387 = CIRCLE('',#4388,20.9);
#4388 = AXIS2_PLACEMENT_2D('',#4389,#4390);
#4389 = CARTESIAN_POINT('',(1.209562553213E-13,-2.482450281539E-15));
#4390 = DIRECTION('',(1.,0.));
#4391 = ( GEOMETRIC_REPRESENTATION_CONTEXT(2) 
PARAMETRIC_REPRESENTATION_CONTEXT() REPRESENTATION_CONTEXT('2D SPACE',''
  ) );
#4392 = PCURVE('',#4393,#4398);
#4393 = CYLINDRICAL_SURFACE('',#4394,20.9);
#4394 = AXIS2_PLACEMENT_3D('',#4395,#4396,#4397);
#4395 = CARTESIAN_POINT('',(1.191989025406E-13,-8.628779536711E-16,-3.)
  );
#4396 = DIRECTION('',(-0.,-0.,-1.));
#4397 = DIRECTION('',(1.,0.,0.));
#4398 = DEFINITIONAL_REPRESENTATION('',(#4399),#4403);
#4399 = LINE('',#4400,#4401);
#4400 = CARTESIAN_POINT('',(-0.,0.));
#4401 = VECTOR('',#4402,1.);
#4402 = DIRECTION('',(-1.,0.));
#4403 = ( GEOMETRIC_REPRESENTATION_CONTEXT(2) 
PARAMETRIC_REPRESENTATION_CONTEXT() REPRESENTATION_CONTEXT('2D SPACE',''
  ) );
#4404 = ORIENTED_EDGE('',*,*,#4405,.T.);
#4405 = EDGE_CURVE('',#4377,#2847,#4406,.T.);
#4406 = SURFACE_CURVE('',#4407,(#4412,#4423),.PCURVE_S1.);
#4407 = CIRCLE('',#4408,3.1);
#4408 = AXIS2_PLACEMENT_3D('',#4409,#4410,#4411);
#4409 = CARTESIAN_POINT('',(1.09668586407E-15,23.6,-3.));
#4410 = DIRECTION('',(0.,0.,-1.));
#4411 = DIRECTION('',(1.,3.223228136009E-17,0.));
#4412 = PCURVE('',#2449,#4413);
#4413 = DEFINITIONAL_REPRESENTATION('',(#4414),#4422);
#4414 = ( BOUNDED_CURVE() B_SPLINE_CURVE(2,(#4415,#4416,#4417,#4418,
#4419,#4420,#4421),.UNSPECIFIED.,.T.,.F.) B_SPLINE_CURVE_WITH_KNOTS((1,2
    ,2,2,2,1),(-2.094395102393,0.,2.094395102393,4.188790204786,
6.28318530718,8.377580409573),.UNSPECIFIED.) CURVE() 
GEOMETRIC_REPRESENTATION_ITEM() RATIONAL_B_SPLINE_CURVE((1.,0.5,1.,0.5,
1.,0.5,1.)) REPRESENTATION_ITEM('') );
#4415 = CARTESIAN_POINT('',(3.1,23.6));
#4416 = CARTESIAN_POINT('',(3.1,18.230642496536));
#4417 = CARTESIAN_POINT('',(-1.55,20.915321248268));
#4418 = CARTESIAN_POINT('',(-6.2,23.6));
#4419 = CARTESIAN_POINT('',(-1.55,26.284678751732));
#4420 = CARTESIAN_POINT('',(3.1,28.969357503464));
#4421 = CARTESIAN_POINT('',(3.1,23.6));
#4422 = ( GEOMETRIC_REPRESENTATION_CONTEXT(2) 
PARAMETRIC_REPRESENTATION_CONTEXT() REPRESENTATION_CONTEXT('2D SPACE',''
  ) );
#4423 = PCURVE('',#2734,#4424);
#4424 = DEFINITIONAL_REPRESENTATION('',(#4425),#4429);
#4425 = LINE('',#4426,#4427);
#4426 = CARTESIAN_POINT('',(0.,-17.));
#4427 = VECTOR('',#4428,1.);
#4428 = DIRECTION('',(1.,0.));
#4429 = ( GEOMETRIC_REPRESENTATION_CONTEXT(2) 
PARAMETRIC_REPRESENTATION_CONTEXT() REPRESENTATION_CONTEXT('2D SPACE',''
  ) );
#4430 = ORIENTED_EDGE('',*,*,#2844,.F.);
#4431 = ORIENTED_EDGE('',*,*,#3100,.T.);
#4432 = ORIENTED_EDGE('',*,*,#3148,.T.);
#4433 = ORIENTED_EDGE('',*,*,#3295,.T.);
#4434 = ORIENTED_EDGE('',*,*,#3395,.T.);
#4435 = ADVANCED_FACE('',(#4436,#4477),#2564,.T.);
#4436 = FACE_BOUND('',#4437,.T.);
#4437 = EDGE_LOOP('',(#4438,#4439,#4440,#4441,#4442,#4468,#4469,#4470,
    #4471,#4472,#4473,#4474,#4475,#4476));
#4438 = ORIENTED_EDGE('',*,*,#3968,.F.);
#4439 = ORIENTED_EDGE('',*,*,#2547,.T.);
#4440 = ORIENTED_EDGE('',*,*,#3936,.F.);
#4441 = ORIENTED_EDGE('',*,*,#2697,.F.);
#4442 = ORIENTED_EDGE('',*,*,#4443,.T.);
#4443 = EDGE_CURVE('',#2698,#2868,#4444,.T.);
#4444 = SURFACE_CURVE('',#4445,(#4450,#4461),.PCURVE_S1.);
#4445 = CIRCLE('',#4446,3.1);
#4446 = AXIS2_PLACEMENT_3D('',#4447,#4448,#4449);
#4447 = CARTESIAN_POINT('',(1.09668586407E-15,23.6,2.));
#4448 = DIRECTION('',(0.,0.,-1.));
#4449 = DIRECTION('',(1.,3.223228136009E-17,0.));
#4450 = PCURVE('',#2564,#4451);
#4451 = DEFINITIONAL_REPRESENTATION('',(#4452),#4460);
#4452 = ( BOUNDED_CURVE() B_SPLINE_CURVE(2,(#4453,#4454,#4455,#4456,
#4457,#4458,#4459),.UNSPECIFIED.,.T.,.F.) B_SPLINE_CURVE_WITH_KNOTS((1,2
    ,2,2,2,1),(-2.094395102393,0.,2.094395102393,4.188790204786,
6.28318530718,8.377580409573),.UNSPECIFIED.) CURVE() 
GEOMETRIC_REPRESENTATION_ITEM() RATIONAL_B_SPLINE_CURVE((1.,0.5,1.,0.5,
1.,0.5,1.)) REPRESENTATION_ITEM('') );
#4453 = CARTESIAN_POINT('',(3.1,23.6));
#4454 = CARTESIAN_POINT('',(3.1,18.230642496536));
#4455 = CARTESIAN_POINT('',(-1.55,20.915321248268));
#4456 = CARTESIAN_POINT('',(-6.2,23.6));
#4457 = CARTESIAN_POINT('',(-1.55,26.284678751732));
#4458 = CARTESIAN_POINT('',(3.1,28.969357503464));
#4459 = CARTESIAN_POINT('',(3.1,23.6));
#4460 = ( GEOMETRIC_REPRESENTATION_CONTEXT(2) 
PARAMETRIC_REPRESENTATION_CONTEXT() REPRESENTATION_CONTEXT('2D SPACE',''
  ) );
#4461 = PCURVE('',#2734,#4462);
#4462 = DEFINITIONAL_REPRESENTATION('',(#4463),#4467);
#4463 = LINE('',#4464,#4465);
#4464 = CARTESIAN_POINT('',(0.,-22.));
#4465 = VECTOR('',#4466,1.);
#4466 = DIRECTION('',(1.,0.));
#4467 = ( GEOMETRIC_REPRESENTATION_CONTEXT(2) 
PARAMETRIC_REPRESENTATION_CONTEXT() REPRESENTATION_CONTEXT('2D SPACE',''
  ) );
#4468 = ORIENTED_EDGE('',*,*,#2890,.F.);
#4469 = ORIENTED_EDGE('',*,*,#3872,.F.);
#4470 = ORIENTED_EDGE('',*,*,#3199,.T.);
#4471 = ORIENTED_EDGE('',*,*,#3268,.T.);
#4472 = ORIENTED_EDGE('',*,*,#3840,.F.);
#4473 = ORIENTED_EDGE('',*,*,#3494,.T.);
#4474 = ORIENTED_EDGE('',*,*,#3563,.T.);
#4475 = ORIENTED_EDGE('',*,*,#3904,.F.);
#4476 = ORIENTED_EDGE('',*,*,#2999,.T.);
#4477 = FACE_BOUND('',#4478,.T.);
#4478 = EDGE_LOOP('',(#4479));
#4479 = ORIENTED_EDGE('',*,*,#4480,.T.);
#4480 = EDGE_CURVE('',#4481,#4481,#4483,.T.);
#4481 = VERTEX_POINT('',#4482);
#4482 = CARTESIAN_POINT('',(12.,8.498032742688E-17,2.));
#4483 = SURFACE_CURVE('',#4484,(#4489,#4500),.PCURVE_S1.);
#4484 = CIRCLE('',#4485,12.);
#4485 = AXIS2_PLACEMENT_3D('',#4486,#4487,#4488);
#4486 = CARTESIAN_POINT('',(0.,0.,2.));
#4487 = DIRECTION('',(0.,0.,-1.));
#4488 = DIRECTION('',(1.,0.,0.));
#4489 = PCURVE('',#2564,#4490);
#4490 = DEFINITIONAL_REPRESENTATION('',(#4491),#4499);
#4491 = ( BOUNDED_CURVE() B_SPLINE_CURVE(2,(#4492,#4493,#4494,#4495,
#4496,#4497,#4498),.UNSPECIFIED.,.T.,.F.) B_SPLINE_CURVE_WITH_KNOTS((1,2
    ,2,2,2,1),(-2.094395102393,0.,2.094395102393,4.188790204786,
6.28318530718,8.377580409573),.UNSPECIFIED.) CURVE() 
GEOMETRIC_REPRESENTATION_ITEM() RATIONAL_B_SPLINE_CURVE((1.,0.5,1.,0.5,
1.,0.5,1.)) REPRESENTATION_ITEM('') );
#4492 = CARTESIAN_POINT('',(12.,-7.187288144848E-16));
#4493 = CARTESIAN_POINT('',(12.,-20.78460969082));
#4494 = CARTESIAN_POINT('',(-6.,-10.39230484541));
#4495 = CARTESIAN_POINT('',(-24.,-3.657881132438E-15));
#4496 = CARTESIAN_POINT('',(-6.,10.392304845413));
#4497 = CARTESIAN_POINT('',(12.,20.784609690827));
#4498 = CARTESIAN_POINT('',(12.,-7.187288144848E-16));
#4499 = ( GEOMETRIC_REPRESENTATION_CONTEXT(2) 
PARAMETRIC_REPRESENTATION_CONTEXT() REPRESENTATION_CONTEXT('2D SPACE',''
  ) );
#4500 = PCURVE('',#4501,#4506);
#4501 = CYLINDRICAL_SURFACE('',#4502,12.);
#4502 = AXIS2_PLACEMENT_3D('',#4503,#4504,#4505);
#4503 = CARTESIAN_POINT('',(0.,0.,-20.));
#4504 = DIRECTION('',(-0.,-0.,-1.));
#4505 = DIRECTION('',(1.,0.,0.));
#4506 = DEFINITIONAL_REPRESENTATION('',(#4507),#4511);
#4507 = LINE('',#4508,#4509);
#4508 = CARTESIAN_POINT('',(-6.28318530718,-22.));
#4509 = VECTOR('',#4510,1.);
#4510 = DIRECTION('',(1.,-0.));
#4511 = ( GEOMETRIC_REPRESENTATION_CONTEXT(2) 
PARAMETRIC_REPRESENTATION_CONTEXT() REPRESENTATION_CONTEXT('2D SPACE',''
  ) );
#4512 = ADVANCED_FACE('',(#4513),#2734,.F.);
#4513 = FACE_BOUND('',#4514,.F.);
#4514 = EDGE_LOOP('',(#4515,#4516,#4517,#4518,#4519,#4520,#4541,#4574));
#4515 = ORIENTED_EDGE('',*,*,#4319,.F.);
#4516 = ORIENTED_EDGE('',*,*,#2718,.T.);
#4517 = ORIENTED_EDGE('',*,*,#4443,.T.);
#4518 = ORIENTED_EDGE('',*,*,#2867,.F.);
#4519 = ORIENTED_EDGE('',*,*,#4405,.F.);
#4520 = ORIENTED_EDGE('',*,*,#4521,.F.);
#4521 = EDGE_CURVE('',#4522,#4377,#4524,.T.);
#4522 = VERTEX_POINT('',#4523);
#4523 = CARTESIAN_POINT('',(-1.432536316735,20.850847457627,0.));
#4524 = SURFACE_CURVE('',#4525,(#4529,#4535),.PCURVE_S1.);
#4525 = LINE('',#4526,#4527);
#4526 = CARTESIAN_POINT('',(-1.432536316735,20.850847457627,-3.));
#4527 = VECTOR('',#4528,1.);
#4528 = DIRECTION('',(-0.,-0.,-1.));
#4529 = PCURVE('',#2734,#4530);
#4530 = DEFINITIONAL_REPRESENTATION('',(#4531),#4534);
#4531 = B_SPLINE_CURVE_WITH_KNOTS('',1,(#4532,#4533),.UNSPECIFIED.,.F.,
  .F.,(2,2),(-3.0000006,5.999999999062E-07),.PIECEWISE_BEZIER_KNOTS.);
#4532 = CARTESIAN_POINT('',(2.051167631702,-20.0000006));
#4533 = CARTESIAN_POINT('',(2.051167631702,-16.9999994));
#4534 = ( GEOMETRIC_REPRESENTATION_CONTEXT(2) 
PARAMETRIC_REPRESENTATION_CONTEXT() REPRESENTATION_CONTEXT('2D SPACE',''
  ) );
#4535 = PCURVE('',#4393,#4536);
#4536 = DEFINITIONAL_REPRESENTATION('',(#4537),#4540);
#4537 = B_SPLINE_CURVE_WITH_KNOTS('',1,(#4538,#4539),.UNSPECIFIED.,.F.,
  .F.,(2,2),(-3.0000006,5.999999999062E-07),.PIECEWISE_BEZIER_KNOTS.);
#4538 = CARTESIAN_POINT('',(-1.639392517486,-3.0000006));
#4539 = CARTESIAN_POINT('',(-1.639392517486,5.999999999062E-07));
#4540 = ( GEOMETRIC_REPRESENTATION_CONTEXT(2) 
PARAMETRIC_REPRESENTATION_CONTEXT() REPRESENTATION_CONTEXT('2D SPACE',''
  ) );
#4541 = ORIENTED_EDGE('',*,*,#4542,.F.);
#4542 = EDGE_CURVE('',#4543,#4522,#4545,.T.);
#4543 = VERTEX_POINT('',#4544);
#4544 = CARTESIAN_POINT('',(1.432536316735,20.850847457627,0.));
#4545 = SURFACE_CURVE('',#4546,(#4551,#4558),.PCURVE_S1.);
#4546 = CIRCLE('',#4547,3.1);
#4547 = AXIS2_PLACEMENT_3D('',#4548,#4549,#4550);
#4548 = CARTESIAN_POINT('',(1.09668586407E-15,23.6,0.));
#4549 = DIRECTION('',(0.,0.,-1.));
#4550 = DIRECTION('',(1.,3.223228136009E-17,0.));
#4551 = PCURVE('',#2734,#4552);
#4552 = DEFINITIONAL_REPRESENTATION('',(#4553),#4557);
#4553 = LINE('',#4554,#4555);
#4554 = CARTESIAN_POINT('',(0.,-20.));
#4555 = VECTOR('',#4556,1.);
#4556 = DIRECTION('',(1.,0.));
#4557 = ( GEOMETRIC_REPRESENTATION_CONTEXT(2) 
PARAMETRIC_REPRESENTATION_CONTEXT() REPRESENTATION_CONTEXT('2D SPACE',''
  ) );
#4558 = PCURVE('',#4559,#4564);
#4559 = PLANE('',#4560);
#4560 = AXIS2_PLACEMENT_3D('',#4561,#4562,#4563);
#4561 = CARTESIAN_POINT('',(-2.734880265079E-15,1.687072141469E-15,0.));
#4562 = DIRECTION('',(0.,0.,1.));
#4563 = DIRECTION('',(1.,0.,-0.));
#4564 = DEFINITIONAL_REPRESENTATION('',(#4565),#4573);
#4565 = ( BOUNDED_CURVE() B_SPLINE_CURVE(2,(#4566,#4567,#4568,#4569,
#4570,#4571,#4572),.UNSPECIFIED.,.T.,.F.) B_SPLINE_CURVE_WITH_KNOTS((1,2
    ,2,2,2,1),(-2.094395102393,0.,2.094395102393,4.188790204786,
6.28318530718,8.377580409573),.UNSPECIFIED.) CURVE() 
GEOMETRIC_REPRESENTATION_ITEM() RATIONAL_B_SPLINE_CURVE((1.,0.5,1.,0.5,
1.,0.5,1.)) REPRESENTATION_ITEM('') );
#4566 = CARTESIAN_POINT('',(3.1,23.6));
#4567 = CARTESIAN_POINT('',(3.1,18.230642496536));
#4568 = CARTESIAN_POINT('',(-1.55,20.915321248268));
#4569 = CARTESIAN_POINT('',(-6.2,23.6));
#4570 = CARTESIAN_POINT('',(-1.55,26.284678751732));
#4571 = CARTESIAN_POINT('',(3.1,28.969357503464));
#4572 = CARTESIAN_POINT('',(3.1,23.6));
#4573 = ( GEOMETRIC_REPRESENTATION_CONTEXT(2) 
PARAMETRIC_REPRESENTATION_CONTEXT() REPRESENTATION_CONTEXT('2D SPACE',''
  ) );
#4574 = ORIENTED_EDGE('',*,*,#4575,.T.);
#4575 = EDGE_CURVE('',#4543,#4320,#4576,.T.);
#4576 = SURFACE_CURVE('',#4577,(#4581,#4587),.PCURVE_S1.);
#4577 = LINE('',#4578,#4579);
#4578 = CARTESIAN_POINT('',(1.432536316735,20.850847457627,-3.));
#4579 = VECTOR('',#4580,1.);
#4580 = DIRECTION('',(-0.,-0.,-1.));
#4581 = PCURVE('',#2734,#4582);
#4582 = DEFINITIONAL_REPRESENTATION('',(#4583),#4586);
#4583 = B_SPLINE_CURVE_WITH_KNOTS('',1,(#4584,#4585),.UNSPECIFIED.,.F.,
  .F.,(2,2),(-3.0000006,5.999999999062E-07),.PIECEWISE_BEZIER_KNOTS.);
#4584 = CARTESIAN_POINT('',(1.090425021888,-20.0000006));
#4585 = CARTESIAN_POINT('',(1.090425021888,-16.9999994));
#4586 = ( GEOMETRIC_REPRESENTATION_CONTEXT(2) 
PARAMETRIC_REPRESENTATION_CONTEXT() REPRESENTATION_CONTEXT('2D SPACE',''
  ) );
#4587 = PCURVE('',#4364,#4588);
#4588 = DEFINITIONAL_REPRESENTATION('',(#4589),#4592);
#4589 = B_SPLINE_CURVE_WITH_KNOTS('',1,(#4590,#4591),.UNSPECIFIED.,.F.,
  .F.,(2,2),(-3.0000006,5.999999999062E-07),.PIECEWISE_BEZIER_KNOTS.);
#4590 = CARTESIAN_POINT('',(-1.502200136104,-3.0000006));
#4591 = CARTESIAN_POINT('',(-1.502200136104,5.999999999062E-07));
#4592 = ( GEOMETRIC_REPRESENTATION_CONTEXT(2) 
PARAMETRIC_REPRESENTATION_CONTEXT() REPRESENTATION_CONTEXT('2D SPACE',''
  ) );
#4593 = ADVANCED_FACE('',(#4594),#4393,.F.);
#4594 = FACE_BOUND('',#4595,.T.);
#4595 = EDGE_LOOP('',(#4596,#4620,#4641,#4642));
#4596 = ORIENTED_EDGE('',*,*,#4597,.T.);
#4597 = EDGE_CURVE('',#4522,#4598,#4600,.T.);
#4598 = VERTEX_POINT('',#4599);
#4599 = CARTESIAN_POINT('',(20.9,-8.628779536711E-16,0.));
#4600 = SURFACE_CURVE('',#4601,(#4606,#4613),.PCURVE_S1.);
#4601 = CIRCLE('',#4602,20.9);
#4602 = AXIS2_PLACEMENT_3D('',#4603,#4604,#4605);
#4603 = CARTESIAN_POINT('',(1.191989025406E-13,-8.628779536711E-16,0.));
#4604 = DIRECTION('',(0.,0.,1.));
#4605 = DIRECTION('',(1.,0.,0.));
#4606 = PCURVE('',#4393,#4607);
#4607 = DEFINITIONAL_REPRESENTATION('',(#4608),#4612);
#4608 = LINE('',#4609,#4610);
#4609 = CARTESIAN_POINT('',(-0.,-3.));
#4610 = VECTOR('',#4611,1.);
#4611 = DIRECTION('',(-1.,0.));
#4612 = ( GEOMETRIC_REPRESENTATION_CONTEXT(2) 
PARAMETRIC_REPRESENTATION_CONTEXT() REPRESENTATION_CONTEXT('2D SPACE',''
  ) );
#4613 = PCURVE('',#4559,#4614);
#4614 = DEFINITIONAL_REPRESENTATION('',(#4615),#4619);
#4615 = CIRCLE('',#4616,20.9);
#4616 = AXIS2_PLACEMENT_2D('',#4617,#4618);
#4617 = CARTESIAN_POINT('',(1.219337828056E-13,-2.549950095141E-15));
#4618 = DIRECTION('',(1.,0.));
#4619 = ( GEOMETRIC_REPRESENTATION_CONTEXT(2) 
PARAMETRIC_REPRESENTATION_CONTEXT() REPRESENTATION_CONTEXT('2D SPACE',''
  ) );
#4620 = ORIENTED_EDGE('',*,*,#4621,.F.);
#4621 = EDGE_CURVE('',#4348,#4598,#4622,.T.);
#4622 = SURFACE_CURVE('',#4623,(#4627,#4634),.PCURVE_S1.);
#4623 = LINE('',#4624,#4625);
#4624 = CARTESIAN_POINT('',(20.9,-8.628779536711E-16,-3.));
#4625 = VECTOR('',#4626,1.);
#4626 = DIRECTION('',(0.,0.,1.));
#4627 = PCURVE('',#4393,#4628);
#4628 = DEFINITIONAL_REPRESENTATION('',(#4629),#4633);
#4629 = LINE('',#4630,#4631);
#4630 = CARTESIAN_POINT('',(-6.28318530718,0.));
#4631 = VECTOR('',#4632,1.);
#4632 = DIRECTION('',(-0.,-1.));
#4633 = ( GEOMETRIC_REPRESENTATION_CONTEXT(2) 
PARAMETRIC_REPRESENTATION_CONTEXT() REPRESENTATION_CONTEXT('2D SPACE',''
  ) );
#4634 = PCURVE('',#4364,#4635);
#4635 = DEFINITIONAL_REPRESENTATION('',(#4636),#4640);
#4636 = LINE('',#4637,#4638);
#4637 = CARTESIAN_POINT('',(-0.,0.));
#4638 = VECTOR('',#4639,1.);
#4639 = DIRECTION('',(-0.,-1.));
#4640 = ( GEOMETRIC_REPRESENTATION_CONTEXT(2) 
PARAMETRIC_REPRESENTATION_CONTEXT() REPRESENTATION_CONTEXT('2D SPACE',''
  ) );
#4641 = ORIENTED_EDGE('',*,*,#4376,.F.);
#4642 = ORIENTED_EDGE('',*,*,#4521,.F.);
#4643 = ADVANCED_FACE('',(#4644),#4364,.F.);
#4644 = FACE_BOUND('',#4645,.T.);
#4645 = EDGE_LOOP('',(#4646,#4647,#4648,#4670));
#4646 = ORIENTED_EDGE('',*,*,#4347,.F.);
#4647 = ORIENTED_EDGE('',*,*,#4621,.T.);
#4648 = ORIENTED_EDGE('',*,*,#4649,.T.);
#4649 = EDGE_CURVE('',#4598,#4543,#4650,.T.);
#4650 = SURFACE_CURVE('',#4651,(#4656,#4663),.PCURVE_S1.);
#4651 = CIRCLE('',#4652,20.9);
#4652 = AXIS2_PLACEMENT_3D('',#4653,#4654,#4655);
#4653 = CARTESIAN_POINT('',(1.191989025406E-13,-8.628779536711E-16,0.));
#4654 = DIRECTION('',(0.,0.,1.));
#4655 = DIRECTION('',(1.,0.,0.));
#4656 = PCURVE('',#4364,#4657);
#4657 = DEFINITIONAL_REPRESENTATION('',(#4658),#4662);
#4658 = LINE('',#4659,#4660);
#4659 = CARTESIAN_POINT('',(-0.,-3.));
#4660 = VECTOR('',#4661,1.);
#4661 = DIRECTION('',(-1.,0.));
#4662 = ( GEOMETRIC_REPRESENTATION_CONTEXT(2) 
PARAMETRIC_REPRESENTATION_CONTEXT() REPRESENTATION_CONTEXT('2D SPACE',''
  ) );
#4663 = PCURVE('',#4559,#4664);
#4664 = DEFINITIONAL_REPRESENTATION('',(#4665),#4669);
#4665 = CIRCLE('',#4666,20.9);
#4666 = AXIS2_PLACEMENT_2D('',#4667,#4668);
#4667 = CARTESIAN_POINT('',(1.219337828056E-13,-2.549950095141E-15));
#4668 = DIRECTION('',(1.,0.));
#4669 = ( GEOMETRIC_REPRESENTATION_CONTEXT(2) 
PARAMETRIC_REPRESENTATION_CONTEXT() REPRESENTATION_CONTEXT('2D SPACE',''
  ) );
#4670 = ORIENTED_EDGE('',*,*,#4575,.T.);
#4671 = ADVANCED_FACE('',(#4672),#4501,.F.);
#4672 = FACE_BOUND('',#4673,.T.);
#4673 = EDGE_LOOP('',(#4674,#4675,#4698,#4725));
#4674 = ORIENTED_EDGE('',*,*,#4480,.F.);
#4675 = ORIENTED_EDGE('',*,*,#4676,.T.);
#4676 = EDGE_CURVE('',#4481,#4677,#4679,.T.);
#4677 = VERTEX_POINT('',#4678);
#4678 = CARTESIAN_POINT('',(12.,2.124508185672E-16,-4.));
#4679 = SEAM_CURVE('',#4680,(#4684,#4691),.PCURVE_S1.);
#4680 = LINE('',#4681,#4682);
#4681 = CARTESIAN_POINT('',(12.,0.,6.));
#4682 = VECTOR('',#4683,1.);
#4683 = DIRECTION('',(7.638334409421E-15,2.124508185672E-17,-1.));
#4684 = PCURVE('',#4501,#4685);
#4685 = DEFINITIONAL_REPRESENTATION('',(#4686),#4690);
#4686 = LINE('',#4687,#4688);
#4687 = CARTESIAN_POINT('',(-0.,-26.));
#4688 = VECTOR('',#4689,1.);
#4689 = DIRECTION('',(0.,1.));
#4690 = ( GEOMETRIC_REPRESENTATION_CONTEXT(2) 
PARAMETRIC_REPRESENTATION_CONTEXT() REPRESENTATION_CONTEXT('2D SPACE',''
  ) );
#4691 = PCURVE('',#4501,#4692);
#4692 = DEFINITIONAL_REPRESENTATION('',(#4693),#4697);
#4693 = LINE('',#4694,#4695);
#4694 = CARTESIAN_POINT('',(-6.28318530718,-26.));
#4695 = VECTOR('',#4696,1.);
#4696 = DIRECTION('',(0.,1.));
#4697 = ( GEOMETRIC_REPRESENTATION_CONTEXT(2) 
PARAMETRIC_REPRESENTATION_CONTEXT() REPRESENTATION_CONTEXT('2D SPACE',''
  ) );
#4698 = ORIENTED_EDGE('',*,*,#4699,.F.);
#4699 = EDGE_CURVE('',#4677,#4677,#4700,.T.);
#4700 = SURFACE_CURVE('',#4701,(#4706,#4713),.PCURVE_S1.);
#4701 = CIRCLE('',#4702,12.);
#4702 = AXIS2_PLACEMENT_3D('',#4703,#4704,#4705);
#4703 = CARTESIAN_POINT('',(7.555092137322E-14,2.124508185672E-16,-4.));
#4704 = DIRECTION('',(0.,0.,1.));
#4705 = DIRECTION('',(1.,0.,0.));
#4706 = PCURVE('',#4501,#4707);
#4707 = DEFINITIONAL_REPRESENTATION('',(#4708),#4712);
#4708 = LINE('',#4709,#4710);
#4709 = CARTESIAN_POINT('',(-0.,-16.));
#4710 = VECTOR('',#4711,1.);
#4711 = DIRECTION('',(-1.,0.));
#4712 = ( GEOMETRIC_REPRESENTATION_CONTEXT(2) 
PARAMETRIC_REPRESENTATION_CONTEXT() REPRESENTATION_CONTEXT('2D SPACE',''
  ) );
#4713 = PCURVE('',#4714,#4719);
#4714 = PLANE('',#4715);
#4715 = AXIS2_PLACEMENT_3D('',#4716,#4717,#4718);
#4716 = CARTESIAN_POINT('',(-6.990109303716E-16,7.59164447188E-16,-4.));
#4717 = DIRECTION('',(0.,0.,1.));
#4718 = DIRECTION('',(1.,0.,-0.));
#4719 = DEFINITIONAL_REPRESENTATION('',(#4720),#4724);
#4720 = CIRCLE('',#4721,12.);
#4721 = AXIS2_PLACEMENT_2D('',#4722,#4723);
#4722 = CARTESIAN_POINT('',(7.62499323036E-14,-5.467136286208E-16));
#4723 = DIRECTION('',(1.,0.));
#4724 = ( GEOMETRIC_REPRESENTATION_CONTEXT(2) 
PARAMETRIC_REPRESENTATION_CONTEXT() REPRESENTATION_CONTEXT('2D SPACE',''
  ) );
#4725 = ORIENTED_EDGE('',*,*,#4676,.F.);
#4726 = ADVANCED_FACE('',(#4727,#4732),#4559,.F.);
#4727 = FACE_BOUND('',#4728,.F.);
#4728 = EDGE_LOOP('',(#4729,#4730,#4731));
#4729 = ORIENTED_EDGE('',*,*,#4597,.T.);
#4730 = ORIENTED_EDGE('',*,*,#4649,.T.);
#4731 = ORIENTED_EDGE('',*,*,#4542,.T.);
#4732 = FACE_BOUND('',#4733,.F.);
#4733 = EDGE_LOOP('',(#4734));
#4734 = ORIENTED_EDGE('',*,*,#4735,.F.);
#4735 = EDGE_CURVE('',#4736,#4736,#4738,.T.);
#4736 = VERTEX_POINT('',#4737);
#4737 = CARTESIAN_POINT('',(15.65,0.,0.));
#4738 = SURFACE_CURVE('',#4739,(#4744,#4751),.PCURVE_S1.);
#4739 = CIRCLE('',#4740,15.65);
#4740 = AXIS2_PLACEMENT_3D('',#4741,#4742,#4743);
#4741 = CARTESIAN_POINT('',(0.,0.,0.));
#4742 = DIRECTION('',(0.,0.,1.));
#4743 = DIRECTION('',(1.,0.,0.));
#4744 = PCURVE('',#4559,#4745);
#4745 = DEFINITIONAL_REPRESENTATION('',(#4746),#4750);
#4746 = CIRCLE('',#4747,15.65);
#4747 = AXIS2_PLACEMENT_2D('',#4748,#4749);
#4748 = CARTESIAN_POINT('',(2.734880265079E-15,-1.687072141469E-15));
#4749 = DIRECTION('',(1.,0.));
#4750 = ( GEOMETRIC_REPRESENTATION_CONTEXT(2) 
PARAMETRIC_REPRESENTATION_CONTEXT() REPRESENTATION_CONTEXT('2D SPACE',''
  ) );
#4751 = PCURVE('',#4752,#4757);
#4752 = CYLINDRICAL_SURFACE('',#4753,15.65);
#4753 = AXIS2_PLACEMENT_3D('',#4754,#4755,#4756);
#4754 = CARTESIAN_POINT('',(0.,0.,-4.));
#4755 = DIRECTION('',(-0.,-0.,-1.));
#4756 = DIRECTION('',(1.,0.,0.));
#4757 = DEFINITIONAL_REPRESENTATION('',(#4758),#4762);
#4758 = LINE('',#4759,#4760);
#4759 = CARTESIAN_POINT('',(-0.,-4.));
#4760 = VECTOR('',#4761,1.);
#4761 = DIRECTION('',(-1.,0.));
#4762 = ( GEOMETRIC_REPRESENTATION_CONTEXT(2) 
PARAMETRIC_REPRESENTATION_CONTEXT() REPRESENTATION_CONTEXT('2D SPACE',''
  ) );
#4763 = ADVANCED_FACE('',(#4764,#4795),#4714,.F.);
#4764 = FACE_BOUND('',#4765,.F.);
#4765 = EDGE_LOOP('',(#4766));
#4766 = ORIENTED_EDGE('',*,*,#4767,.T.);
#4767 = EDGE_CURVE('',#4768,#4768,#4770,.T.);
#4768 = VERTEX_POINT('',#4769);
#4769 = CARTESIAN_POINT('',(14.85,0.,-4.));
#4770 = SURFACE_CURVE('',#4771,(#4776,#4783),.PCURVE_S1.);
#4771 = CIRCLE('',#4772,14.85);
#4772 = AXIS2_PLACEMENT_3D('',#4773,#4774,#4775);
#4773 = CARTESIAN_POINT('',(0.,0.,-4.));
#4774 = DIRECTION('',(0.,0.,1.));
#4775 = DIRECTION('',(1.,0.,-0.));
#4776 = PCURVE('',#4714,#4777);
#4777 = DEFINITIONAL_REPRESENTATION('',(#4778),#4782);
#4778 = CIRCLE('',#4779,14.85);
#4779 = AXIS2_PLACEMENT_2D('',#4780,#4781);
#4780 = CARTESIAN_POINT('',(6.990109303716E-16,-7.59164447188E-16));
#4781 = DIRECTION('',(1.,0.));
#4782 = ( GEOMETRIC_REPRESENTATION_CONTEXT(2) 
PARAMETRIC_REPRESENTATION_CONTEXT() REPRESENTATION_CONTEXT('2D SPACE',''
  ) );
#4783 = PCURVE('',#4784,#4789);
#4784 = CONICAL_SURFACE('',#4785,15.65,0.785398163397);
#4785 = AXIS2_PLACEMENT_3D('',#4786,#4787,#4788);
#4786 = CARTESIAN_POINT('',(0.,0.,-3.2));
#4787 = DIRECTION('',(0.,0.,1.));
#4788 = DIRECTION('',(1.,0.,-0.));
#4789 = DEFINITIONAL_REPRESENTATION('',(#4790),#4794);
#4790 = LINE('',#4791,#4792);
#4791 = CARTESIAN_POINT('',(0.,-0.8));
#4792 = VECTOR('',#4793,1.);
#4793 = DIRECTION('',(1.,-0.));
#4794 = ( GEOMETRIC_REPRESENTATION_CONTEXT(2) 
PARAMETRIC_REPRESENTATION_CONTEXT() REPRESENTATION_CONTEXT('2D SPACE',''
  ) );
#4795 = FACE_BOUND('',#4796,.F.);
#4796 = EDGE_LOOP('',(#4797));
#4797 = ORIENTED_EDGE('',*,*,#4699,.F.);
#4798 = ADVANCED_FACE('',(#4799),#4752,.T.);
#4799 = FACE_BOUND('',#4800,.F.);
#4800 = EDGE_LOOP('',(#4801,#4824,#4825,#4826));
#4801 = ORIENTED_EDGE('',*,*,#4802,.T.);
#4802 = EDGE_CURVE('',#4803,#4736,#4805,.T.);
#4803 = VERTEX_POINT('',#4804);
#4804 = CARTESIAN_POINT('',(15.65,0.,-3.2));
#4805 = SEAM_CURVE('',#4806,(#4810,#4817),.PCURVE_S1.);
#4806 = LINE('',#4807,#4808);
#4807 = CARTESIAN_POINT('',(15.65,0.,-4.));
#4808 = VECTOR('',#4809,1.);
#4809 = DIRECTION('',(0.,0.,1.));
#4810 = PCURVE('',#4752,#4811);
#4811 = DEFINITIONAL_REPRESENTATION('',(#4812),#4816);
#4812 = LINE('',#4813,#4814);
#4813 = CARTESIAN_POINT('',(-0.,0.));
#4814 = VECTOR('',#4815,1.);
#4815 = DIRECTION('',(-0.,-1.));
#4816 = ( GEOMETRIC_REPRESENTATION_CONTEXT(2) 
PARAMETRIC_REPRESENTATION_CONTEXT() REPRESENTATION_CONTEXT('2D SPACE',''
  ) );
#4817 = PCURVE('',#4752,#4818);
#4818 = DEFINITIONAL_REPRESENTATION('',(#4819),#4823);
#4819 = LINE('',#4820,#4821);
#4820 = CARTESIAN_POINT('',(-6.28318530718,0.));
#4821 = VECTOR('',#4822,1.);
#4822 = DIRECTION('',(-0.,-1.));
#4823 = ( GEOMETRIC_REPRESENTATION_CONTEXT(2) 
PARAMETRIC_REPRESENTATION_CONTEXT() REPRESENTATION_CONTEXT('2D SPACE',''
  ) );
#4824 = ORIENTED_EDGE('',*,*,#4735,.T.);
#4825 = ORIENTED_EDGE('',*,*,#4802,.F.);
#4826 = ORIENTED_EDGE('',*,*,#4827,.F.);
#4827 = EDGE_CURVE('',#4803,#4803,#4828,.T.);
#4828 = SURFACE_CURVE('',#4829,(#4834,#4841),.PCURVE_S1.);
#4829 = CIRCLE('',#4830,15.65);
#4830 = AXIS2_PLACEMENT_3D('',#4831,#4832,#4833);
#4831 = CARTESIAN_POINT('',(0.,0.,-3.2));
#4832 = DIRECTION('',(0.,0.,1.));
#4833 = DIRECTION('',(1.,0.,-0.));
#4834 = PCURVE('',#4752,#4835);
#4835 = DEFINITIONAL_REPRESENTATION('',(#4836),#4840);
#4836 = LINE('',#4837,#4838);
#4837 = CARTESIAN_POINT('',(-0.,-0.8));
#4838 = VECTOR('',#4839,1.);
#4839 = DIRECTION('',(-1.,0.));
#4840 = ( GEOMETRIC_REPRESENTATION_CONTEXT(2) 
PARAMETRIC_REPRESENTATION_CONTEXT() REPRESENTATION_CONTEXT('2D SPACE',''
  ) );
#4841 = PCURVE('',#4784,#4842);
#4842 = DEFINITIONAL_REPRESENTATION('',(#4843),#4847);
#4843 = LINE('',#4844,#4845);
#4844 = CARTESIAN_POINT('',(0.,-0.));
#4845 = VECTOR('',#4846,1.);
#4846 = DIRECTION('',(1.,-0.));
#4847 = ( GEOMETRIC_REPRESENTATION_CONTEXT(2) 
PARAMETRIC_REPRESENTATION_CONTEXT() REPRESENTATION_CONTEXT('2D SPACE',''
  ) );
#4848 = ADVANCED_FACE('',(#4849),#4784,.T.);
#4849 = FACE_BOUND('',#4850,.F.);
#4850 = EDGE_LOOP('',(#4851,#4870,#4871,#4872));
#4851 = ORIENTED_EDGE('',*,*,#4852,.F.);
#4852 = EDGE_CURVE('',#4803,#4768,#4853,.T.);
#4853 = SEAM_CURVE('',#4854,(#4858,#4864),.PCURVE_S1.);
#4854 = LINE('',#4855,#4856);
#4855 = CARTESIAN_POINT('',(15.65,0.,-3.2));
#4856 = VECTOR('',#4857,1.);
#4857 = DIRECTION('',(-0.707106781187,-0.,-0.707106781187));
#4858 = PCURVE('',#4784,#4859);
#4859 = DEFINITIONAL_REPRESENTATION('',(#4860),#4863);
#4860 = B_SPLINE_CURVE_WITH_KNOTS('',1,(#4861,#4862),.UNSPECIFIED.,.F.,
  .F.,(2,2),(0.,1.131370849898),.PIECEWISE_BEZIER_KNOTS.);
#4861 = CARTESIAN_POINT('',(0.,0.));
#4862 = CARTESIAN_POINT('',(0.,-0.8));
#4863 = ( GEOMETRIC_REPRESENTATION_CONTEXT(2) 
PARAMETRIC_REPRESENTATION_CONTEXT() REPRESENTATION_CONTEXT('2D SPACE',''
  ) );
#4864 = PCURVE('',#4784,#4865);
#4865 = DEFINITIONAL_REPRESENTATION('',(#4866),#4869);
#4866 = B_SPLINE_CURVE_WITH_KNOTS('',1,(#4867,#4868),.UNSPECIFIED.,.F.,
  .F.,(2,2),(0.,1.131370849898),.PIECEWISE_BEZIER_KNOTS.);
#4867 = CARTESIAN_POINT('',(6.28318530718,0.));
#4868 = CARTESIAN_POINT('',(6.28318530718,-0.8));
#4869 = ( GEOMETRIC_REPRESENTATION_CONTEXT(2) 
PARAMETRIC_REPRESENTATION_CONTEXT() REPRESENTATION_CONTEXT('2D SPACE',''
  ) );
#4870 = ORIENTED_EDGE('',*,*,#4827,.T.);
#4871 = ORIENTED_EDGE('',*,*,#4852,.T.);
#4872 = ORIENTED_EDGE('',*,*,#4767,.F.);
#4873 = ( GEOMETRIC_REPRESENTATION_CONTEXT(3) 
GLOBAL_UNCERTAINTY_ASSIGNED_CONTEXT((#4877)) 
GLOBAL_UNIT_ASSIGNED_CONTEXT((#4874,#4875,#4876)) REPRESENTATION_CONTEXT
('Context #1','3D Context with UNIT and UNCERTAINTY') );
#4874 = ( LENGTH_UNIT() NAMED_UNIT(*) SI_UNIT(.MILLI.,.METRE.) );
#4875 = ( NAMED_UNIT(*) PLANE_ANGLE_UNIT() SI_UNIT($,.RADIAN.) );
#4876 = ( NAMED_UNIT(*) SI_UNIT($,.STERADIAN.) SOLID_ANGLE_UNIT() );
#4877 = UNCERTAINTY_MEASURE_WITH_UNIT(LENGTH_MEASURE(1.E-07),#4874,
  'distance_accuracy_value','confusion accuracy');
#4878 = PRODUCT_RELATED_PRODUCT_CATEGORY('part',$,(#7));
ENDSEC;
END-ISO-10303-21;
